,,,,,,,,,,,,,,,,,,,,,,,,
,,,,,,BUSQUEDA,,,,,,,,,,,,,,,,,
,,,,,,,,,,,,,,,,,,,,,,,,
,,,,,,,,,,,,,,,,,,,,,,,,
,ONLINE,INTERNACIONAL,PROVEEDOR,PAIS,ESTADO,MUNICIPIO,LOGO,CATEGORIA,ID,NOMBRE DE LA EMPRESA,HASHTAGS,PROMO,WHATSAPP,FACEBOOK,INSTAGRAM,TIKTOK,TWITTER,WECHAT,WEIBO,RED,DOUYIN,LINE,KAKAOTALK,SITIO WEB,TIPO_DE_SOCIO
1,También Online,SI,SI,México,Ciudad de México,Ciudad de México,,Cosmética y Cuidado Personal,A001,Aphotecary 99,#cosmeticanatural #skincarevegano #cleanbeauty #hechoenmexico,Envío gratis en compras mayores a $999 MXN,https://wa.me/525540128934,https://www.facebook.com/aphotecary99,https://www.instagram.com/aphotecary99,https://www.tiktok.com/@aphotecary99,,,,,,,,https://aphotecary99.com,
2,También Online,SI,SI,México,Jalisco,Guadalajara,,Joyería y Accesorios,A002,Mackech Jewelry,#joyeriamexicana #plata925 #diseñodejoyas #altajoyeria,10% de descuento en primera compra al suscribirte al newsletter,https://wa.me/523315208477,https://www.facebook.com/MackechJewelry,https://www.instagram.com/mackechjewelry,https://www.tiktok.com/@mackechjewelry,,,,,,,,https://mackech.com,
3,También Online,SI,SI,México,Ciudad de México,Ciudad de México,,Cosmética y Cuidado Personal,A003,Ere Perez México,#ereperez #maquillajenatural #cleanmakeup #crueltyfree,"Envío gratis en compras superiores a $1,200 MXN",https://wa.me/525561029845,https://www.facebook.com/ereperezmx,https://www.instagram.com/ereperezmx,https://www.tiktok.com/@ereperezcosmetics,,,,,,,,https://ereperez.mx,
4,También Online,SI,SI,México,Ciudad de México,Ciudad de México,,Moda y Textil,A004,Carla Fernández,#carlafernandez #modamexicana #slowfashion #artesanal,"Envío estándar sin costo nacional a partir de $3,500 MXN",https://wa.me/525552648098,https://www.facebook.com/carlafernandezmx,https://www.instagram.com/carlafernandezmx,https://www.tiktok.com/@carlafernandezcasa,,,,,,,,https://carlafernandez.com,
5,También Online,SI,SI,México,Jalisco,Guadalajara,,Calzado y Marroquinería,A005,Mila Milu,#zapatosartesanales #hechoenmexico #calzadofemenino #leathercraft,"3 y 6 meses sin intereses en compras mínimas de $2,500 MXN",https://wa.me/523338094512,https://www.facebook.com/milamilushoes,https://www.instagram.com/milamilu_,https://www.tiktok.com/@milamilumx,,,,,,,,https://milamilu.com,
6,También Online,SI,NO,México,Nuevo León,Monterrey,,Cosmética y Cuidado Personal,A006,Raw Apothecary,#skincarenatural #rawapothecary #botanicalskincare #bellezanatural,15% de descuento en tu primer pedido con código BIENVENIDA,https://wa.me/528119853240,https://www.facebook.com/rawapothecary,https://www.instagram.com/rawapothecary,https://www.tiktok.com/@rawapothecary,,,,,,,,https://rawapothecary.com,
7,También Online,SI,SI,México,Ciudad de México,Ciudad de México,,Cosmética y Cuidado Personal,A007,Botanicus,#botanicus #aromaterapia #bienestarorganico #cuidadopersonal,Envío gratis a todo el país en pedidos de $899 MXN o más,https://wa.me/525578912304,https://www.facebook.com/botanicusmx,https://www.instagram.com/botanicusmx,https://www.tiktok.com/@botanicusmx,,,,,,,,https://botanicus.com.mx,
8,También Online,SI,SI,México,Jalisco,Guadalajara,,Cosmética y Cuidado Personal,A008,Kuru Cosmetics,#kuru #esmaltesveganos #toxicfree #crueltyfreebeauty,Envío gratis nacional en compras desde $650 MXN,https://wa.me/523321980045,https://www.facebook.com/kurucosmetics,https://www.instagram.com/kurucosmetics,https://www.tiktok.com/@kurucosmetics,,,,,,,,https://kuru.mx,
9,También Online,SI,SI,México,Ciudad de México,Ciudad de México,,Moda y Textil,A009,Yakampot,#yakampot #diseñomexicano #textilesindigenas #slowfashionmx,Envío internacional gratuito en compras mayores a $250 USD,https://wa.me/525514256789,https://www.facebook.com/yakampot,https://www.instagram.com/yakampot,https://www.tiktok.com/@yakampotmx,,,,,,,,https://yakampot.com,
10,También Online,SI,SI,México,Yucatán,Mérida,,Moda y Accesorios,A010,Kuna Maya,#artesaniayucateca #hechoenmexico #bolsosartesanales #slowfashion,10% de descuento en registro web para tu primera orden,https://wa.me/529994509123,https://www.facebook.com/kunamayamex,https://www.instagram.com/kunamaya,https://www.tiktok.com/@kunamaya_mx,,,,,,,,https://kunamaya.com,
11,También Online,SI,SI,México,Jalisco,Zapopan,,Joyería y Accesorios,A011,Mariana Barranco,#joyeriadeautor #platafina #diseñodejoyeria #handmadejewelry,"Envío asegurado gratis a partir de $1,800 MXN",https://wa.me/523314789021,https://www.facebook.com/marianabarrancojewelry,https://www.instagram.com/marianabarrancojewelry,https://www.tiktok.com/@marianabarrancojw,,,,,,,,https://marianabarranco.com,
12,También Online,SI,NO,México,Ciudad de México,Ciudad de México,,Cosmética y Cuidado Personal,A012,Bissú,#bissucosmetics #maquillajeeconomico #colorfullife #bissumx,Envío gratis en compras a partir de $599 MXN,https://wa.me/525580004567,https://www.facebook.com/BissuCosmetics,https://www.instagram.com/bissucosmeticsmx,https://www.tiktok.com/@bissucosmetics,,,,,,,,https://www.bissu.com,
13,También Online,SI,SI,México,Guanajuato,León,,Calzado y Marroquinería,A013,Cuadra Tradición,#botasvaqueras #cuadra #pielartesanal #marroquineria,"Envío nacional sin costo en compras mínimas de $1,990 MXN",https://wa.me/524773456789,https://www.facebook.com/CuadraOficial,https://www.instagram.com/cuadralifestyle,https://www.tiktok.com/@cuadraoficial,,,,,,,,https://cuadra.com.mx,
14,También Online,SI,SI,México,Ciudad de México,Ciudad de México,,Decoración del Hogar,A014,Onora Casa,#onoracasa #diseñomexicano #decoraciondeinteriores #textilesmexicanos,15% de descuento en colecciones de temporada seleccionadas,https://wa.me/525552803456,https://www.facebook.com/onoracasa,https://www.instagram.com/onoracasa,https://www.tiktok.com/@onoracasa,,,,,,,,https://onoracasa.com,
15,También Online,SI,SI,México,Nuevo León,San Pedro Garza García,,Joyería y Accesorios,A015,Gabriela Sánchez Joyas,#gabrielasanchez #joyeriaplata #hechoenmexico #artjewelry,"Envío gratis en pedidos de joyería fina superiores a $2,200 MXN",https://wa.me/528183567890,https://www.facebook.com/gabrielasanchezjoyas,https://www.instagram.com/gabrielasanchezjoyas,https://www.tiktok.com/@gabrielasanchezjoyeria,,,,,,,,https://gabrielasanchez.com,
16,También Online,SI,SI,México,Ciudad de México,Ciudad de México,,Moda Infantil,A016,Pai Pai Kids / Mini,#modainfantil #algodonpima #ropadebebe #hechoenmexico,"Envío express gratis en órdenes a partir de $1,100 MXN",https://wa.me/525567890123,https://www.facebook.com/paipaikidsmx,https://www.instagram.com/paipaikids,https://www.tiktok.com/@paipaikids,,,,,,,,https://paipai.mx,
17,También Online,SI,SI,México,Jalisco,Guadalajara,,Cosmética y Cuidado Personal,A017,Pai Pai,#paipai #labialesmexicanos #arteymoda #crueltyfree,10% de descuento suscribiéndote a Pai Pai Club,https://wa.me/525543219876,https://www.facebook.com/PaiPaiMX,https://www.instagram.com/paipaimx,https://www.tiktok.com/@paipaimx,,,,,,,,https://paipai.mx,
18,También Online,SI,SI,México,Puebla,Puebla,,Decoración del Hogar,A018,Uriarte Talavera,#talaverapoblana #uriartetalavera #patrimonioartesanal #homedecor,10% de descuento en piezas seleccionadas de vajilla al comprar set completo,https://wa.me/522222321598,https://www.facebook.com/uriartetalaveraoficial,https://www.instagram.com/uriarte.talavera,https://www.tiktok.com/@uriartetalavera,,,,,,,,https://uriartetalavera.com.mx,
19,También Online,SI,SI,México,Ciudad de México,Ciudad de México,,Calzado y Marroquinería,A019,Mina Ro Mina,#zapatomexicano #calzadodeautor #modasostenible #leatherfootwear,Hasta 30% de descuento en sección de últimos pares,https://wa.me/525534891278,https://www.facebook.com/minarominaoficial,https://www.instagram.com/minarominashoes,https://www.tiktok.com/@minarominashoes,,,,,,,,https://minaromina.com,
20,También Online,SI,SI,México,Ciudad de México,Ciudad de México,,Moda y Textil,A020,Sandra Weil Studio,#sandraweil #hautecouturemexico #modafemenina #pretaporter,"Envío nacional gratis en pedidos superiores a $5,000 MXN",https://wa.me/525552814567,https://www.facebook.com/sandraweilcouture,https://www.instagram.com/sandraweilstudio,https://www.tiktok.com/@sandraweilstudio,,,,,,,,https://sandraweil.com,
21,Sólo Online,SI,SI,México,Nuevo León,Monterrey,,Cosmética y Cuidado Personal,A021,Nopalmilta,#nopalskincare #cosmeticanatural #cleanbeautymx #cuidadofacial,Envío gratis en toda la república a partir de $799 MXN,https://wa.me/528123459871,https://www.facebook.com/nopalmilta,https://www.instagram.com/nopalmilta,https://www.tiktok.com/@nopalmilta,,,,,,,,https://nopalmilta.com,
22,Sólo Online,SI,SI,México,Ciudad de México,Ciudad de México,,Cosmética y Cuidado Personal,A022,Rayito de Luna,#rayitodeluna #zerowastebeauty #cuidadodelapiel #artesanal,Envío estándar gratis en compras a partir de $850 MXN,https://wa.me/525549012345,https://www.facebook.com/rayitodelunaco,https://www.instagram.com/rayitodelunaco,https://www.tiktok.com/@rayitodelunaco,,,,,,,,https://rayitodeluna.mx,
23,También Online,SI,SI,México,Jalisco,Zapopan,,Moda y Accesorios,A023,Regina Romero,#reginaromero #calzadomexicano #hechoenmexico #zapatosdepiel,"3 MSI y envío gratuito en compras mayores a $2,999 MXN",https://wa.me/523318902345,https://www.facebook.com/ReginaRomeroOficial,https://www.instagram.com/reginaromeromx,https://www.tiktok.com/@reginaromeromx,,,,,,,,https://reginaromero.com,
24,También Online,SI,SI,México,Ciudad de México,Ciudad de México,,Joyería y Accesorios,A024,Sangre de Mi Sangre,#sangredemisangre #joyeriadeautor #piedrasnaturales #hechoenmexico,10% de descuento en tu primera compra registrando tu correo,https://wa.me/525555648912,https://www.facebook.com/sangredemisangreoficial,https://www.instagram.com/sangredemisangre,https://www.tiktok.com/@sangredemisangrejoyeria,,,,,,,,https://sangredemisangre.com,
25,También Online,SI,SI,México,Nuevo León,San Pedro Garza García,,Moda y Textil,A025,Pink Magnolia,#pinkmagnolia #diseñomexicano #fashionbrand #pretaporter,"Envío nacional sin costo en compras a partir de $2,000 MXN",https://wa.me/528189012345,https://www.facebook.com/PinkMagnoliaOficial,https://www.instagram.com/pinkmagnoliamx,https://www.tiktok.com/@pinkmagnoliacouture,,,,,,,,https://pinkmagnolia.com,
26,También Online,SI,SI,México,Ciudad de México,Ciudad de México,,Decoración del Hogar,A026,Bi Yuu Rugs,#biyuurugs #alfombrasartesanales #diseñotextil #interiorismo,Envío internacional disponible y asesoría de diseño gratuita,https://wa.me/525567234510,https://www.facebook.com/biyuurugs,https://www.instagram.com/biyuu_rugs,https://www.tiktok.com/@biyuurugs,,,,,,,,https://biyuu.mx,
27,Sólo Online,SI,NO,México,Ciudad de México,Ciudad de México,,Moda y Lencería,A027,Marika Vera,#marikavera #lenceriadeautor #bodysuits #slowfashionmx,10% de descuento en tu primera orden con el código WELCOME10,https://wa.me/525552078901,https://www.facebook.com/marikaveramx,https://www.instagram.com/marikavera,https://www.tiktok.com/@marikaverabrand,,,,,,,,https://marikavera.com,
28,También Online,SI,SI,México,Jalisco,Guadalajara,,Cosmética y Cuidado Personal,A028,Teia Cosméticos,#teiacosmeticos #maquillajeorganico #skincarenatural #crueltyfree,Envío gratis en compras mayores a $899 MXN,https://wa.me/523316023456,https://www.facebook.com/teiacosmeticos,https://www.instagram.com/teiacosmeticos,https://www.tiktok.com/@teiacosmeticos,,,,,,,,https://teiacosmeticos.com,
29,También Online,SI,SI,México,Ciudad de México,Ciudad de México,,Joyería y Accesorios,A029,Mani Maalai,#manimaalai #joyeriamexicana #diseñocontemporaneo #statementjewelry,"Envío gratis en órdenes mayores a $1,500 MXN a toda la república",https://wa.me/525531245678,https://www.facebook.com/manimaalai,https://www.instagram.com/manimaalai,https://www.tiktok.com/@manimaalaijewelry,,,,,,,,https://manimaalai.com,
30,También Online,SI,SI,México,Yucatán,Mérida,,Moda y Textil,A030,Daniela Bustos Maya,#danielabustosmaya #monedasantiguas #joyeriaytextil #artesaniayucatan,"Envío nacional incluido en compras de piezas seleccionadas mayores a $3,000 MXN",https://wa.me/529999201456,https://www.facebook.com/danielabustosmayaofficial,https://www.instagram.com/danielabustosmaya,https://www.tiktok.com/@danielabustosmayaofficial,,,,,,,,https://danielabustosmaya.com,
31,También Online,SI,SI,México,Ciudad de México,Ciudad de México,,Cosmética y Cuidado Personal,A031,Agave Spa Organic,#agavespaskincare #biocosmetica #spamexicano #skincarevegano,15% de descuento en el primer pedido al registrarse en el club spa,https://wa.me/525562145670,https://www.facebook.com/agavespaskincare,https://www.instagram.com/agavespa_organic,https://www.tiktok.com/@agavespa_organic,,,,,,,,https://agavespa.mx,
32,También Online,SI,SI,México,Nuevo León,Monterrey,,Decoración del Hogar,A032,Casa Pau,#casapau #decoraciondelhogar #hechoenmexico #ceramicaartesanal,"Envío estándar gratis a partir de $1,499 MXN",https://wa.me/528114567890,https://www.facebook.com/casapaumx,https://www.instagram.com/casapau_mx,https://www.tiktok.com/@casapau_mx,,,,,,,,https://casapau.com,
33,También Online,SI,SI,México,Ciudad de México,Ciudad de México,,Moda y Calzado,A033,Loly in the Sky,#lolyinthesky #calzadomexicano #zapatosconencanto #diseñomexicano,Hasta 40% de descuento en sección de Mid Season Sale,https://wa.me/525512903487,https://www.facebook.com/lolyinthesky,https://www.instagram.com/lolyinthesky,https://www.tiktok.com/@lolyintheskyofficial,,,,,,,,https://lolyinthesky.com.mx,
34,También Online,SI,SI,México,Jalisco,Guadalajara,,Joyería y Accesorios,A034,Iconique Joyería,#iconique #joyeriachic #accesoriosfemeninos #plata925,15% de descuento en el segundo accesorio de igual o menor precio,https://wa.me/523329014567,https://www.facebook.com/IconiqueJoyeria,https://www.instagram.com/iconiquejewels,https://www.tiktok.com/@iconiquejewels,,,,,,,,https://iconique.com.mx,
35,También Online,SI,SI,México,Puebla,Puebla,,Joyería y Accesorios,A035,Flora María Joyas,#floramaria #joyeriaambar #hechoenmexico #joyeriaconcausa,"Envío gratis en toda la república en compras mayores a $2,500 MXN",https://wa.me/522221678901,https://www.facebook.com/floramariajoyas,https://www.instagram.com/floramariajoyas,https://www.tiktok.com/@floramariajoyeria,,,,,,,,https://floramaria.com.mx,
36,También Online,SI,SI,México,Guanajuato,San Miguel de Allende,,Moda y Accesorios,A036,Recreo San Miguel,#recreosanmiguel #ponchosdelujo #altacosturaartesanal #slowfashion,"Envío prioritario sin costo adicional a partir de $4,500 MXN",https://wa.me/524151523456,https://www.facebook.com/recreosanmiguel,https://www.instagram.com/recreosanmiguel,https://www.tiktok.com/@recreosanmiguel,,,,,,,,https://recreosanmiguel.com,
37,También Online,SI,SI,México,Ciudad de México,Ciudad de México,,Moda Infantil,A037,Coco & Nina Baby,#ropadebebe #modainfantilmexico #algodonorganico #ropainfantil,Envío gratuito en compras a partir de $950 MXN,https://wa.me/525541238976,https://www.facebook.com/coconinababy,https://www.instagram.com/coconinababy,https://www.tiktok.com/@coconinababy,,,,,,,,https://coconina.com.mx,
38,También Online,SI,SI,México,Nuevo León,Monterrey,,Cosmética y Cuidado Personal,A038,Aora México,#aoramexico #cosmeticazerowaste #colorvegano #cleanbeauty,10% de descuento en tu kit básico al suscribirte al boletín,https://wa.me/528180123478,https://www.facebook.com/aoramexico,https://www.instagram.com/aoramexico,https://www.tiktok.com/@aoramexico,,,,,,,,https://aoramexico.com,
39,También Online,SI,SI,México,Ciudad de México,Ciudad de México,,Joyería y Accesorios,A039,Sofia Berlanga Joyas,#joyeriadeplata #piezasunicas #joyeriafina #diseñodeautor,"Envío asegurado gratis en todo México en compras superiores a $2,000 MXN",https://wa.me/525567891234,https://www.facebook.com/sofiaberlangajoyas,https://www.instagram.com/sofiaberlangajewelry,https://www.tiktok.com/@sofiaberlangajewels,,,,,,,,https://sofiaberlanga.com,
40,También Online,SI,SI,México,Jalisco,Zapopan,,Decoración del Hogar,A040,Tributo MX,#tributomx #diseñoartesanal #objetosdediseño #artesaniacontemporanea,10% de descuento en la colección de accesorios de mesa,https://wa.me/523315678902,https://www.facebook.com/tributomx,https://www.instagram.com/tributomx,https://www.tiktok.com/@tributomx,,,,,,,,https://tributo.mx,
41,También Online,SI,SI,México,Ciudad de México,Ciudad de México,,Moda y Accesorios,A041,Someone Somewhere,#someonesomewhere #impactosocial #artesanosmexicanos #ropasostenible,15% de descuento en tu primera compra registrando tu correo,https://wa.me/525585264879,https://www.facebook.com/someonesomewhere.mx,https://www.instagram.com/someone.somewhere,https://www.tiktok.com/@someonesomewhere,,,,,,,,https://someonesomewhere.com,
42,También Online,SI,SI,México,Ciudad de México,Ciudad de México,,Cosmética y Cuidado Personal,A042,Persea Naturals,#perseanaturals #aguacatevegano #cosmeticafresca #ecobeauty,Envío nacional sin costo en compras mínimas de $700 MXN,https://wa.me/525571234908,https://www.facebook.com/perseanaturals,https://www.instagram.com/perseanaturals,https://www.tiktok.com/@perseanaturals,,,,,,,,https://perseanaturals.com,
43,También Online,SI,SI,México,Nuevo León,San Pedro Garza García,,Moda y Alta Costura,A043,Luciana Balderrama,#lucianabalderrama #vestidosdefiesta #diseñomexicano #couture,Hasta 20% de descuento en piezas seleccionadas de pasarela,https://wa.me/528123901456,https://www.facebook.com/LucianaBalderramaAtelier,https://www.instagram.com/lucianabalderrama,https://www.tiktok.com/@lucianabalderramaatelier,,,,,,,,https://lucianabalderrama.com,
44,También Online,SI,SI,México,Ciudad de México,Ciudad de México,,Joyería y Accesorios,A044,Felina Jewelry,#felinajewelry #joyeriaminimalista #plataesterlina #bañodeoro,"Envío estándar gratis a todo México en compras superiores a $1,800 MXN",https://wa.me/525540987123,https://www.facebook.com/felinajewelry,https://www.instagram.com/felinajewelry,https://www.tiktok.com/@felinajewelry,,,,,,,,https://felina.com.mx,
45,También Online,SI,SI,México,Jalisco,Guadalajara,,Calzado y Marroquinería,A045,Heles Shoes,#calzadodemoda #zapatospersonalizados #hechoengdl #leathershoes,"Envío nacional gratis en compras desde $1,950 MXN",https://wa.me/523319082341,https://www.facebook.com/helesshoes,https://www.instagram.com/heles_shoes,https://www.tiktok.com/@helesshoes,,,,,,,,https://helesshoes.com,
46,También Online,SI,SI,México,Ciudad de México,Ciudad de México,,Decoración del Hogar,A046,Txt.ure,#texturemexico #diseñotextil #mobiliarioartesanal #tuleweaving,10% de descuento en pedidos anticipados de la línea Tule,https://wa.me/525581230495,https://www.facebook.com/txturemexico,https://www.instagram.com/txt.ure,https://www.tiktok.com/@txt.ure,,,,,,,,https://txt-ure.mx,
47,También Online,SI,SI,México,Nuevo León,Monterrey,,Cosmética y Cuidado Personal,A047,Basati Jabonería,#jabonesartesanales #cosmeticavegana #crueltyfreebeauty #basati,Envío gratis a partir de $699 MXN a todo el país,https://wa.me/528182349012,https://www.facebook.com/basatijaboneria,https://www.instagram.com/basati_jaboneria,https://www.tiktok.com/@basatijaboneria,,,,,,,,https://basati.com.mx,
48,También Online,SI,SI,México,Ciudad de México,Ciudad de México,,Moda Infantil,A048,Abeja Reina Baby & Kids,#modainfantil #algodonpuro #ropaniños #diseñomexicano,"Envío sin costo adicional en órdenes a partir de $1,000 MXN",https://wa.me/525578129034,https://www.facebook.com/abejareinakids,https://www.instagram.com/abejareinakids,https://www.tiktok.com/@abejareinakids,,,,,,,,https://abejareinakids.com,
49,También Online,SI,SI,México,Jalisco,Zapopan,,Cosmética y Cuidado Personal,A049,Ahal Bio Cosmética,#ahalbiocosmetica #cleanbeauty #ecocertmexico #skincarenatural,15% de descuento en tu primer pedido suscribiéndote al newsletter,https://wa.me/523330129485,https://www.facebook.com/ahalbiocosmetica,https://www.instagram.com/ahal_bio,https://www.tiktok.com/@ahalbiocosmetica,,,,,,,,https://ahal.mx,
50,También Online,SI,SI,México,Ciudad de México,Ciudad de México,,Joyería y Accesorios,A050,Vanessa Drummond Joyería,#vanessadrummond #altajoyeria #diseñodeautor #gemasnaturales,"Envío gratis asegurado a nivel nacional en órdenes desde $2,500 MXN",https://wa.me/525590123456,https://www.facebook.com/vanessadrummondjewelry,https://www.instagram.com/vanessadrummondjewelry,https://www.tiktok.com/@vanessadrummond,,,,,,,,https://vanessadrummond.com,
51,También Online,SI,SI,México,Jalisco,Guadalajara,,Moda y Textil,A051,Julia y Renata,#juliayrenata #modamexicana #diseñotapatio #slowfashion,"Envío nacional gratis en compras mayores a $3,500 MXN",https://wa.me/523336158921,https://www.facebook.com/juliayrenataoficial,https://www.instagram.com/juliayrenata,https://www.tiktok.com/@juliayrenata,,,,,,,,https://juliayrenata.com,
52,También Online,SI,SI,México,Nuevo León,San Pedro Garza García,,Moda y Accesorios,A052,Bernarda,#bernardamx #altacostura #diseñoregío #contemporaryfashion,10% de descuento en primera compra al suscribirte a la lista de espera,https://wa.me/528183451290,https://www.facebook.com/bernardamexico,https://www.instagram.com/bernardamx,https://www.tiktok.com/@bernardamx,,,,,,,,https://bernarda.com.mx,
53,También Online,SI,SI,México,Jalisco,Guadalajara,,Cosmética y Cuidado Personal,A053,Botanela,#botanela #cosmeticanatural #skincarevegano #cuidadodelapiel,Envío gratis en toda la república en pedidos de $899 MXN o más,https://wa.me/523318234509,https://www.facebook.com/botanelamx,https://www.instagram.com/botanela_skincare,https://www.tiktok.com/@botanelaskincare,,,,,,,,https://botanela.com,
54,También Online,SI,SI,México,Nuevo León,Monterrey,,Joyería y Accesorios,A054,Malandra Jewelry,#malandrajewelry #joyeriamexicana #joyeriademoda #layeringlook,15% de descuento en tu primera orden con código BIENVENIDA15,https://wa.me/528115678901,https://www.facebook.com/malandrajewelry,https://www.instagram.com/malandrajewelry,https://www.tiktok.com/@malandrajewelry,,,,,,,,https://malandra.mx,
55,También Online,SI,SI,México,Jalisco,Zapopan,,Calzado y Marroquinería,A055,Acapella Footwear,#calzadomexicano #zapatosdepiel #loafersfemeninos #leathercraft,"Envío gratis nacional en órdenes superiores a $2,200 MXN",https://wa.me/523324567812,https://www.facebook.com/acapellafootwear,https://www.instagram.com/acapellafootwear,https://www.tiktok.com/@acapellafootwear,,,,,,,,https://acapellafootwear.com,
56,También Online,SI,SI,México,Nuevo León,San Pedro Garza García,,Moda y Textil,A056,Vero Solís,#verosolis #modamexicana #josefinabyverosolis #culturaymoda,Hasta 30% de descuento en colección de liquidación seleccionada,https://wa.me/528183674512,https://www.facebook.com/VeroSolisOficial,https://www.instagram.com/verosolismx,https://www.tiktok.com/@verosolis,,,,,,,,https://verosolis.com,
57,También Online,SI,SI,México,Jalisco,Guadalajara,,Joyería y Accesorios,A057,Morena Corazón,#morenacorazon #artehuichol #joyeriaartesanal #chaquirayplata,"Envío sin costo adicional a partir de $1,999 MXN",https://wa.me/523331204567,https://www.facebook.com/MorenaCorazon,https://www.instagram.com/morenacorazon,https://www.tiktok.com/@morenacorazonjoyas,,,,,,,,https://morenacorazon.com,
58,También Online,SI,SI,México,Nuevo León,Monterrey,,Cosmética y Cuidado Personal,A058,Envera,#enveramx #dermocosmetica #skincarecientifico #hechoenmexico,Envío gratis en compras desde $799 MXN a todo el país,https://wa.me/528120349811,https://www.facebook.com/enveramx,https://www.instagram.com/enveramx,https://www.tiktok.com/@enveramx,,,,,,,,https://envera.lat,
59,También Online,SI,SI,México,Jalisco,Zapopan,,Decoración del Hogar,A059,Filamento,#filamento #iluminaciondediseño #decoraciondeinteriores #artesaniatapatia,10% de descuento comprando dos o más luminarias de pared,https://wa.me/523338129034,https://www.facebook.com/filamentolight,https://www.instagram.com/filamento_mx,https://www.tiktok.com/@filamento_mx,,,,,,,,https://filamento.mx,
60,También Online,SI,SI,México,Nuevo León,San Pedro Garza García,,Joyería y Accesorios,A060,Cuatromusas Joyas,#cuatromusas #joyeriadeoro #finejewelry #piezasconsignificado,"Envío asegurado express sin costo en compras mínimas de $3,000 MXN",https://wa.me/528182903412,https://www.facebook.com/cuatromusas,https://www.instagram.com/cuatromusasjoyeria,https://www.tiktok.com/@cuatromusas,,,,,,,,https://cuatromusas.com,
61,También Online,SI,SI,México,Jalisco,Guadalajara,,Calzado y Marroquinería,A061,Dione,#dioneshoes #calzadofino #zapatostapatíos #artesaniaenpiel,"3 y 6 meses sin intereses en compras a partir de $2,500 MXN",https://wa.me/523336412389,https://www.facebook.com/DioneModa,https://www.instagram.com/dionemoda,https://www.tiktok.com/@dionemoda,,,,,,,,https://dione.com.mx,
62,También Online,SI,SI,México,Nuevo León,Monterrey,,Moda Infantil,A062,Limonaia Kids,#ropadebebe #algodonorganico #modainfantilmty #babyboutique,10% de descuento en el primer set para recién nacido,https://wa.me/528114902381,https://www.facebook.com/limonaiakids,https://www.instagram.com/limonaiakids,https://www.tiktok.com/@limonaiakids,,,,,,,,https://limonaia.com.mx,
63,También Online,SI,SI,México,Jalisco,Guadalajara,,Moda y Accesorios,A063,Iann Dey,#ianndey #altacosturatapatia #vestidosdegala #diseñofemenino,Asesoría de estilismo personalizada sin costo en tu cita online,https://wa.me/523314569023,https://www.facebook.com/IannDeyOficial,https://www.instagram.com/ianndey,https://www.tiktok.com/@ianndeyofficial,,,,,,,,https://ianndey.com,
64,También Online,SI,SI,México,Nuevo León,Monterrey,,Cosmética y Cuidado Personal,A064,Oleum Vitae,#oleumvitae #aceitesesenciales #aromaterapianatural #cuidadopersonal,Envío estándar gratis a nivel nacional en órdenes a partir de $690 MXN,https://wa.me/528183124567,https://www.facebook.com/oleumvitaeoficial,https://www.instagram.com/oleumvitaemx,https://www.tiktok.com/@oleumvitae,,,,,,,,https://oleumvitae.com.mx,
65,También Online,SI,SI,México,Jalisco,Zapopan,,Cosmética y Cuidado Personal,A065,Bara Jabones Artesanales,#jabonartesanal #botanicafresca #ceroresiduos #hechoenjalisco,15% de descuento en kits de baño suscribiéndote al boletín,https://wa.me/523319804523,https://www.facebook.com/barajabones,https://www.instagram.com/bara_jabones,https://www.tiktok.com/@barajabones,,,,,,,,https://barajabones.com,
66,También Online,SI,SI,México,Nuevo León,San Pedro Garza García,,Moda y Textil,A066,Lorena Saravia Monterrey,#lorenasaravia #contemporarymexicanfashion #diseñomexicano #wardrobestaples,"Envío nacional gratis en pedidos mayores a $4,000 MXN",https://wa.me/528124019834,https://www.facebook.com/LorenaSaraviaOfficial,https://www.instagram.com/lorenasaravia,https://www.tiktok.com/@lorenasaraviamx,,,,,,,,https://lorenasaravia.com,
67,También Online,SI,SI,México,Jalisco,Guadalajara,,Decoración del Hogar,A067,Cerámica Suro Femenino,#ceramicasuro #alfareriatapatia #vajillasdediseño #homedecor,Envío nacional garantizado y 10% en preventa de nuevas vajillas,https://wa.me/523336357890,https://www.facebook.com/ceramicasuro,https://www.instagram.com/ceramicasuro,https://www.tiktok.com/@ceramicasuromx,,,,,,,,https://ceramicasuro.com,
68,También Online,SI,SI,México,Nuevo León,Monterrey,,Joyería y Accesorios,A068,Tharaa Jewelry,#tharaajewelry #joyasminimalistas #plata925 #bañodeoro18k,10% de descuento en tu primer accesorio registrando tu correo,https://wa.me/528117823450,https://www.facebook.com/tharaajewelry,https://www.instagram.com/tharaajewelry,https://www.tiktok.com/@tharaajewelry,,,,,,,,https://tharaajewelry.com,
69,También Online,SI,SI,México,Jalisco,Zapopan,,Moda y Calzado,A069,Cruda Shoes,#crudashoes #zapatosartesanales #slowfashiongdl #botinesdepiel,"Envío gratis en toda la república en compras mayores a $2,800 MXN",https://wa.me/523315784902,https://www.facebook.com/crudashoes,https://www.instagram.com/cruda_shoes,https://www.tiktok.com/@crudashoes,,,,,,,,https://crudashoes.com,
70,También Online,SI,SI,México,Nuevo León,Monterrey,,Calzado y Marroquinería,A070,Paloma Torres Bolsos,#palomatorres #bolsosdepiel #marroquineriaregia #handcraftedleather,"3 meses sin intereses en compras a partir de $2,000 MXN",https://wa.me/528189021456,https://www.facebook.com/palomatorresbolsos,https://www.instagram.com/palomatorres_bags,https://www.tiktok.com/@palomatorresbags,,,,,,,,https://palomatorres.com,
71,También Online,SI,SI,México,Jalisco,Guadalajara,,Joyería y Accesorios,A071,Cynthia Serrano Joyas,#cynthiaserrano #joyeriafina #gemaspreciosas #hechoenguadalajara,"Envío express gratis a todo México en órdenes superiores a $2,500 MXN",https://wa.me/523312457890,https://www.facebook.com/cynthiaserranojoyas,https://www.instagram.com/cynthiaserranojoyeria,https://www.tiktok.com/@cynthiaserranojoyas,,,,,,,,https://cynthiaserrano.com,
72,También Online,SI,SI,México,Nuevo León,San Pedro Garza García,,Cosmética y Cuidado Personal,A072,Seasons Love Your Skin,#seasonsskin #skincarenatural #cosmeticalocal #crueltyfreemexico,15% de descuento en tu kit de rutina básica con cupón SEASONS15,https://wa.me/528112349078,https://www.facebook.com/SeasonsLoveYourSkin,https://www.instagram.com/seasonsloveyourskin,https://www.tiktok.com/@seasonslove,,,,,,,,https://seasonslove.com.mx,
73,También Online,SI,SI,México,Jalisco,Zapopan,,Moda Infantil,A073,Macaria Kids,#ropaparaniños #hechoenmexico #linopuro #diseñotapatio,"Envío gratis en compras de ropa infantil a partir de $1,200 MXN",https://wa.me/523326781290,https://www.facebook.com/macariakids,https://www.instagram.com/macaria_kids,https://www.tiktok.com/@macariakids,,,,,,,,https://macariakids.com,
74,También Online,SI,SI,México,Nuevo León,Monterrey,,Decoración del Hogar,A074,Ámbar Muebles y Decoración,#decoracionregia #diseñodeinteriores #mueblescontemporaneos #homestyle,Hasta 20% de descuento en textiles y cojines decorativos seleccionados,https://wa.me/528183401278,https://www.facebook.com/ambardecoracionmty,https://www.instagram.com/ambardecormty,https://www.tiktok.com/@ambardecormty,,,,,,,,https://ambardecor.com.mx,
75,También Online,SI,SI,México,Jalisco,Guadalajara,,Moda y Textil,A075,Abel López Atelier,#abellopez #diseñodeautor #pretaporter #modatapatia,"Envío nacional sin costo en compras mínimas de $3,500 MXN",https://wa.me/523338259012,https://www.facebook.com/abellopezatelier,https://www.instagram.com/abellopezatelier,https://www.tiktok.com/@abellopezatelier,,,,,,,,https://abellopez.com,
76,También Online,SI,SI,México,Nuevo León,San Pedro Garza García,,Moda y Accesorios,A076,Kika Ropa y Sombreros,#sombrerosartesanales #modaregia #beachchic #accesoriosfemeninos,"Envío estándar gratis en compras mayores a $1,800 MXN",https://wa.me/528120984512,https://www.facebook.com/kikahatsandresort,https://www.instagram.com/kikahats,https://www.tiktok.com/@kikahats,,,,,,,,https://kikahats.com,
77,También Online,SI,SI,México,Jalisco,Guadalajara,,Cosmética y Cuidado Personal,A077,Kuxtal Biocosmética,#kuxtal #biocosmetica #ingredientesnaturales #bellezatapatia,10% de descuento en tu primer exfoliante corporal con registro,https://wa.me/523314902345,https://www.facebook.com/kuxtalbiocosmetica,https://www.instagram.com/kuxtal_bio,https://www.tiktok.com/@kuxtalbio,,,,,,,,https://kuxtalbio.com,
78,También Online,SI,SI,México,Nuevo León,Monterrey,,Joyería y Accesorios,A078,Hual Joyería,#hualjoyeria #platafina #diseñonorteño #earringslover,"Envío nacional gratuito en pedidos a partir de $1,400 MXN",https://wa.me/528119024567,https://www.facebook.com/hualjoyas,https://www.instagram.com/hualjoyeria,https://www.tiktok.com/@hualjoyeria,,,,,,,,https://hualjoyeria.com,
79,También Online,SI,SI,México,Jalisco,Zapopan,,Calzado y Marroquinería,A079,Mancandy Bags & Shoes,#modatapatia #bolsosdecuero #zapatosurbanos #leathergoods,10% de descuento en tu primera compra registrándote en el newsletter,https://wa.me/523321458901,https://www.facebook.com/mancandybrand,https://www.instagram.com/mancandy,https://www.tiktok.com/@mancandybrand,,,,,,,,https://mancandy.mx,
80,También Online,SI,SI,México,Nuevo León,Monterrey,,Cosmética y Cuidado Personal,A080,Zermat Monterrey Línea Natural,#perfumerianatural #cuidadofacial #aromasregios #cosmetica,Envío gratis en paquetes faciales superiores a $850 MXN,https://wa.me/528181239045,https://www.facebook.com/zermatmty,https://www.instagram.com/zermat_mty,https://www.tiktok.com/@zermatmty,,,,,,,,https://zermatmty.com,
81,También Online,SI,SI,México,Jalisco,Guadalajara,,Decoración del Hogar,A081,Taller Lu’um Occidente,#diseñotextil #fibrasnaturales #decoracionartesanal #cojineshechosamano,15% de descuento en la colección de caminos de mesa tejidos,https://wa.me/523336128904,https://www.facebook.com/tallerluum,https://www.instagram.com/tallerluum,https://www.tiktok.com/@tallerluum,,,,,,,,https://tallerluum.com,
82,También Online,SI,SI,México,Nuevo León,San Pedro Garza García,,Moda Infantil,A082,Pecash Baby & Kids,#modainfantil #mamelucosdebebe #algodonsuave #bebesregios,"Envío sin cargo adicional a partir de $1,100 MXN en todo México",https://wa.me/528116782390,https://www.facebook.com/pecashkids,https://www.instagram.com/pecashkids,https://www.tiktok.com/@pecashkids,,,,,,,,https://pecashkids.com,
83,También Online,SI,SI,México,Jalisco,Zapopan,,Joyería y Accesorios,A083,Paula Joyería y Perlas,#perlasnaturales #joyeriadeperlas #bañodeoro #estiloclasico,10% de descuento en tu compra al agregar juego de aretes y dije,https://wa.me/523317890123,https://www.facebook.com/paulajoyeriayperlas,https://www.instagram.com/paulaperlas_joyas,https://www.tiktok.com/@paulajoyas,,,,,,,,https://paulajoyas.com,
84,También Online,SI,SI,México,Nuevo León,Monterrey,,Moda y Calzado,A084,Lourdes Villagómez Shoes,#diseñodecalzado #zapatoscoloridos #hechoenmexico #calzadoregío,3 y 6 meses sin intereses en toda la tienda web,https://wa.me/528184561230,https://www.facebook.com/lourdesvillagomezmoda,https://www.instagram.com/lourdesvillagomez_shoes,https://www.tiktok.com/@lvillagomezshoes,,,,,,,,https://lourdesvillagomezshoes.com,
85,También Online,SI,SI,México,Jalisco,Guadalajara,,Moda y Textil,A085,Olmos y Flores Mujer,#olmosyflores #modadeplaya #diseñotapatio #resortwear,"Envío nacional prioritario gratis en órdenes desde $2,900 MXN",https://wa.me/523338190245,https://www.facebook.com/olmosyflores,https://www.instagram.com/olmosyflores,https://www.tiktok.com/@olmosyflores,,,,,,,,https://olmosyflores.com,
86,También Online,SI,SI,México,Nuevo León,San Pedro Garza García,,Cosmética y Cuidado Personal,A086,Lila Botánica,#lilabotanica #skincarebotanico #bienestarfemenino #tonicosfaciales,Envío gratis en compras mínimas de $750 MXN,https://wa.me/528121903487,https://www.facebook.com/lilabotanicamx,https://www.instagram.com/lila_botanica,https://www.tiktok.com/@lilabotanicamx,,,,,,,,https://lilabotanica.com,
87,También Online,SI,SI,México,Jalisco,Zapopan,,Decoración del Hogar,A087,Cala Casa,#calacasa #velasaromaticas #homedecorgdl #ceraorganica,10% de descuento en sets de tres velas aromáticas,https://wa.me/523325678912,https://www.facebook.com/calacasagdl,https://www.instagram.com/cala_casa,https://www.tiktok.com/@calacasa,,,,,,,,https://calacasa.com,
88,También Online,SI,SI,México,Nuevo León,Monterrey,,Moda y Accesorios,A088,Boho Chic Monterrey,#bohochicregio #vestidosboho #accesoriosfemeninos #estiloveraniego,"Envío nacional sin costo en pedidos desde $1,350 MXN",https://wa.me/528110984567,https://www.facebook.com/bohochicmty,https://www.instagram.com/bohochic_mty,https://www.tiktok.com/@bohochicmty,,,,,,,,https://bohochicmty.com,
89,También Online,SI,SI,México,Jalisco,Guadalajara,,Joyería y Accesorios,A089,Talavera & Plata Joyas,#joyeriadeplata #talaveratapatia #diseñotradicional #aretesdeplata,15% de descuento en arracadas seleccionadas de plata .925,https://wa.me/523319012389,https://www.facebook.com/talaverayplatajoyeria,https://www.instagram.com/talaverayplata,https://www.tiktok.com/@talaverayplata,,,,,,,,https://talaverayplata.com,
90,También Online,SI,SI,México,Nuevo León,San Pedro Garza García,,Calzado y Marroquinería,A090,Cynthia Buttenklepper Mty,#cynthiabuttenklepper #marroquineriadegala #diseñofemenino #bolsosdepiel,"Envío asegurado incluido en compras mayores a $4,500 MXN",https://wa.me/528182345678,https://www.facebook.com/cynthiabuttenklepper,https://www.instagram.com/cynthiabuttenklepper,https://www.tiktok.com/@cbuttenklepper,,,,,,,,https://cynthiabuttenklepper.com,
91,También Online,SI,SI,México,Jalisco,Zapopan,,Cosmética y Cuidado Personal,A091,Vidanat Guadalajara,#vidanatgdl #cuidadodelcuerpo #ingredienteslimpios #aceitescorporales,Envío gratis en compras superiores a $699 MXN,https://wa.me/523313456789,https://www.facebook.com/vidanatcosmeticos,https://www.instagram.com/vidanat_gdl,https://www.tiktok.com/@vidanatcosmetica,,,,,,,,https://vidanat.mx,
92,También Online,SI,SI,México,Nuevo León,Monterrey,,Decoración del Hogar,A092,Maleza Hogar,#malezahogar #macetasartesanales #plantasdeinterior #decoracionverde,10% de descuento en paquete de macetas de barro para interiores,https://wa.me/528114569012,https://www.facebook.com/malezahogarmty,https://www.instagram.com/maleza_hogar,https://www.tiktok.com/@malezahogar,,,,,,,,https://malezahogar.com,
93,También Online,SI,SI,México,Jalisco,Guadalajara,,Moda Infantil,A093,Bambino Sole,#bambinosole #modaparabebes #tejidosartesanales #calzadobebe,Envío gratis nacional a partir de $999 MXN en ropa infantil,https://wa.me/523329017845,https://www.facebook.com/bambinosolemx,https://www.instagram.com/bambinosole,https://www.tiktok.com/@bambinosole,,,,,,,,https://bambinosole.com,
94,También Online,SI,SI,México,Nuevo León,San Pedro Garza García,,Joyería y Accesorios,A094,Amelie Joyería Fina,#ameliejoyas #diamantesyoro #joyeriaexclusiva #anillosdecompromiso,15% de descuento en churumbelas de oro amarillo y blanco de 14k,https://wa.me/528189012378,https://www.facebook.com/ameliejoyeriafina,https://www.instagram.com/ameliejoyeria,https://www.tiktok.com/@ameliejoyeria,,,,,,,,https://ameliejoyeria.com,
95,También Online,SI,SI,México,Jalisco,Zapopan,,Moda y Accesorios,A095,Marcela Beltrán Ropa,#marcelabeltran #linomexicano #vestidosfrescos #estilotapatio,"Envío gratuito en compras desde $2,100 MXN en toda la colección de lino",https://wa.me/523316789045,https://www.facebook.com/marcelabeltranmoda,https://www.instagram.com/marcelabeltran_moda,https://www.tiktok.com/@marcelabeltranmoda,,,,,,,,https://marcelabeltran.mx,
96,También Online,SI,SI,México,Nuevo León,Monterrey,,Cosmética y Cuidado Personal,A096,Amapola Biocosmética,#amapolabiocosmetica #skincarevegano #serumreparador #cosmeticaregia,Envío estándar gratis a partir de $800 MXN de compra,https://wa.me/528123450912,https://www.facebook.com/amapolabiomty,https://www.instagram.com/amapolabio,https://www.tiktok.com/@amapolabio,,,,,,,,https://amapolabio.com,
97,También Online,SI,SI,México,Jalisco,Guadalajara,,Calzado y Marroquinería,A097,Zapatos Gina,#zapatosgina #taconescomodos #calzadotapatio #leatherpumps,Hasta 25% de descuento en la sección Outlet de temporada,https://wa.me/523335678901,https://www.facebook.com/zapatosginagdl,https://www.instagram.com/zapatosgina,https://www.tiktok.com/@zapatosginagdl,,,,,,,,https://zapatosgina.com,
98,También Online,SI,SI,México,Nuevo León,San Pedro Garza García,,Moda y Textil,A098,Alana Ropa Femenina,#alanaropamty #casualwear #diseñonorteño #vestidoscasuales,10% de descuento suscribiéndote al boletín mensual de estilo,https://wa.me/528187654321,https://www.facebook.com/alanaboutiquemty,https://www.instagram.com/alana_boutiquemty,https://www.tiktok.com/@alanaboutiquemty,,,,,,,,https://alanaboutique.com,
99,También Online,SI,SI,México,Jalisco,Zapopan,,Decoración del Hogar,A099,Raíz y Barro Hogar,#raizybarro #vajilladebarro #artesaniagdl #mesasbonitas,"Envío gratis en paquetes completos de comedor a partir de $2,400 MXN",https://wa.me/523319087654,https://www.facebook.com/raizybarro,https://www.instagram.com/raizybarro_hogar,https://www.tiktok.com/@raizybarro,,,,,,,,https://raizybarro.mx,
100,También Online,SI,SI,México,Nuevo León,Monterrey,,Joyería y Accesorios,A100,Aura Mágica Joyas,#auramagicajoyas #cuarzosnaturales #plata925 #amuletosdeplata,"Envío gratis en toda la república en pedidos de $1,250 MXN o más",https://wa.me/528118902345,https://www.facebook.com/auramagicajoyeria,https://www.instagram.com/auramagicajoyas,https://www.tiktok.com/@auramagicajoyeria,,,,,,,,https://auramagicajoyeria.com,
101,También Online,SI,NO,México,Nuevo León,San Pedro Garza García,,Holistica,QA01,Lili Imanes,#biomagnetismo #imanoterapia #holistico #terapianatural,Terapia presencial y a distancia,,https://www.facebook.com/p/Lili-Terapia-Imanes-100063948708191/?locale=es_LA,,,,,,,,,,https://share.google/y5aliSwlMDS711QaR,Verified
102,También Online,SI,SI,España,Comunidad de Madrid,Madrid,,Cosmética y Belleza,B001,Cocunat,#Cocunat #ToxicFree #CosmeticaNatural #CurlyHair,10% de descuento en tu primera compra suscribiéndote a la newsletter,https://wa.me/34676451634,https://www.facebook.com/cocunat,https://www.instagram.com/cocunat,https://www.tiktok.com/@cocunat,,,,,,,,https://cocunat.com,
103,También Online,SI,SI,España,Cataluña,Barcelona,,Joyería y Accesorios,B002,PDPAOLA,#PDPAOLA #PdpaolaJewelry #FineJewelry #JoyeriaEspanola,Envío estándar gratis en compras a partir de 80€,https://wa.me/34937822773,https://www.facebook.com/pdpaola.jewelry,https://www.instagram.com/pdpaola_jewelry,https://www.tiktok.com/@pdpaolajewelry,,,,,,,,https://www.pdpaola.com,
104,También Online,SI,NO,España,Comunidad de Madrid,Madrid,,Moda Femenina y Fiesta,B003,Bimani,#Bimani #Bimani13 #InvitadaPerfecta #BasicosImprescindibles,10% de descuento de bienvenida en tu primer pedido al suscribirte,https://wa.me/34910609386,https://www.facebook.com/bimaniofficial,https://www.instagram.com/bimani13,https://www.tiktok.com/@bimani13,,,,,,,,https://bimani.com,
105,También Online,SI,SI,España,Comunidad Valenciana,Valencia,,Joyería,B004,Singularu,#Singularu #JoyasDePlata #JoyeriaOnline #TrendyJewelry,Descuentos de hasta el 40% en selección Mid Season,https://wa.me/34638781938,https://www.facebook.com/Singularu,https://www.instagram.com/singularu,https://www.tiktok.com/@singularu_,,,,,,,,https://singularu.com,
106,También Online,SI,SI,España,Cataluña,Barcelona,,Cosmética y Cuidado Personal,B005,Freshly Cosmetics,#FreshlyCosmetics #Skincare #NaturalCosmetics #FreshlyFamily,15% de descuento en el primer pedido al unirte al Freshly Club,https://wa.me/34644146033,https://www.facebook.com/freshlycosmetics,https://www.instagram.com/freshlycosmetics,https://www.tiktok.com/@freshlycosmetics,,,,,,,,https://www.freshlycosmetics.com,
107,Sólo Online,SI,SI,España,Islas Baleares,Ibiza,,Moda y Alta Costura,B006,Charo Ruiz Ibiza,#CharoRuiz #CharoRuizIbiza #AdlibModa #IbizaStyle,10% de descuento en tu primer pedido al unirte a la newsletter,https://wa.me/34685476923,https://www.facebook.com/charoruizibiza,https://www.instagram.com/charoruizibiza,https://www.tiktok.com/@charoruizibiza,,,,,,,,https://charoruiz.com,
108,También Online,SI,SI,España,Cataluña,Barcelona,,Moda Juvenil y Casual,B007,Brownie,#BrownieSpain #BrownieGirls #ModaJuvenil #CasualStyle,10% de descuento en tu primera compra con registro previo,https://wa.me/34676579624,https://www.facebook.com/browniespain,https://www.instagram.com/browniespain,https://www.tiktok.com/@browniespain,,,,,,,,https://www.browniespain.com,
109,También Online,SI,SI,España,Comunidad de Madrid,Madrid,,Joyería de Autor y Accesorios,B008,Apodemia,#Apodemia #JoyasConAlma #InspiracionNaturaleza #JoyeriaMadrid,10% de descuento en tu primera compra al suscribirte,https://wa.me/34680879201,https://www.facebook.com/apodemia,https://www.instagram.com/apodemia,https://www.tiktok.com/@apodemia,,,,,,,,https://apodemia.com,
110,Sólo Online,SI,SI,España,Andalucía,Sevilla,,Calzado y Complementos,B009,Mimao,#Mimao #MadeInSpain #CalzadoEspanol #ZapatosComodos,Envío gratis a partir de 49€ y precios desde 29€ en outlet,https://wa.me/34919030388,https://www.facebook.com/mimaoshop,https://www.instagram.com/mimao_style,https://www.tiktok.com/@mimaostyle,,,,,,,,https://mimao.es,
111,Sólo Online,SI,SI,España,Comunidad de Madrid,Madrid,,Moda Infantil,B010,La Martinica,#LaMartinica #ModaInfantil #HechoEnEspana #KidsFashion,Prendas seleccionadas con hasta 50% de descuento en sección rebajas,https://wa.me/34661751842,https://www.facebook.com/lamartinicamodainfantil,https://www.instagram.com/lamartinicamodainfantil,https://www.tiktok.com/@lamartinicamodainfantil,,,,,,,,https://lamartinica.es,
112,También Online,SI,SI,España,Comunidad de Madrid,Madrid,,Moda Femenina y Fiesta,B011,Polin et moi,#Polinetmoi #ModaEspanola #InvitadaPerfecta #RomanticStyle,10% de descuento en tu primera compra al suscribirte a la newsletter,https://wa.me/34675400785,https://www.facebook.com/polinetmoi,https://www.instagram.com/polinetmoi,https://www.tiktok.com/@polinetmoi,,,,,,,,https://polinetmoi.com,
113,También Online,SI,SI,España,Andalucía,Sevilla,,Moda e Invitada,B012,Cherubina,#Cherubina #CherubinaBridal #InvitadaIdeal #HechoEnEspana,Envío estándar gratuito a partir de 120€,https://wa.me/34686003941,https://www.facebook.com/cherubinaofficial,https://www.instagram.com/cherubinaofficial,https://www.tiktok.com/@cherubina_official,,,,,,,,https://cherubina.com,
114,También Online,SI,SI,España,Andalucía,Sevilla,,Calzado y Complementos,B013,Nuria Cobo,#NuriaCobo #ZapatosDeFiesta #ZapatosEspanoles #ModaSevilla,Envío gratuito en pedidos nacionales sin mínimo,https://wa.me/34628936111,https://www.facebook.com/nuriacobozapatos,https://www.instagram.com/nuriacobozapatos,https://www.tiktok.com/@nuriacobozapatos,,,,,,,,https://nuriacobo.com,
115,También Online,SI,SI,España,Cataluña,Barcelona,,Moda y Diseño de Autor,B014,Maria Roch,#MariaRoch #SilkDress #ModaBarcelona #SlowFashion,Envío estándar gratis en compras a península,https://wa.me/34674604137,https://www.facebook.com/mariarochbcn,https://www.instagram.com/mariaroch_official,https://www.tiktok.com/@mariaroch_bcn,,,,,,,,https://mariaroch.com,
116,También Online,SI,SI,España,Cataluña,Barcelona,,Moda Mediterránea,B015,Mi&Co Barcelona,#MiAndCo #MediterraneanStyle #BikinisMadeInSpain #Knitwear,10% de descuento de bienvenida en tu primera compra online,https://wa.me/34610301882,https://www.facebook.com/miandcobcn,https://www.instagram.com/miandcobcn,https://www.tiktok.com/@miandco_bcn,,,,,,,,https://www.miandco.es,
117,También Online,SI,NO,España,Comunidad Valenciana,Valencia,,Moda Femenina y Fiesta,B016,The-Are,#TheAre #TheAreGirls #InvitadasTheAre #StreetwearChic,10% de descuento en el primer pedido al unirte al club,https://wa.me/34623192080,https://www.facebook.com/thearecom,https://www.instagram.com/thearecom,https://www.tiktok.com/@thearecom,,,,,,,,https://www.the-are.com,
118,También Online,SI,SI,España,Galicia,La Coruña,,Alta Costura e Invitada,B017,Bgo & Me,#BgoAndMe #LujoEspanol #CoutureFashion #ZapatosDeLujo,10% de descuento al darte de alta en el newsletter,https://wa.me/34680970034,https://www.facebook.com/bgoandme,https://www.instagram.com/bgoandme,https://www.tiktok.com/@bgoandme_official,,,,,,,,https://www.bgoandme.com,
119,Sólo Online,SI,SI,España,Cataluña,Barcelona,,Joyería y Accesorios,B018,Maria Pascual,#MariaPascual #GoldPlatedJewelry #TrendyJewels #BarcelonaStyle,15% de descuento en tu primer pedido con suscripción,https://wa.me/34673629202,https://www.facebook.com/mariapascualjewelry,https://www.instagram.com/mariapascual,https://www.tiktok.com/@mariapascual_jewelry,,,,,,,,https://www.mariapascual.com,
120,También Online,SI,SI,España,Comunidad de Madrid,Madrid,,Calzado y Marroquinería,B019,Mint & Rose,#MintAndRose #Espadrilles #HandmadeInSpain #SlowLuxury,10% de descuento al registrarte en la comunidad,https://wa.me/34682025114,https://www.facebook.com/mintandroses,https://www.instagram.com/mintandrose,https://www.tiktok.com/@mintandrose,,,,,,,,https://www.mintandrose.com,
121,También Online,SI,SI,España,Comunidad de Madrid,Madrid,,Accesorios y Bolsos Sostenibles,B020,Lefrik,#Lefrik #EcoFriendly #RecycledBags #UrbanBackpack,10% de bienvenida en tu primera compra online,https://wa.me/34689408643,https://www.facebook.com/Lefrik,https://www.instagram.com/lefrik,https://www.tiktok.com/@lefrik,,,,,,,,https://lefrik.com,
122,También Online,SI,SI,España,Comunidad de Madrid,Madrid,,Moda Femenina y Estilo de Vida,B021,Lucia Be,#LuciaBe #LaVidaEsUnaVerbena #CosasBonitas #ModaConMensaje,15% de descuento directo en tu carrito al suscribirte,https://wa.me/34644026880,https://www.facebook.com/luciabeshop,https://www.instagram.com/luciabe,https://www.tiktok.com/@luciabe_shop,,,,,,,,https://www.luciabe.com,
123,Sólo Online,SI,SI,España,Cataluña,Barcelona,,Moda Contemporánea,B022,Laagam,#Laagam #FashionRevolutions #DirectToConsumer #BarcelonaBrand,10% de descuento en tu primera compra registrándote,https://wa.me/34674092144,https://www.facebook.com/laagam,https://www.instagram.com/laagam,https://www.tiktok.com/@laagam,,,,,,,,https://laagam.com,
124,También Online,SI,SI,España,Comunidad de Madrid,Madrid,,Ropa Deportiva y Athleisure,B023,Born Living Yoga,#BornLivingYoga #Athleisure #YogaWear #ActivewearSpain,10% de descuento al unirte a la newsletter,https://wa.me/34689124450,https://www.facebook.com/bornlivingyoga,https://www.instagram.com/bornlivingyoga,https://www.tiktok.com/@bornlivingyoga,,,,,,,,https://bornlivingyoga.com,
125,También Online,SI,SI,España,Cataluña,Barcelona,,Cosmética Natural y Orgánica,B024,Amapola Bio,#AmapolaBio #CosmeticaEcologica #BioBeauty #CrueltyFree,Muestras gratis en cada pedido y portes gratis desde 35€,https://wa.me/34629402511,https://www.facebook.com/amapolabiocosmetics,https://www.instagram.com/amapolabiocosmetics,https://www.tiktok.com/@amapolabio,,,,,,,,https://www.amapolabio.com,
126,También Online,SI,SI,España,Comunidad Valenciana,Alicante,,Calzado Femenino,B025,Mariamare,#Mariamare #MariamareShoes #TendenciasCalzado #ModaAlicante,"Sección de rebajas con pares desde 19,95€",https://wa.me/34678129033,https://www.facebook.com/mariamareshoes,https://www.instagram.com/mariamare_shoes,https://www.tiktok.com/@mariamare_shoes,,,,,,,,https://www.mariamare.com,
127,También Online,SI,SI,España,Andalucía,Málaga,,Moda y Accesorios de Playa,B026,Bohodot,#Bohodot #SwimwearMadeInSpain #BikinisSostenibles #SummerStyle,10% de descuento en la newsletter para nueva colección,https://wa.me/34691456890,https://www.facebook.com/bohodotbcn,https://www.instagram.com/bohodotbarcelona,https://www.tiktok.com/@bohodotswimwear,,,,,,,,https://bohodot.com,
128,También Online,SI,SI,España,Cataluña,Barcelona,,Joyería Fina Ética,B027,Mimoke,#Mimoke #DiamantesCreados #LabGrownDiamonds #JoyeriaSostenible,Envío y seguro de transporte 100% gratuito en todos los pedidos,https://wa.me/34682410522,https://www.facebook.com/mimokejewelry,https://www.instagram.com/mimoke_jewelry,https://www.tiktok.com/@mimokejewelry,,,,,,,,https://mimoke.es,
129,También Online,SI,SI,España,Comunidad de Madrid,Madrid,,Moda Infantil y Bebé,B028,Gocco,#Gocco #ModaInfantilEspana #KidsCollection #RopaBebe,10% de descuento de bienvenida en compras superiores a 50€,https://wa.me/34689772109,https://www.facebook.com/goccotiendas,https://www.instagram.com/goccofashion,https://www.tiktok.com/@goccofashion,,,,,,,,https://www.gocco.es,
130,También Online,SI,SI,España,País Vasco,Bilbao,,Moda Sostenible y Casual,B029,SKFK,#SKFK #SustainableFashion #FairTrade #EcoFashionBilbao,10% de descuento al unirte al boletín de noticias,https://wa.me/34688842100,https://www.facebook.com/skfkofficial,https://www.instagram.com/skfk_official,https://www.tiktok.com/@skfk_official,,,,,,,,https://www.skfk-ethicalliving.com,
131,También Online,SI,SI,España,Comunidad de Madrid,Madrid,,Peluquería y Cuidado Capilar,B030,Goa Organics,#GoaOrganics #VeganHaircare #KeratinTreatment #CleanBeauty,Envío gratuito en pedidos superiores a 40€,https://wa.me/34648712399,https://www.facebook.com/goaorganics,https://www.instagram.com/goaorganics,https://www.tiktok.com/@goaorganics,,,,,,,,https://goaorganics.com,
132,También Online,SI,SI,España,Comunidad de Madrid,Madrid,,Calzado y Complementos,B031,Flabelus,#Flabelus #FlabelusShoes #VenetianSlippers #MadeInSpain,10% de descuento en tu primera compra al suscribirte,https://wa.me/34689401223,https://www.facebook.com/flabelus,https://www.instagram.com/flabelus,https://www.tiktok.com/@flabelus,,,,,,,,https://flabelus.com,
133,También Online,SI,SI,España,Comunidad de Madrid,Madrid,,Moda e Invitada,B032,Sophie and Lucie,#SophieAndLucie #InvitadaPerfecta #MadeInSpain #TotalLook,Envío estándar gratis a partir de 150€ de compra,https://wa.me/34638512940,https://www.facebook.com/sophieandlucie,https://www.instagram.com/sophieandlucie,https://www.tiktok.com/@sophieandlucie,,,,,,,,https://sophieandlucie.com,
134,También Online,SI,SI,España,Cataluña,Barcelona,,Moda y Complementos,B033,Lola Casademunt,#LolaCasademunt #AnimalPrint #ModaEspanola #ChicVibes,10% de bienvenida al registrarte en la tienda online,https://wa.me/34938600000,https://www.facebook.com/LolaCasademunt,https://www.instagram.com/lolacasademunt,https://www.tiktok.com/@lolacasademunt,,,,,,,,https://lolacasademunt.com,
135,También Online,SI,SI,España,Comunidad de Madrid,Madrid,,Joyería y Accesorios de Diseño,B034,Papiroga,#Papiroga #PapirogaEarrings #StatementJewelry #DiseñoMadrid,10% de descuento directo en tu carrito al suscribirte,https://wa.me/34628812301,https://www.facebook.com/papiroga,https://www.instagram.com/papiroga,https://www.tiktok.com/@papiroga,,,,,,,,https://papiroga.com,
136,También Online,SI,SI,España,Comunidad de Madrid,Madrid,,Moda Bohemia y Sostenible,B035,Slowlove,#Slowlove #EstiloBoho #ModaSostenible #SlowFashion,Precios especiales de temporada con hasta 50% de descuento,https://wa.me/34910609000,https://www.facebook.com/slowloveoficial,https://www.instagram.com/slowloveoficial,https://www.tiktok.com/@slowloveoficial,,,,,,,,https://slowlove.es,
137,También Online,SI,SI,España,Comunidad de Madrid,Madrid,,Moda Femenina Atemporal,B036,AN&BE,#AnAndBe #HechoEnEspana #SlowFashionSpain #ModaAtemporal,Envío estándar gratis en pedidos superiores a 120€,https://wa.me/34674391200,https://www.facebook.com/anandbeshop,https://www.instagram.com/anandbeshop,https://www.tiktok.com/@anandbeshop,,,,,,,,https://anandbe.com,
138,También Online,SI,SI,España,Navarra,Pamplona,,Marroquinería y Calzado,B037,Paris/64,#Paris64 #MadeInSpain #BolsosDePiel #BolsosEspana,Envío gratuito en compras superiores a 100€,https://wa.me/34644026400,https://www.facebook.com/paris64bags,https://www.instagram.com/paris64bags,https://www.tiktok.com/@paris64bags,,,,,,,,https://paris64.com,
139,También Online,SI,SI,España,Galicia,Pontevedra,,Moda de Autor e Invitada,B038,Coosy,#Coosy #CoosyOfficial #LookInvitada #ModaGallega,10% de descuento en el primer pedido mediante newsletter,https://wa.me/34690334812,https://www.facebook.com/coosyofficial,https://www.instagram.com/coosyofficial,https://www.tiktok.com/@coosyofficial,,,,,,,,https://coosy.es,
140,También Online,SI,SI,España,Comunidad de Madrid,Madrid,,Marroquinería y Calzado Artesanal,B039,Malababa,#Malababa #PielEspanola #MadeInMadrid #ArtesaniaContemporanea,Envío gratuito en España peninsular en todos los pedidos,https://wa.me/34699023456,https://www.facebook.com/malababa,https://www.instagram.com/malababa_com,https://www.tiktok.com/@malababa_com,,,,,,,,https://malababa.com,
141,También Online,SI,SI,España,Cataluña,Barcelona,,Moda y Accesorios Contemporáneos,B040,Gimaguas,#Gimaguas #BarcelonaFashion #Handcrafted #SummerWear,Envíos globales gratis a partir de compras de 200€,https://wa.me/34674209110,https://www.facebook.com/gimaguas,https://www.instagram.com/gimaguas,https://www.tiktok.com/@gimaguas,,,,,,,,https://gimaguas.com,
142,También Online,SI,SI,España,Galicia,La Coruña,,Moda Sostenible y Contemporánea,B041,Cordera,#Cordera #KnitwearSpain #SustainablyMade #GalicianFashion,Envío gratuito en compras peninsulares superiores a 150€,https://wa.me/34682001199,https://www.facebook.com/corderaofficial,https://www.instagram.com/corderaofficial,https://www.tiktok.com/@corderaofficial,,,,,,,,https://cordera.es,
143,También Online,SI,SI,España,Comunidad de Madrid,Madrid,,Bañadores y Beachwear,B042,Como un Pez en el Agua,#ComoUnPezEnElAgua #SwimwearSpain #BikinisExclusivos #Artesanal,10% de descuento en nueva colección al unirte a la web,https://wa.me/34654982133,https://www.facebook.com/comounpezenelagua,https://www.instagram.com/comounpezenelagua,https://www.tiktok.com/@comounpezenelagua,,,,,,,,https://comounpezenelagua.com,
144,También Online,SI,SI,España,Comunidad de Madrid,Madrid,,Cosmética Natural y Capilar,B043,Modesta Cassinello,#ModestaCassinello #CleanCosmetics #CuidadoCapilar #MediterraneanSkin,Muestras personalizadas gratis en todos los pedidos online,https://wa.me/34689004411,https://www.facebook.com/modestacassinello,https://www.instagram.com/modestacassinello,https://www.tiktok.com/@modestacassinello,,,,,,,,https://modestacassinello.com,
145,También Online,SI,SI,España,Andalucía,Córdoba,,Joyería Fina en Plata y Oro,B044,Fauna y Flora,#FaunaiFlora #JoyeriaArtesanal #BotanicalJewelry #SlowDesign,Envío gratis en pedidos de joyería a partir de 50€,https://wa.me/34622119944,https://www.facebook.com/faunayflorabcn,https://www.instagram.com/faunayflora,https://www.tiktok.com/@faunayflora,,,,,,,,https://faunayflora.com,
146,También Online,SI,SI,España,Cataluña,Barcelona,,Moda Sostenible e Infantil,B045,Tinycottons,#Tinycottons #KidsFashion #BarcelonaStyle #OrganicCotton,10% de bienvenida para nuevos usuarios registrados,https://wa.me/34938029988,https://www.facebook.com/tinycottons,https://www.instagram.com/tinycottons,https://www.tiktok.com/@tinycottons_,,,,,,,,https://tinycottons.com,
147,Sólo Online,SI,SI,España,Comunidad de Madrid,Madrid,,Moda Femenina y Sastrería,B046,Byan,#Byan #BlazersSpain #SastreriaFemenina #SlowFashion,Envío estándar gratis a partir de 200€,https://wa.me/34650123987,https://www.facebook.com/byanbrand,https://www.instagram.com/byan__collection,https://www.tiktok.com/@byancollection,,,,,,,,https://byan.es,
148,Sólo Online,SI,SI,España,Comunidad de Madrid,Madrid,,Calzado de Diseño Femenino,B047,Adeba Shoes,#Adeba #AdebaShoes #ZapatosDiseno #MadeInSpain,10% de descuento en el primer par al suscribirte,https://wa.me/34629443322,https://www.facebook.com/adebashoes,https://www.instagram.com/adeba.shoes,https://www.tiktok.com/@adebashoes,,,,,,,,https://adeba.es,
149,Sólo Online,SI,SI,España,Galicia,Pontevedra,,Moda Romántica Artesanal,B048,Andion Clothing,#AndionClothing #BlusasArtesanales #HandmadeInSpain #VintageStyle,Precios desde 120€ en selección confeccionada bajo demanda,https://wa.me/34689001244,https://www.facebook.com/andionclothing,https://www.instagram.com/andionclothing,https://www.tiktok.com/@andionclothing,,,,,,,,https://andionclothing.com,
150,Sólo Online,SI,SI,España,Cataluña,Barcelona,,Moda de Estilo Retro y Boho,B049,Avec Studio,#AvecStudio #InvitadaAvec #BohoChic #BarcelonaFashion,10% de descuento de bienvenida en tu primera compra,https://wa.me/34682334411,https://www.facebook.com/avecstudiobcn,https://www.instagram.com/avecstudio,https://www.tiktok.com/@avecstudio,,,,,,,,https://avecstudio.com,
151,Sólo Online,SI,SI,España,Comunidad de Madrid,Madrid,,Moda de Fiesta y Eventos,B050,Mioh,#Mioh #MiohCollection #VestidosDeFiesta #InvitadaPerfecta,Envío gratis en compras peninsulares superiores a 90€,https://wa.me/34638700911,https://www.facebook.com/miohcollection,https://www.instagram.com/mioh.eu,https://www.tiktok.com/@mioh.eu,,,,,,,,https://mioh.eu,
152,También Online,SI,SI,España,Comunidad de Madrid,Madrid,,Lencería y Homewear,B000_152,Black Limba,#BlackLimba #LenceriaComoda #BraletteStyle #Activewear,15% de descuento en el primer pedido al registrarte en la web,https://wa.me/34689223311,https://www.facebook.com/blacklimba,https://www.instagram.com/blacklimba,https://www.tiktok.com/@blacklimba,,,,,,,,https://blacklimba.com,
153,También Online,SI,SI,España,País Vasco,Guipúzcoa,,Moda Sostenible y Surfwear,B000_153,Loreak Mendian,#LoreakMendian #DonostiaStyle #StreetwearSpain #SustainableFashion,10% de descuento de bienvenida en la primera compra,https://wa.me/34943344112,https://www.facebook.com/loreakmendian,https://www.instagram.com/loreakmendian,https://www.tiktok.com/@loreakmendian,,,,,,,,https://loreakmendian.com,
154,También Online,SI,SI,España,Cataluña,Barcelona,,Moda Contemporánea y Denim,B000_154,Yerse,#Yerse #KnitwearLovers #ModaBarcelona #ContemporaryStyle,10% de descuento directo en tu carrito al suscribirte,https://wa.me/34938602400,https://www.facebook.com/yersemoda,https://www.instagram.com/yerse_official,https://www.tiktok.com/@yerse_official,,,,,,,,https://yerse.com,
155,También Online,SI,SI,España,Comunidad de Madrid,Madrid,,Calzado Femenino,B000_155,Unisa,#Unisa #UnisaShoes #CalzadoComodo #ZapatosPiel,Envío gratuito a domicilio en pedidos superiores a 60€,https://wa.me/34914316200,https://www.facebook.com/unisasupershoes,https://www.instagram.com/unisasupershoes,https://www.tiktok.com/@unisasupershoes,,,,,,,,https://unisa-europa.com,
156,También Online,SI,SI,España,Andalucía,Sevilla,,Moda Infantil de Diseño,B000_156,Marita Rial,#MaritaRial #AltaCosturaInfantil #CeremoniaInfantil #MadeInSpain,Prendas en liquidación de temporada desde 45€,https://wa.me/34670234567,https://www.facebook.com/maritarialoficial,https://www.instagram.com/maritarial,https://www.tiktok.com/@maritarialoficial,,,,,,,,https://maritarial.es,
157,También Online,SI,SI,España,Cataluña,Barcelona,,Moda Femenina y Complementos,B000_157,eseOese,#eseOese #SlowFashion #BasicosNaturales #ModaMediterranea,10% de descuento al unirte al newsletter oficial,https://wa.me/34934151200,https://www.facebook.com/eseoesestudio,https://www.instagram.com/eseoese54,https://www.tiktok.com/@eseoese54,,,,,,,,https://eseoese.com,
158,También Online,SI,SI,España,Comunidad de Madrid,Madrid,,Moda e Invitada,B000_158,Panambi,#Panambi #InvitadaPanambi #ColeccionFiesta #ModaSevillana,Envío exprés gratuito en pedidos superiores a 150€,https://wa.me/34689332211,https://www.facebook.com/panambicollection,https://www.instagram.com/panambicollection,https://www.tiktok.com/@panambicollection,,,,,,,,https://panambicollection.com,
159,También Online,SI,SI,España,Castilla y León,Burgos,,Cosmética Natural y Sostenible,B000_159,Vera And The Birds,#VeraAndTheBirds #SlowCosmetics #CosmeticaNatural #SkincareRutina,10% de bienvenida para nuevos registros en web,https://wa.me/34684120934,https://www.facebook.com/veraandthebirds,https://www.instagram.com/veraandthebirds,https://www.tiktok.com/@veraandthebirds,,,,,,,,https://veraandthebirds.com,
160,También Online,SI,SI,España,Comunidad de Madrid,Madrid,,Joyería Fina y Minimalista,B000_160,Aristocrazy,#Aristocrazy #FineJewelry #PlataDeLey #ModaJoyera,Envío estándar gratis a partir de 70€ de compra,https://wa.me/34915758800,https://www.facebook.com/aristocrazy,https://www.instagram.com/aristocrazy,https://www.tiktok.com/@aristocrazy,,,,,,,,https://aristocrazy.com,
161,También Online,SI,SI,España,Cataluña,Barcelona,,Moda Sostenible y Reciclada,B000_161,Thinking MU,#ThinkingMu #ZeroWasteFashion #HempClothing #EcoFriendly,10% de descuento en tu primer pedido al suscribirte,https://wa.me/34932170090,https://www.facebook.com/thinkingmu,https://www.instagram.com/thinkingmu,https://www.tiktok.com/@thinkingmu,,,,,,,,https://thinkingmu.com,
162,También Online,SI,SI,España,Comunidad de Madrid,Madrid,,Marroquinería y Bolsos,B000_162,Suritt,#Suritt #BolsosDePiel #LeatherGoods #AppleWatchStraps,10% de bienvenida al registrarte en su boletín,https://wa.me/34674102938,https://www.facebook.com/surittbrand,https://www.instagram.com/suritt_brand,https://www.tiktok.com/@suritt_brand,,,,,,,,https://suritt.com,
163,También Online,SI,SI,España,Comunidad Valenciana,Alicante,,Calzado Sostenible,B000_163,Vesicapiscis,#Vesicapiscis #RecycledShoes #VeganFootwear #CircularFashion,Descuentos de hasta el 25% en pares seleccionados de temporada,https://wa.me/34621203344,https://www.facebook.com/vesicapiscisfootwear,https://www.instagram.com/vesicapiscis_footwear,https://www.tiktok.com/@vesicapiscisfootwear,,,,,,,,https://vesicapiscis.org,
164,También Online,SI,SI,España,Andalucía,Málaga,,Joyería Artesanal y Contemporánea,B000_164,Joiart,#Joidart #ContemporaryJewelry #BarcelonaDesign #JoyasCreativas,10% de descuento en suscripción para primer pedido,https://wa.me/34972771000,https://www.facebook.com/joidart,https://www.instagram.com/joidartjewelry,https://www.tiktok.com/@joidartjewelry,,,,,,,,https://joidart.com,
165,También Online,SI,SI,España,Cataluña,Barcelona,,Cosmética Marina y Sostenible,B000_165,Twelve Beauty,#TwelveBeauty #CleanSkincare #CosmeticaBotanica #Sensibleskin,Muestras gratis de lujo incluidas en todas las compras,https://wa.me/34932001122,https://www.facebook.com/twelvebeauty,https://www.instagram.com/twelvebeauty,https://www.tiktok.com/@twelvebeauty,,,,,,,,https://twelvebeauty.com,
166,También Online,SI,SI,España,Comunidad de Madrid,Madrid,,Papelería de Diseño y Accesorios,B000_166,Charuca,#Charuca #Papelterapia #AgendasCharuca #PapeleriaBonita,10% de descuento de bienvenida en la primera orden,https://wa.me/34644781290,https://www.facebook.com/charucashop,https://www.instagram.com/charuca,https://www.tiktok.com/@charucashop,,,,,,,,https://charuca.shop,
167,También Online,SI,SI,España,Comunidad de Madrid,Madrid,,Moda Femenina y Urbana,B000_167,Compañía Fantástica,#CompaniaFantastica #OriginalPrints #ColourfulFashion #MadridDesign,10% de descuento al registrarte en su plataforma,https://wa.me/34914402910,https://www.facebook.com/companiafantastica,https://www.instagram.com/companiafantastica,https://www.tiktok.com/@companiafantastica,,,,,,,,https://companiafantastica.com,
168,También Online,SI,SI,España,Cataluña,Barcelona,,Calzado Infantil Respetuoso,B000_168,Zapato Feroz,#ZapatoFeroz #CalzadoRespetuoso #BarefootKids #CeroDrop,Envío gratuito peninsular a partir de 60€ de compra,https://wa.me/34685002911,https://www.facebook.com/zapatoferoz,https://www.instagram.com/zapatoferoz,https://www.tiktok.com/@zapatoferoz,,,,,,,,https://zapatoferoz.es,
169,También Online,SI,SI,España,Comunidad de Madrid,Madrid,,Moda Casual Femenina,B000_169,Maggie Sweet,#MaggieSweet #ModaFemenina #VestidosBoho #RomanticPrints,Envíos gratis en pedidos superiores a 50€ en península,https://wa.me/34674900112,https://www.facebook.com/maggiesweetspain,https://www.instagram.com/maggiesweetspain,https://www.tiktok.com/@maggiesweetspain,,,,,,,,https://maggiesweet.es,
170,También Online,SI,SI,España,Castilla-La Mancha,Albacete,,Cosmética Natural Ecológica,B000_170,Mimesis Sensations,#MimesisSensations #CosmeticaEspanola #BioSkincare #Ecoluxury,10% de descuento en tu cesta suscribiéndote al newsletter,https://wa.me/34629001133,https://www.facebook.com/mimesissensations,https://www.instagram.com/mimesis_sensations,https://www.tiktok.com/@mimesissensations,,,,,,,,https://mimesis-sensations.com,
171,También Online,SI,SI,España,Comunidad de Madrid,Madrid,,Joyería y Accesorios de Moda,B000_171,Dime Que Me Quieres,#DimeQueMeQuieres #JoyasPersonalizadas #JoyeriaEspanola #MedallasPlata,10% de descuento en el primer pedido con tu registro,https://wa.me/34699112244,https://www.facebook.com/dimequemequieresjoyas,https://www.instagram.com/dimequemequieres,https://www.tiktok.com/@dimequemequieres,,,,,,,,https://dimequemequieres.net,
172,También Online,SI,SI,España,Cataluña,Barcelona,,Moda de Baño Sostenible,B000_172,All Sisters,#AllSisters #EcoSwimwear #BañadoresSostenibles #MinimalSwim,Envío gratis estándar a partir de 150€ de compra,https://wa.me/34931002233,https://www.facebook.com/allsisters,https://www.instagram.com/allsisters,https://www.tiktok.com/@allsisters_swim,,,,,,,,https://allsisters.com,
173,También Online,SI,SI,España,Comunidad de Madrid,Madrid,,Velas y Fragancias del Hogar,B000_173,Book and Glow,#BookAndGlow #VelasDeSoja #VelasLiterarias #HomeFragrance,10% de descuento directo en tu carrito al suscribirte,https://wa.me/34678990011,https://www.facebook.com/bookandglow,https://www.instagram.com/bookandglow,https://www.tiktok.com/@bookandglow,,,,,,,,https://bookandglow.com,
174,También Online,SI,SI,España,Comunidad de Madrid,Madrid,,Moda Femenina y Estilo Relajado,B000_174,Lady Pipa,#LadyPipa #InvitadasLadyPipa #VestidosElegantes #ModaMadrid,Envío estándar gratis a partir de 120€,https://wa.me/34672009988,https://www.facebook.com/ladypipaoficial,https://www.instagram.com/ladypipa,https://www.tiktok.com/@ladypipa_official,,,,,,,,https://ladypipa.es,
175,También Online,SI,SI,España,Galicia,Pontevedra,,Moda de Fiesta y Novia,B000_175,Boüret,#Bouret #ModaGallega #NoviasBouret #VestidosDeNovia,Envío nacional peninsular gratis en compras mayores a 150€,https://wa.me/34698112233,https://www.facebook.com/bouretatelier,https://www.instagram.com/bouretatelier,https://www.tiktok.com/@bouretatelier,,,,,,,,https://bouret.es,
176,También Online,SI,SI,España,Cataluña,Barcelona,,Joyería Contemporánea de Autor,B000_176,Suarez Sisters / Sansoeurs,#Sansoeurs #FineDiamonds #JoyeriaContemporanea #AnillosOro,Envío asegurado gratis en todos los pedidos de península,https://wa.me/34612334455,https://www.facebook.com/sansoeurs,https://www.instagram.com/sansoeurs,https://www.tiktok.com/@sansoeurs,,,,,,,,https://sansoeurs.com,
177,También Online,SI,SI,España,Comunidad de Madrid,Madrid,,Moda e Invitada de Boda,B000_177,Apparentia,#Apparentia #ModaInvitada #EspanaModa #VestidosGraduacion,10% de descuento de bienvenida suscribiéndote al boletín,https://wa.me/34984041040,https://www.facebook.com/apparentiamoda,https://www.instagram.com/apparentia_official,https://www.tiktok.com/@apparentia_official,,,,,,,,https://apparentia.com,
178,También Online,SI,SI,España,Andalucía,Córdoba,,Joyería en Plata de Ley,B000_178,Argyor,#Argyor #AlianzasDeBoda #JoyeriaNupcial #AnillosCompromiso,Grabado gratuito incluido en todas las alianzas de boda,https://wa.me/34976460011,https://www.facebook.com/argyor,https://www.instagram.com/argyor1954,https://www.tiktok.com/@argyor1954,,,,,,,,https://argyor.com,
179,También Online,SI,SI,España,Comunidad de Madrid,Madrid,,Moda Urbana y Accesorios,B000_179,Mi&Co,#MiAndCo #ModaBoho #BarcelonaVibes #ColeccionAlgodon,Descuentos de hasta el 40% en selección outlet,https://wa.me/34914112233,https://www.facebook.com/miandcoofficial,https://www.instagram.com/miandco,https://www.tiktok.com/@miandco,,,,,,,,https://miandco.es,
180,También Online,SI,SI,España,Cataluña,Barcelona,,Cuidado de la Piel y Fitocosmética,B000_180,Ainea Nutrición Marina,#Ainea #Fitocosmetica #PerfumeriaBotanica #MadeInBarcelona,Envío gratis en pedidos de perfumes superiores a 45€,https://wa.me/34937512244,https://www.facebook.com/aineaperfums,https://www.instagram.com/aineaperfums,https://www.tiktok.com/@aineaperfums,,,,,,,,https://aineaperfums.com,
181,También Online,SI,SI,España,Comunidad de Madrid,Madrid,,Moda Femenina y Complementos,B000_181,Maison Hotel,#MaisonHotel #BohoChic #VintageInspired #VestidosBordados,10% de bienvenida en primera orden online,https://wa.me/34680112233,https://www.facebook.com/maisonhotel,https://www.instagram.com/maisonhotel,https://www.tiktok.com/@maisonhotel,,,,,,,,https://maison-hotel.com,
182,También Online,SI,SI,España,Cataluña,Barcelona,,Calzado Femenino Contemporáneo,B000_182,About Arianne,#AboutArianne #SlowFootwear #MadeInSpainShoes #ZapatosPiel,Envío gratuito estándar en compras a partir de 150€,https://wa.me/34932174455,https://www.facebook.com/aboutarianne,https://www.instagram.com/aboutarianne,https://www.tiktok.com/@aboutarianne,,,,,,,,https://aboutarianne.com,
183,También Online,SI,SI,España,Comunidad de Madrid,Madrid,,Ropa de Casa y Pijamas de Lujo,B000_183,Wafflie Petites,#Wafflie #LujoHogar #PijamasDeSeda #HomewearSpain,10% de descuento en el primer pedido registrándote,https://wa.me/34644221100,https://www.facebook.com/wafflie,https://www.instagram.com/wafflie,https://www.tiktok.com/@wafflie,,,,,,,,https://wafflie.es,
184,También Online,SI,SI,España,Andalucía,Sevilla,,Tocados y Complementos de Novia,B000_184,Marucca,#Marucca #TocadosNovia #AccesoriosInvitada #ModaSevillana,Envío nacional gratis a partir de 90€ de compra,https://wa.me/34687114422,https://www.facebook.com/maruccatocados,https://www.instagram.com/marucca_official,https://www.tiktok.com/@maruccatocados,,,,,,,,https://marucca.es,
185,También Online,SI,SI,España,Comunidad Valenciana,Valencia,,Bolsos y Accesorios de Piel,B000_185,Reliquiae,#Reliquiae #HighLeatherCraft #ArtesaniaEspanola #BolsosDeLujo,Envío y devoluciones sin coste en toda la península,https://wa.me/34985223344,https://www.facebook.com/reliquiaespain,https://www.instagram.com/reliquiae_spain,https://www.tiktok.com/@reliquiaespain,,,,,,,,https://reliquiae.com,
186,También Online,SI,SI,España,Cataluña,Barcelona,,Bikinis y Moda Playera,B000_186,Reset Priority,#ResetPriority #SustainableSwimwear #BikinisDiseno #BarcelonaMade,10% de descuento de bienvenida en el registro web,https://wa.me/34678443322,https://www.facebook.com/resetpriority,https://www.instagram.com/resetpriority,https://www.tiktok.com/@resetpriority,,,,,,,,https://resetpriority.com,
187,También Online,SI,SI,España,Comunidad de Madrid,Madrid,,Cosmética Botánica Avanzada,B000_187,Labeau Organic,#LabeauOrganic #NaturalCosmetics #CleanBeautySpain #AceitesFaciales,Portes gratis peninsulares en pedidos a partir de 30€,https://wa.me/34633009911,https://www.facebook.com/labeauorganic,https://www.instagram.com/labeauorganic,https://www.tiktok.com/@labeauorganic,,,,,,,,https://labeauorganic.com,
188,También Online,SI,SI,España,País Vasco,Vizcaya,,Marroquinería Artesanal,B000_188,Surkana,#Surkana #BolsosColoridos #ModaSostenible #AccesoriosMujer,10% de descuento en tu primera compra al unirte al club,https://wa.me/34932454511,https://www.facebook.com/surkana,https://www.instagram.com/surkana_official,https://www.tiktok.com/@surkana_official,,,,,,,,https://surkana.com,
189,También Online,SI,SI,España,Comunidad de Madrid,Madrid,,Moda Femenina y Trajes,B000_189,Bgo & Me Atelier,#BgoAtelier #ModaGallega #TrajesInvitada #ChicFashion,Envío exprés gratuito en pedidos superiores a 150€,https://wa.me/34680970034,https://www.facebook.com/bgoandme,https://www.instagram.com/bgoandme,https://www.tiktok.com/@bgoandme_official,,,,,,,,https://bgoandme.com,
190,Sólo Online,SI,SI,España,Comunidad de Madrid,Madrid,,Moda Femenina y Estilo Relajado,B000_190,Musbombon,#Musbombon #ModaEspanola #PrendasConEncanto #SlowCollection,10% de descuento al apuntarte a la lista de correo,https://wa.me/34659112233,https://www.facebook.com/musbombon,https://www.instagram.com/musbombon,https://www.tiktok.com/@musbombon,,,,,,,,https://musbombon.com,
191,Sólo Online,SI,SI,España,Cataluña,Barcelona,,Joyería Escultural,B000_191,Small Branch,#SmallBranch #JoyeriaDeAutor #PlataReciclada #JoyasUnicas,Envío peninsular gratuito en pedidos de más de 60€,https://wa.me/34611445566,https://www.facebook.com/smallbranch,https://www.instagram.com/smallbranchjewelry,https://www.tiktok.com/@smallbranch,,,,,,,,https://smallbranch.es,
192,Sólo Online,SI,SI,España,Comunidad de Madrid,Madrid,,Moda e Invitadas Románticas,B000_192,Cho Atelier,#ChoAtelier #VestidosGraduacion #InvitadasConEstilo #ModaHechaEnEspana,Prendas en sección especial de rebajas con hasta 40% off,https://wa.me/34677889900,https://www.facebook.com/choatelier,https://www.instagram.com/choatelier,https://www.tiktok.com/@choatelier,,,,,,,,https://choatelier.com,
193,Sólo Online,SI,SI,España,Galicia,La Coruña,,Calzado Minimalista Artesanal,B000_193,Diarte Footwear,#Diarte #KnitShoes #MinimalistShoes #SlowWear,10% de descuento en la newsletter para la nueva colección,https://wa.me/34689110022,https://www.facebook.com/diartestudio,https://www.instagram.com/diarte_studio,https://www.tiktok.com/@diartestudio,,,,,,,,https://diarte.net,
194,Sólo Online,SI,SI,España,Andalucía,Sevilla,,Accesorios y Complementos de Boda,B000_194,Dmaniq,#Dmaniq #PendientesInvitada #AccesoriosFiesta #SevillaDiseno,Envío gratuito a partir de 45€ en península,https://wa.me/34690223344,https://www.facebook.com/dmaniqbrand,https://www.instagram.com/dmaniq_brand,https://www.tiktok.com/@dmaniq,,,,,,,,https://dmaniq.com,
195,Sólo Online,SI,SI,España,Comunidad Valenciana,Alicante,,Bañadores y Bikinis de Lujo,B000_195,Ônne Swimwear,#OnneSwimwear #BikinisTendencia #RibbedFabric #BeachBabes,15% de descuento en tu primer carrito con registro,https://wa.me/34674889922,https://www.facebook.com/onneswimwear,https://www.instagram.com/onneswimwear,https://www.tiktok.com/@onneswimwear,,,,,,,,https://onneswimwear.com,
196,Sólo Online,SI,SI,España,Comunidad de Madrid,Madrid,,Lencería de Novia y Satén,B000_196,Beso de Sal,#BesoDeSal #LenceriaSaten #BatasNovia #BridalMorning,10% de descuento de bienvenida en la primera orden,https://wa.me/34622889900,https://www.facebook.com/besodesal,https://www.instagram.com/besodesal,https://www.tiktok.com/@besodesal,,,,,,,,https://besodesal.com,
197,Sólo Online,SI,SI,España,Cataluña,Barcelona,,Moda Upcycling y Creativa,B000_197,Mietis,#Mietis #LeatherJackets #PopColors #CatalanDesign,Envío exprés gratis a nivel internacional desde 250€,https://wa.me/34933001122,https://www.facebook.com/mietisbrand,https://www.instagram.com/mietisbrand,https://www.tiktok.com/@mietisbrand,,,,,,,,https://mietisstudio.com,
198,Sólo Online,SI,SI,España,Comunidad de Madrid,Madrid,,Joyería Fina en Vermeil,B000_198,Leandra Studio,#LeandraStudio #BolsosDeDiseno #MadeInSpainLeather #ItBags,10% de descuento directo en tu carrito al suscribirte,https://wa.me/34649112233,https://www.facebook.com/leandrastudio,https://www.instagram.com/leandrastudio,https://www.tiktok.com/@leandrastudio,,,,,,,,https://leandrastudio.com,
199,Sólo Online,SI,SI,España,Andalucía,Granada,,Cosmética Sólida Ecológica,B000_199,Bara Cosmetics,#BaraCosmetics #JabonesArtesanos #ZeroWasteSpain #ChampusSolidos,Regalo de pastilla de muestra en compras superiores a 30€,https://wa.me/34633445566,https://www.facebook.com/baracosmetics,https://www.instagram.com/baracosmetics,https://www.tiktok.com/@baracosmetics,,,,,,,,https://baracosmetics.com,
200,Sólo Online,SI,SI,España,Comunidad de Madrid,Madrid,,Moda para Eventos y Cóctel,B000_200,Cardié Moda,#Cardie #CardieModa #TotalLookFiesta #InvitadasConGlamour,Sección Special Prices con prendas desde 49€,https://wa.me/34691223344,https://www.facebook.com/cardiemoda,https://www.instagram.com/cardiemoda,https://www.tiktok.com/@cardiemoda,,,,,,,,https://cardie.es,
201,Sólo Online,SI,SI,España,Cataluña,Barcelona,,Velas de Cera de Soja y Decoración,B000_201,The Singular Olivia,#TheSingularOlivia #VelasAromaticas #CosmeticaDeCulto #HogarChic,Envío gratuito a domicilio en compras mayores a 50€,https://wa.me/34921443322,https://www.facebook.com/thesingularolivia,https://www.instagram.com/thesingularolivia,https://www.tiktok.com/@thesingularolivia,,,,,,,,https://thesingularolivia.com,
202,También Online,SI,SI,Estados Unidos,California,Los Angeles,,Moda,C001,Reformation,#SustainableFashion #EthicalStyle #VintageInspired #EcoChic,10% de descuento al suscribirte al newsletter,https://wa.me/18557560560,https://www.facebook.com/reformation,https://www.instagram.com/reformation,https://www.tiktok.com/@reformation,,,,,,,,https://www.thereformation.com,
203,También Online,SI,SI,Estados Unidos,California,Los Angeles,,Cosmética y cuidado personal,C002,Tower 28 Beauty,#Tower28Beauty #CleanBeauty #SensitiveSkin #CleanMakeup,Envío estándar gratis en compras mayores a $35,https://wa.me/13109287373,https://www.facebook.com/tower28beauty,https://www.instagram.com/tower28beauty,https://www.tiktok.com/@tower28beauty,,,,,,,,https://www.tower28beauty.com,
204,También Online,SI,NO,Estados Unidos,Texas,Houston,,Joyería y accesorios,C003,Kendra Scott,#KendraScott #ColorBar #FineJewelry #TexasJewelry,15% de descuento al suscribirte al newsletter,https://wa.me/18666752637,https://www.facebook.com/KendraScott,https://www.instagram.com/kendrascott,https://www.tiktok.com/@kendrascott,,,,,,,,https://www.kendrascott.com,
205,También Online,SI,SI,Estados Unidos,California,Los Angeles,,Moda infantil,C004,Maisonette,#Maisonette #KidsFashion #BabyBoutique #ChicKids,10% de descuento en tu primera compra al registrarte,https://wa.me/18446247663,https://www.facebook.com/maisonetteworld,https://www.instagram.com/maisonetteworld,https://www.tiktok.com/@maisonetteworld,,,,,,,,https://www.maisonette.com,
206,También Online,SI,SI,Estados Unidos,California,San Diego,,Moda,C005,L*Space,#LSpace #Swimwear #Resortwear #BikiniLife,15% de descuento con suscripción por email,https://wa.me/19495530386,https://www.facebook.com/LSpaceSwimwear,https://www.instagram.com/lspace,https://www.tiktok.com/@lspace,,,,,,,,https://www.lspace.com,
207,Sólo Online,SI,SI,Estados Unidos,California,Los Angeles,,Cosmética y cuidado personal,C006,Summer Fridays,#SummerFridays #JetLagMask #CleanSkincare #GlowingSkin,15% de descuento en tu primera orden con suscripción,https://wa.me/13104992985,https://www.facebook.com/summerfridaysskincare,https://www.instagram.com/summerfridays,https://www.tiktok.com/@summerfridays,,,,,,,,https://www.summerfridays.com,
208,También Online,SI,SI,Estados Unidos,California,Los Angeles,,Moda,C007,Cult Gaia,#CultGaia #LuxuryBoho #ResortStyle #ArtWear,10% de descuento en tu primera compra online,https://wa.me/13102750355,https://www.facebook.com/cultgaia,https://www.instagram.com/cultgaia,https://www.tiktok.com/@cultgaia,,,,,,,,https://www.cultgaia.com,
209,También Online,SI,NO,Estados Unidos,Florida,Miami,,Decoración del hogar,C008,Boy Smells,#BoySmells #Genderful #ScentedCandles #HomeFragrance,15% de descuento al unirte a la lista de correo,https://wa.me/13233806788,https://www.facebook.com/boysmells,https://www.instagram.com/boysmells,https://www.tiktok.com/@boysmells,,,,,,,,https://www.boysmells.com,
210,Sólo Online,SI,SI,Estados Unidos,California,Los Angeles,,Cosmética y cuidado personal,C009,Youth To The People,#YTTP #SuperfoodSkincare #VeganSkincare #CleanBeauty,15% de descuento al suscribirte al boletín,https://wa.me/18559887754,https://www.facebook.com/youthtothepeople,https://www.instagram.com/youthtothepeople,https://www.tiktok.com/@youthtothepeople,,,,,,,,https://www.youthtothepeople.com,
211,También Online,SI,NO,Estados Unidos,California,San Francisco,,Calzado,C010,Birdies,#BirdiesSlippers #BirdiesFlats #StylishComfort #WomenShoes,$20 de descuento en tu primer pedido mayor a $100,https://wa.me/14159670088,https://www.facebook.com/birdiesslippers,https://www.instagram.com/birdiesslippers,https://www.tiktok.com/@birdiesslippers,,,,,,,,https://www.birdies.com,
212,También Online,SI,SI,Estados Unidos,California,Los Angeles,,Moda,C011,Staud,#Staud #ContemporaryFashion #ITBag #DesignerStyle,15% de descuento al suscribirte al boletín oficial,https://wa.me/12134440555,https://www.facebook.com/staudclothing,https://www.instagram.com/staud.clothing,https://www.tiktok.com/@staud,,,,,,,,https://www.staud.clothing,
213,Sólo Online,SI,SI,Estados Unidos,Texas,Austin,,Cosmética y cuidado personal,C012,Live Tinted,#LiveTinted #Huestick #DiverseBeauty #InclusiveBeauty,15% de descuento en tu primera compra online,https://wa.me/15124028889,https://www.facebook.com/livetinted,https://www.instagram.com/livetinted,https://www.tiktok.com/@livetinted,,,,,,,,https://www.livetinted.com,
214,También Online,SI,SI,Estados Unidos,California,Los Angeles,,Joyería y accesorios,C013,Gorjana,#Gorjana #LayeredJewelry #GoldJewelry #LagunaBeach,Envío estándar gratis en compras mayores a $50,https://wa.me/18668294330,https://www.facebook.com/gorjana,https://www.instagram.com/gorjana,https://www.tiktok.com/@gorjana,,,,,,,,https://www.gorjana.com,
215,También Online,SI,SI,Estados Unidos,California,Los Angeles,,Moda infantil,C014,Rylee + Cru,#RyleeAndCru #KidsApparel #OrganicCotton #BabyStyle,10% de descuento al suscribirte por primera vez,https://wa.me/18587044000,https://www.facebook.com/ryleeandcru,https://www.instagram.com/ryleeandcru,https://www.tiktok.com/@ryleeandcru,,,,,,,,https://www.ryleeandcru.com,
216,También Online,SI,SI,Estados Unidos,Florida,Miami,,Marroquinería,C015,MZ Wallace,#MZWallace #NylonBags #EverydayTote #TravelBags,15% de descuento al unirte al mailing oficial,https://wa.me/18886005559,https://www.facebook.com/MZWallaceNY,https://www.instagram.com/mzwallacenyc,https://www.tiktok.com/@mzwallacenyc,,,,,,,,https://www.mzwallace.com,
217,También Online,SI,SI,Estados Unidos,California,Los Angeles,,Moda,C016,Anine Bing,#AnineBing #ScandinavianStyle #EdgyChic #LALifestyle,10% de descuento en el primer pedido online,https://wa.me/12132210888,https://www.facebook.com/aninebingofficial,https://www.instagram.com/aninebingofficial,https://www.tiktok.com/@aninebingofficial,,,,,,,,https://www.aninebing.com,
218,Sólo Online,SI,SI,Estados Unidos,California,San Francisco,,Cosmética y cuidado personal,C017,Biossance,#Biossance #SqualaneScience #CleanBeauty #VeganSkincare,20% de descuento al suscribirte al boletín de noticias,https://wa.me/18446882467,https://www.facebook.com/biossance,https://www.instagram.com/biossance,https://www.tiktok.com/@biossance,,,,,,,,https://www.biossance.com,
219,También Online,SI,NO,Estados Unidos,California,Los Angeles,,Decoración del hogar,C018,Parachute Home,#ParachuteHome #ModernLinens #HomeComfort #EcoBedding,15% de descuento en tu primera compra de ropa de cama,https://wa.me/18889683522,https://www.facebook.com/parachutehome,https://www.instagram.com/parachutehome,https://www.tiktok.com/@parachutehome,,,,,,,,https://www.parachutehome.com,
220,También Online,SI,SI,Estados Unidos,California,Los Angeles,,Moda,C019,Dôen,#ShopDoen #VintageInspired #BohoLuxe #RomanticStyle,Envío doméstico gratis en órdenes mayores a $250,https://wa.me/18182064477,https://www.facebook.com/shopdoen,https://www.instagram.com/shopdoen,https://www.tiktok.com/@shopdoen,,,,,,,,https://www.shopdoen.com,
221,También Online,SI,SI,Estados Unidos,California,Los Angeles,,Joyería y accesorios,C020,Jennie Kwon Designs,#JennieKwon #FineJewelry #DelicateJewelry #LAJewelry,10% de descuento al unirte al boletín de novedades,https://wa.me/12134894334,https://www.facebook.com/jenniekwondesigns,https://www.instagram.com/jenniekwondesigns,https://www.tiktok.com/@jenniekwondesigns,,,,,,,,https://www.jenniekwondesigns.com,
222,También Online,SI,SI,Estados Unidos,California,Los Angeles,,Calzado,C021,Tamara Mellon,#TamaraMellon #LuxuryShoes #HandmadeInItaly #DesignerHeels,$50 de descuento en tu primera compra de calzado,https://wa.me/18663938224,https://www.facebook.com/tamaramellonbrand,https://www.instagram.com/tamaramellon,https://www.tiktok.com/@tamaramellon,,,,,,,,https://www.tamaramellon.com,
223,Sólo Online,SI,NO,Estados Unidos,Texas,Dallas,,Cosmética y cuidado personal,C022,Nécessaire,#Necessaire #BodyCare #CleanSkin #DermatologistTested,10% de descuento al registrarte con correo electrónico,https://wa.me/18557342678,https://www.facebook.com/necessaireofficial,https://www.instagram.com/necessaire,https://www.tiktok.com/@necessaire,,,,,,,,https://www.necessaire.com,
224,También Online,SI,SI,Estados Unidos,California,Los Angeles,,Marroquinería,C023,Clare V.,#ClareV #EverydayTote #FrenchStyle #CaliforniaCool,10% de descuento al suscribirte al newsletter,https://wa.me/13236606123,https://www.facebook.com/clarevivier,https://www.instagram.com/clarev,https://www.tiktok.com/@clarev,,,,,,,,https://www.clarev.com,
225,También Online,SI,SI,Estados Unidos,California,Los Angeles,,Moda infantil,C024,Colored Organics,#ColoredOrganics #OrganicCotton #BabyClothes #EthicalKids,15% de descuento al unirte a la lista de correo,https://wa.me/18556742642,https://www.facebook.com/coloredorganics,https://www.instagram.com/coloredorganics,https://www.tiktok.com/@coloredorganics,,,,,,,,https://www.coloredorganics.com,
226,También Online,SI,SI,Estados Unidos,Texas,Austin,,Moda,C025,Outdoor Voices,#OutdoorVoices #DoingThings #Activewear #Athleisure,20% de descuento en tu primera compra con registro,https://wa.me/18666886423,https://www.facebook.com/outdoorvoices,https://www.instagram.com/outdoorvoices,https://www.tiktok.com/@outdoorvoices,,,,,,,,https://www.outdoorvoices.com,
227,También Online,SI,NO,Estados Unidos,California,Los Angeles,,Decoración del hogar,C026,Lulu and Georgia,#LuluAndGeorgia #HomeDecor #ModernInterior #BohoRug,10% de descuento al unirte al club de clientes,https://wa.me/18555445284,https://www.facebook.com/luluandgeorgia,https://www.instagram.com/luluandgeorgia,https://www.tiktok.com/@luluandgeorgia,,,,,,,,https://www.luluandgeorgia.com,
228,Sólo Online,SI,SI,Estados Unidos,California,Los Angeles,,Cosmética y cuidado personal,C027,Kopari Beauty,#KopariBeauty #CoconutSkincare #CleanDeo #SunCare,15% de descuento con registro por correo,https://wa.me/18582014418,https://www.facebook.com/koparibeauty,https://www.instagram.com/koparibeauty,https://www.tiktok.com/@koparibeauty,,,,,,,,https://www.koparibeauty.com,
229,También Online,SI,SI,Estados Unidos,California,Los Angeles,,Joyería y accesorios,C028,The Last Line,#TheLastLine #FineJewelry #DiamondStuds #ColorPop,10% de descuento al suscribirte a la lista VIP,https://wa.me/13106574443,https://www.facebook.com/thelastlinela,https://www.instagram.com/thelastlinela,https://www.tiktok.com/@thelastline,,,,,,,,https://www.thisisthelast.com,
230,También Online,SI,SI,Estados Unidos,Florida,Miami,,Moda,C029,Pitusa,#Pitusa #Resortwear #BohoLuxe #Beachwear,15% de descuento al unirte al boletín de noticias,https://wa.me/17865364121,https://www.facebook.com/pitusaclothing,https://www.instagram.com/pitusa.co,https://www.tiktok.com/@pitusa.co,,,,,,,,https://www.pitusa.co,
231,También Online,SI,SI,Estados Unidos,California,Los Angeles,,Calzado,C030,Freda Salvador,#FredaSalvador #HandmadeShoes #ArtisanMade #EverydayLuxury,15% de descuento al registrarte con newsletter,https://wa.me/14156545123,https://www.facebook.com/FredaSalvador,https://www.instagram.com/fredasalvador,https://www.tiktok.com/@fredasalvador,,,,,,,,https://www.fredasalvador.com,
232,También Online,SI,SI,Estados Unidos,California,Los Angeles,,Moda infantil,C031,Monica + Andy,#MonicaAndAndy #GOTSOrganic #NewbornEssentials #BabyClothing,20% de descuento en el primer pedido online,https://wa.me/17736977474,https://www.facebook.com/monicaandandy,https://www.instagram.com/monicaandandy,https://www.tiktok.com/@monicaandandy,,,,,,,,https://www.monicaandandy.com,
233,También Online,SI,SI,Estados Unidos,California,Los Angeles,,Moda,C032,Christy Dawn,#ChristyDawn #RegenerativeFashion #VintageDresses #SlowFashion,15% de descuento al unirte por email,https://wa.me/13103926868,https://www.facebook.com/christydawncollection,https://www.instagram.com/christydawn,https://www.tiktok.com/@christydawn,,,,,,,,https://www.christydawn.com,
234,Sólo Online,SI,SI,Estados Unidos,California,Los Angeles,,Cosmética y cuidado personal,C033,Kinship,#Kinship #CleanSkincare #ProbioticSkincare #BarrierRepair,15% de descuento en tu primera orden oficial,https://wa.me/14158498877,https://www.facebook.com/lovekinship,https://www.instagram.com/lovekinship,https://www.tiktok.com/@lovekinship,,,,,,,,https://www.lovekinship.com,
235,También Online,SI,SI,Estados Unidos,California,Los Angeles,,Marroquinería,C034,Cuyana,#Cuyana #FewerBetterThings #LeatherTote #CapsuleWardrobe,10% de descuento al suscribirte al newsletter,https://wa.me/18442892621,https://www.facebook.com/cuyana,https://www.instagram.com/cuyana,https://www.tiktok.com/@cuyana,,,,,,,,https://www.cuyana.com,
236,También Online,SI,SI,Estados Unidos,California,Los Angeles,,Decoración del hogar,C035,Heather Taylor Home,#HeatherTaylorHome #GinghamHome #TabletopDecor #TextileDesign,10% de descuento en tu primer pedido con email,https://wa.me/13108609088,https://www.facebook.com/heathertaylorhome,https://www.instagram.com/heathertaylorhome,https://www.tiktok.com/@heathertaylorhome,,,,,,,,https://www.heathertaylorhome.com,
237,También Online,SI,SI,Estados Unidos,California,Los Angeles,,Joyería y accesorios,C036,Adina Reyter,#AdinaReyter #FineJewelry #PaveDiamonds #EverydayDiamonds,10% de descuento al registrarte con correo,https://wa.me/18187884488,https://www.facebook.com/adinareyterjewelry,https://www.instagram.com/adinareyter,https://www.tiktok.com/@adinareyter,,,,,,,,https://www.adinareyter.com,
238,También Online,SI,SI,Estados Unidos,California,San Francisco,,Moda,C037,Amour Vert,#AmourVert #SustainableStyle #EcoFabrics #FrenchStyle,15% de descuento en tu primera compra oficial,https://wa.me/18555660808,https://www.facebook.com/AmourVert,https://www.instagram.com/amourvert,https://www.tiktok.com/@amourvert,,,,,,,,https://www.amourvert.com,
239,También Online,SI,SI,Estados Unidos,Florida,Miami,,Calzado,C038,Schutz,#SchutzShoes #StrappySandals #BrazilianDesign #PartyHeels,15% de descuento al unirte al mailing oficial,https://wa.me/18443724889,https://www.facebook.com/schutzusa,https://www.instagram.com/schutz,https://www.tiktok.com/@schutz,,,,,,,,https://www.schutz-shoes.com,
240,Sólo Online,SI,SI,Estados Unidos,California,Los Angeles,,Cosmética y cuidado personal,C039,Saie Beauty,#SaieBeauty #CleanDewySkin #GlowyMakeup #MineralSPF,15% de descuento al unirte a la lista de correo,https://wa.me/18337243397,https://www.facebook.com/saiebeauty,https://www.instagram.com/saiebeauty,https://www.tiktok.com/@saiebeauty,,,,,,,,https://www.saiebeauty.com,
241,También Online,SI,SI,Estados Unidos,California,Los Angeles,,Moda infantil,C040,Goumi Kids,#GoumiKids #OrganicMittens #BambooPajamas #BabyEssentials,15% de descuento al unirte al boletín por email,https://wa.me/18885546864,https://www.facebook.com/goumikids,https://www.instagram.com/goumikids,https://www.tiktok.com/@goumikids,,,,,,,,https://www.goumikids.com,
242,También Online,SI,SI,Estados Unidos,Texas,Dallas,,Decoración del hogar,C041,St. Frank,#StFrank #ArtisanTextiles #BohoLuxe #FairTradeDecor,$50 de descuento en compras mayores a $250 con email,https://wa.me/18664958866,https://www.facebook.com/stfranktextiles,https://www.instagram.com/stfranktextiles,https://www.tiktok.com/@stfranktextiles,,,,,,,,https://www.stfrank.com,
243,También Online,SI,SI,Estados Unidos,California,Los Angeles,,Moda,C042,Rails,#RailsClothing #PlaidShirt #CaliforniaStyle #EffortlessChic,15% de descuento con suscripción al newsletter,https://wa.me/12137456789,https://www.facebook.com/RailsClothing,https://www.instagram.com/rails,https://www.tiktok.com/@rails,,,,,,,,https://www.rails.com,
244,También Online,SI,SI,Estados Unidos,California,Los Angeles,,Joyería y accesorios,C043,Baby Gold,#BabyGold #14kGold #PersonalizedJewelry #NameplateNecklace,10% de descuento en tu primer pedido personalizado,https://wa.me/12134448890,https://www.facebook.com/shopbabygold,https://www.instagram.com/shopbabygold,https://www.tiktok.com/@shopbabygold,,,,,,,,https://www.babygold.com,
245,También Online,SI,SI,Estados Unidos,Florida,Miami,,Marroquinería,C044,Senreve,#Senreve #ConvertibleBag #ItalianLeather #LuxuryWorkbag,$50 de descuento en tu primera compra con registro,https://wa.me/14159065600,https://www.facebook.com/senreve,https://www.instagram.com/senreve,https://www.tiktok.com/@senreve,,,,,,,,https://www.senreve.com,
246,Sólo Online,SI,SI,Estados Unidos,California,Los Angeles,,Cosmética y cuidado personal,C045,DedCool,#DedCool #FunctionalFragrance #CleanPerfume #MilkScent,15% de descuento al unirte al boletín oficial,https://wa.me/13234509988,https://www.facebook.com/dedcool,https://www.instagram.com/dedcool,https://www.tiktok.com/@dedcool,,,,,,,,https://www.dedcool.com,
247,También Online,SI,SI,Estados Unidos,California,Los Angeles,,Moda,C046,MISA Los Angeles,#MisaLosAngeles #BohoGlam #FloralDresses #ResortWear,15% de descuento al suscribirte al boletín VIP,https://wa.me/12137471188,https://www.facebook.com/misalosangeles,https://www.instagram.com/misalosangeles,https://www.tiktok.com/@misalosangeles,,,,,,,,https://www.misalosangeles.com,
248,También Online,SI,SI,Estados Unidos,California,Los Angeles,,Calzado,C047,Vince,#Vince #MinimalistFashion #LeatherSneakers #QuietLuxury,15% de descuento al suscribirte al newsletter,https://wa.me/18009448462,https://www.facebook.com/vince,https://www.instagram.com/vince,https://www.tiktok.com/@vince,,,,,,,,https://www.vince.com,
249,También Online,SI,SI,Estados Unidos,California,San Diego,,Moda infantil,C048,Posh Peanut,#PoshPeanut #BambooPajamas #FloralSwaddles #BabyRomper,10% de descuento con suscripción al newsletter,https://wa.me/18188243399,https://www.facebook.com/poshpeanut,https://www.instagram.com/poshpeanut,https://www.tiktok.com/@poshpeanut,,,,,,,,https://www.poshpeanut.com,
250,También Online,SI,SI,Estados Unidos,California,Los Angeles,,Decoración del hogar,C049,Aerin,#Aerin #LuxuryHome #HomeFragrance #TabletopDecor,15% de descuento al registrar tu correo electrónico,https://wa.me/18666423746,https://www.facebook.com/AerinWorld,https://www.instagram.com/aerin,https://www.tiktok.com/@aerin,,,,,,,,https://www.aerin.com,
251,También Online,SI,SI,Estados Unidos,Texas,Houston,,Joyería y accesorios,C050,Mignonne Gavigan,#MignonneGavigan #StatementEarrings #ScarfNecklace #BeadedJewelry,15% de descuento al registrarte con newsletter,https://wa.me/18552328844,https://www.facebook.com/mignonnegavigan,https://www.instagram.com/mignonnegavigan,https://www.tiktok.com/@mignonnegavigan,,,,,,,,https://www.mignonnegavigan.com,
252,También Online,SI,SI,Estados Unidos,Florida,Miami,,Moda,C051,Eberjey,#Eberjey #PajamaSet #Loungewear #SleepwearInStyle,15% de descuento al registrarte con correo electrónico,https://wa.me/18553237539,https://www.facebook.com/eberjey,https://www.instagram.com/eberjey,https://www.tiktok.com/@eberjey,,,,,,,,https://www.eberjey.com,
253,También Online,SI,SI,Estados Unidos,Florida,Miami,,Joyería y accesorios,C052,Miansai,#Miansai #MinimalistJewelry #CuffBracelets #ModernJewelry,10% de descuento en tu primera compra con registro,https://wa.me/13054004632,https://www.facebook.com/miansai,https://www.instagram.com/miansai,https://www.tiktok.com/@miansai,,,,,,,,https://www.miansai.com,
254,También Online,SI,SI,Estados Unidos,Texas,Houston,,Moda,C053,Mille,#ShopMille #BohoChic #SummerDresses #BoutiqueStyle,10% de descuento al suscribirte al newsletter,https://wa.me/16122081559,https://www.facebook.com/shopmille,https://www.instagram.com/shopmille,https://www.tiktok.com/@shopmille,,,,,,,,https://www.shopmille.com,
255,También Online,SI,SI,Estados Unidos,Florida,Miami,,Cosmética y cuidado personal,C054,Alamar Cosmetics,#AlamarCosmetics #LatinaBeauty #CrueltyFree #ColorCosmetics,10% de descuento con suscripción al boletín oficial,https://wa.me/17865293344,https://www.facebook.com/alamarcosmetics,https://www.instagram.com/alamarcosmetics,https://www.tiktok.com/@alamarcosmetics,,,,,,,,https://www.alamarcosmetics.com,
256,También Online,SI,SI,Estados Unidos,Texas,San Antonio,,Moda,C055,Addie Grace Boutique,#AddieGrace #TexasBoutique #SouthernStyle #RodeoFashion,15% de descuento al unirte al club VIP por correo,https://wa.me/12108346700,https://www.facebook.com/addiegraceboutiquetx,https://www.instagram.com/addiegraceboutiquetx,https://www.tiktok.com/@addiegraceboutiquetx,,,,,,,,https://www.addiegraceboutique.com,
257,También Online,SI,SI,Estados Unidos,Florida,Miami,,Calzado,C056,Nomasei,#Nomasei #ItalianShoes #EthicalLuxury #SustainableFootwear,Envío estándar gratis en compras mayores a $200,https://wa.me/17868012233,https://www.facebook.com/nomaseiofficial,https://www.instagram.com/nomasei_official,https://www.tiktok.com/@nomasei_official,,,,,,,,https://www.nomasei.com,
258,También Online,SI,SI,Estados Unidos,Texas,Austin,,Decoración del hogar,C057,Supply Showroom,#SupplyShowroom #BespokeWallpaper #ArtisanFabrics #InteriorDesign,Envío de muestras gratis en pedidos calificados,https://wa.me/15127706211,https://www.facebook.com/supplyshowroom,https://www.instagram.com/supplyshowroom,https://www.tiktok.com/@supplyshowroom,,,,,,,,https://www.supplyshowroom.com,
259,Sólo Online,SI,SI,Estados Unidos,Florida,Miami,,Cosmética y cuidado personal,C058,Treslúce Beauty,#TresluceBeauty #BeckyGBeauty #LatinaOwned #VeganMakeup,15% de descuento en tu primer pedido con email,https://wa.me/18005508821,https://www.facebook.com/treslucebeauty,https://www.instagram.com/treslucebeauty,https://www.tiktok.com/@treslucebeauty,,,,,,,,https://www.treslucebeauty.com,
260,También Online,SI,SI,Estados Unidos,Texas,Dallas,,Moda,C059,Mi Golondrina,#MiGolondrina #HandmadeEmbroidery #MexicanArtisans #BohoChic,10% de descuento al unirte a la lista de correos,https://wa.me/12142700414,https://www.facebook.com/migolondrina,https://www.instagram.com/migolondrina,https://www.tiktok.com/@migolondrina,,,,,,,,https://www.migolondrina.com,
261,También Online,SI,SI,Estados Unidos,Florida,Miami,,Marroquinería,C060,Consuela,#ConsuelaStyle #VivaLaFiesta #BrightTotes #ArtisanBags,Envío estándar gratis en compras superiores a $99,https://wa.me/15128949600,https://www.facebook.com/consuelastyle,https://www.instagram.com/consuelastyle,https://www.tiktok.com/@consuelastyle,,,,,,,,https://www.consuelastyle.com,
262,También Online,SI,SI,Estados Unidos,Texas,Houston,,Joyería y accesorios,C061,Twist Online,#TwistJewelry #FineJewelry #DesignerRings #ArtisanGems,Envío asegurado gratis en pedidos de más de $250,https://wa.me/18775240490,https://www.facebook.com/twistonline,https://www.instagram.com/twistonline,https://www.tiktok.com/@twistonline,,,,,,,,https://www.twistonline.com,
263,También Online,SI,SI,Estados Unidos,Florida,Orlando,,Moda infantil,C062,Kyte Baby,#KyteBaby #BambooBaby #SoftSleepers #BabyNursery,10% de descuento al registrarte con newsletter,https://wa.me/18884983222,https://www.facebook.com/kytebaby,https://www.instagram.com/kytebaby,https://www.tiktok.com/@kytebaby,,,,,,,,https://www.kytebaby.com,
264,También Online,SI,SI,Estados Unidos,California,San Diego,,Moda,C063,Vuori,#VuoriClothing #PerformanceApparel #ActiveLiving #CoastalStyle,20% de descuento en tu primera compra con registro,https://wa.me/18448807400,https://www.facebook.com/VuoriClothing,https://www.instagram.com/vuoriclothing,https://www.tiktok.com/@vuoriclothing,,,,,,,,https://www.vuoriclothing.com,
265,También Online,SI,SI,Estados Unidos,Texas,Austin,,Cosmética y cuidado personal,C064,Supergoop!,#Supergoop #UnseenSunscreen #SPFEveryday #SunProtection,10% de descuento al suscribirte al boletín,https://wa.me/18775647309,https://www.facebook.com/supergoop,https://www.instagram.com/supergoop,https://www.tiktok.com/@supergoop,,,,,,,,https://www.supergoop.com,
266,También Online,SI,NO,Estados Unidos,Florida,Miami,,Decoración del hogar,C065,Casa Tua Cucina & Home,#CasaTua #ItalianHospitality #HomeDecor #Tableware,10% de descuento en accesorios de mesa seleccionados,https://wa.me/13057550320,https://www.facebook.com/casatuacucina,https://www.instagram.com/casatua,https://www.tiktok.com/@casatua,,,,,,,,https://www.casatualifestyle.com,
267,También Online,SI,SI,Estados Unidos,Texas,San Antonio,,Joyería y accesorios,C066,Sunset & Co.,#SunsetAndCo #TexasGifts #CuratedJewelry #BoutiqueLiving,15% de descuento al unirte a la lista de novedades,https://wa.me/12108260800,https://www.facebook.com/sunsetandco,https://www.instagram.com/sunsetandco,https://www.tiktok.com/@sunsetandco,,,,,,,,https://www.sunsetandco.com,
268,También Online,SI,SI,Estados Unidos,Florida,Miami,,Moda,C067,Maygel Coronel,#MaygelCoronel #LuxurySwimwear #SculpturalFashion #ResortWear,10% de descuento al registrarte en la tienda online,https://wa.me/17869087711,https://www.facebook.com/maygelcoronel,https://www.instagram.com/maygelcoronelofficial,https://www.tiktok.com/@maygelcoronel,,,,,,,,https://www.maygelcoronel.com,
269,También Online,SI,SI,Estados Unidos,Texas,Dallas,,Calzado,C068,Margaux,#MargauxNY #ClassicBalletFlats #CustomFit #EverydayLuxury,10% de descuento en tu primer par con suscripción,https://wa.me/18882585250,https://www.facebook.com/margauxny,https://www.instagram.com/margauxny,https://www.tiktok.com/@margauxny,,,,,,,,https://www.margauxny.com,
270,Sólo Online,SI,SI,Estados Unidos,Florida,Tampa,,Cosmética y cuidado personal,C069,Bomba Curls,#BombaCurls #DominicanBeauty #CurlyHairCare #CleanHaircare,15% de descuento en tu primer pedido con email,https://wa.me/18134449088,https://www.facebook.com/bombacurls,https://www.instagram.com/bombacurls,https://www.tiktok.com/@bombacurls,,,,,,,,https://www.bombacurls.com,
271,También Online,SI,SI,Estados Unidos,Texas,Houston,,Moda infantil,C070,The Beaufort Bonnet Company,#TBBC #SouthernChildren #ClassicSmocking #VintageKids,Envío estándar gratis en compras mayores a $100,https://wa.me/18599673209,https://www.facebook.com/thebeaufortbonnetcompany,https://www.instagram.com/beaufortbonnet,https://www.tiktok.com/@beaufortbonnet,,,,,,,,https://www.thebeaufortbonnetcompany.com,
272,También Online,SI,SI,Estados Unidos,Florida,Miami,,Marroquinería,C071,Aranyani,#Aranyani #LuxuryLeather #ArtisanHandbags #HeritageCraft,Envío express internacional gratuito en todos los bolsos,https://wa.me/13054593400,https://www.facebook.com/aranyaniofficial,https://www.instagram.com/aranyaniofficial,https://www.tiktok.com/@aranyaniofficial,,,,,,,,https://www.aranyani.com,
273,También Online,SI,SI,Estados Unidos,Texas,Austin,,Moda,C072,Miranda Bennett Studio,#MirandaBennett #PlantDyed #EthicalFashion #SlowClothing,10% de descuento al suscribirte al boletín digital,https://wa.me/15124336573,https://www.facebook.com/mirandabennettstudio,https://www.instagram.com/mirandabennettstudio,https://www.tiktok.com/@mirandabennettstudio,,,,,,,,https://www.mirandabennettstudio.com,
274,También Online,SI,SI,Estados Unidos,California,San Francisco,,Joyería y accesorios,C073,Catbird,#CatbirdNYC #FineJewelry #RecycledGold #StackingRings,Envío gratis en compras domésticas superiores a $100,https://wa.me/17185993887,https://www.facebook.com/catbirdnyc,https://www.instagram.com/catbirdnyc,https://www.tiktok.com/@catbirdnyc,,,,,,,,https://www.catbirdnyc.com,
275,También Online,SI,SI,Estados Unidos,Florida,Miami,,Moda,C074,Alexis,#ShopAlexis #FeminineDresses #MiamiDesign #LuxuryApparel,15% de descuento al registrarte con newsletter,https://wa.me/13055734499,https://www.facebook.com/shopalexisofficial,https://www.instagram.com/shopalexis,https://www.tiktok.com/@shopalexis,,,,,,,,https://www.shopalexis.com,
276,También Online,SI,SI,Estados Unidos,Texas,Dallas,,Decoración del hogar,C075,Blue Print Store,#BluePrintDallas #InteriorDesign #AntiquesAndArt #HomeDecor,Envío estándar gratuito en artículos de mesa seleccionados,https://wa.me/12149549594,https://www.facebook.com/blueprintstore,https://www.instagram.com/blueprintstore,https://www.tiktok.com/@blueprintstore,,,,,,,,https://www.blueprintstore.com,
277,También Online,SI,SI,Estados Unidos,Texas,San Antonio,,Calzado,C076,Lucchese Bootmaker,#Lucchese #HandmadeBoots #TexasHeritage #WesternBoots,Envío terrestre gratis en pedidos mayores a $150,https://wa.me/18885822437,https://www.facebook.com/lucchesebootmaker,https://www.instagram.com/lucchese,https://www.tiktok.com/@lucchese,,,,,,,,https://www.lucchese.com,
278,Sólo Online,SI,SI,Estados Unidos,Florida,Miami,,Cosmética y cuidado personal,C077,Valdé Beauty,#ValdeBeauty #RefillableLipstick #LuxuryClean #LipArmor,15% de descuento en kits de repuestos de labiales,https://wa.me/13058902211,https://www.facebook.com/valdebeauty,https://www.instagram.com/valdebeauty,https://www.tiktok.com/@valdebeauty,,,,,,,,https://www.valdebeauty.com,
279,También Online,SI,SI,Estados Unidos,Texas,Houston,,Moda,C078,Hunter Bell,#HunterBell #SouthernFashion #ModernFeminine #BoldPrints,15% de descuento en tu primer pedido con email,https://wa.me/17135261177,https://www.facebook.com/hunterbellnyc,https://www.instagram.com/hunterbellnyc,https://www.tiktok.com/@hunterbellnyc,,,,,,,,https://www.hunterbellnyc.com,
280,También Online,SI,SI,Estados Unidos,Florida,Fort Lauderdale,,Moda infantil,C079,Pink Chicken,#PinkChicken #BohoKids #MommyAndMe #VintagePatterns,15% de descuento al suscribirte al newsletter,https://wa.me/12122554188,https://www.facebook.com/pinkchickenny,https://www.instagram.com/pinkchickenny,https://www.tiktok.com/@pinkchickenny,,,,,,,,https://www.pinkchicken.com,
281,También Online,SI,SI,Estados Unidos,California,San Diego,,Joyería y accesorios,C080,Pura Vida Bracelets,#PuraVidaBracelets #ArtisanJewelry #LiveFree #StackBracelets,20% de descuento en tu primera compra online,https://wa.me/18582308670,https://www.facebook.com/puravidabracelets,https://www.instagram.com/puravidabracelets,https://www.tiktok.com/@puravidabracelets,,,,,,,,https://www.puravidabracelets.com,
282,También Online,SI,SI,Estados Unidos,Texas,Austin,,Marroquinería,C081,Kelly Wynne,#KellyWynne #ClearBags #StadiumApproved #LeatherHandbags,15% de descuento al unirte a la lista de compras,https://wa.me/15124727707,https://www.facebook.com/kellywynnehandbags,https://www.instagram.com/kellywynnestudio,https://www.tiktok.com/@kellywynnestudio,,,,,,,,https://www.kellywynne.com,
283,También Online,SI,SI,Estados Unidos,Florida,Miami,,Decoración del hogar,C082,Mrs. Mandolin,#MrsMandolin #MediterraneanLiving #CoastalHome #GreekDecor,10% de descuento en piezas de vajilla artesanal,https://wa.me/13054235588,https://www.facebook.com/mrsmandolin,https://www.instagram.com/mrsmandolin,https://www.tiktok.com/@mrsmandolin,,,,,,,,https://www.mrsmandolin.com,
284,También Online,SI,SI,Estados Unidos,Texas,San Antonio,,Moda,C083,Felíz Modern,#FelizModern #PopArtStyle #FiestaVibes #SanAntonioFashion,10% de descuento con suscripción al boletín,https://wa.me/12106228364,https://www.facebook.com/felizmodern,https://www.instagram.com/felizmodern,https://www.tiktok.com/@felizmodern,,,,,,,,https://www.felizmodern.com,
285,También Online,SI,SI,Estados Unidos,Florida,Miami,,Calzado,C084,Flor de María,#FlordeMariaShoes #LuxuryHeels #LatinaDesigner #StatementShoes,10% de descuento en tu primer par de tacones,https://wa.me/17867631102,https://www.facebook.com/flordemariacollection,https://www.instagram.com/flordemariacollection,https://www.tiktok.com/@flordemariacollection,,,,,,,,https://www.flordemariacollection.com,
286,Sólo Online,SI,SI,Estados Unidos,Texas,Houston,,Cosmética y cuidado personal,C085,Camille Rose,#CamilleRose #CleanBeauty #NaturalHaircare #TexturedHair,15% de descuento al unirte al club de fidelidad,https://wa.me/18884226455,https://www.facebook.com/camillerosenaturals,https://www.instagram.com/camillerosenaturals,https://www.tiktok.com/@camillerosenaturals,,,,,,,,https://www.camillerose.com,
287,También Online,SI,SI,Estados Unidos,Texas,Dallas,,Moda infantil,C086,Dondolo,#Dondolo #GivingBack #TraditionalChildren #HandSmocked,10% de descuento en tu primera compra para niños,https://wa.me/12145500588,https://www.facebook.com/dondolousa,https://www.instagram.com/dondolo,https://www.tiktok.com/@dondolo,,,,,,,,https://www.dondolo.com,
288,También Online,SI,SI,Estados Unidos,Florida,Miami,,Joyería y accesorios,C087,Taunina,#Taunina #HandmadeJewelry #FineBeads #ArtisanLuxury,Envío express gratis en colecciones de temporada,https://wa.me/13059885544,https://www.facebook.com/tauninaofficial,https://www.instagram.com/tauninaofficial,https://www.tiktok.com/@tauninaofficial,,,,,,,,https://www.taunina.com,
289,También Online,SI,SI,Estados Unidos,Texas,El Paso,,Moda,C088,Chavarría & Co,#BorderFashion #ElPasoStyle #ChicanoChic #DesertWear,15% de descuento al suscribirte con número móvil,https://wa.me/19155441010,https://www.facebook.com/chavarriaco,https://www.instagram.com/chavarriaco,https://www.tiktok.com/@chavarriaco,,,,,,,,https://www.chavarriaco.com,
290,También Online,SI,SI,Estados Unidos,Florida,Miami,,Decoración del hogar,C089,Plant the Future,#PlantTheFuture #BiophilicDesign #LivingArt #ModernPlanters,10% de descuento al suscribirte al boletín verde,https://wa.me/13055719888,https://www.facebook.com/plantthefuture,https://www.instagram.com/plantthefuture,https://www.tiktok.com/@plantthefuture,,,,,,,,https://www.plantthefuture.com,
291,También Online,SI,SI,Estados Unidos,Texas,Austin,,Calzado,C090,Helm Boots,#HelmBoots #HandcraftedLeather #HeritageBoots #AustinMade,$50 de descuento en tu primer par de botas de cuero,https://wa.me/15126098322,https://www.facebook.com/helmboots,https://www.instagram.com/helmboots,https://www.tiktok.com/@helmboots,,,,,,,,https://www.helmboots.com,
292,Sólo Online,SI,SI,Estados Unidos,Florida,Orlando,,Cosmética y cuidado personal,C091,Reina Rebelde,#ReinaRebelde #BoldBeauty #LatinaOwned #DualFinish,20% de descuento al unirte al squad VIP,https://wa.me/14078903344,https://www.facebook.com/reinarebelde,https://www.instagram.com/reinarebelde,https://www.tiktok.com/@reinarebelde,,,,,,,,https://www.reinarebelde.com,
293,También Online,SI,SI,Estados Unidos,Texas,Dallas,,Marroquinería,C092,Leatherology,#Leatherology #MonogrammedLeather #TravelAccessories #DailyCarry,10% de descuento en artículos monogramados al suscribirte,https://wa.me/18006531375,https://www.facebook.com/leatherology,https://www.instagram.com/leatherology,https://www.tiktok.com/@leatherology,,,,,,,,https://www.leatherology.com,
294,También Online,SI,SI,Estados Unidos,Florida,Miami,,Moda infantil,C093,Búho Barcelona USA,#BuhoKids #BohoBaby #SustainableChildren #MiamiBoutique,10% de descuento en la colección de temporada con email,https://wa.me/13054907722,https://www.facebook.com/buhokids,https://www.instagram.com/buhokids,https://www.tiktok.com/@buhokids,,,,,,,,https://www.buhokids.com,
295,También Online,SI,SI,Estados Unidos,Texas,Houston,,Joyería y accesorios,C094,Christina Greene,#ChristinaGreene #GenuineStones #TurquoiseJewelry #SouthernLuxe,15% de descuento al suscribirte al newsletter,https://wa.me/18328039300,https://www.facebook.com/christinagreenejewelry,https://www.instagram.com/christinagreenejewelry,https://www.tiktok.com/@christinagreenejewelry,,,,,,,,https://www.christina-greene.com,
296,También Online,SI,SI,Estados Unidos,California,San José,,Moda,C095,Amouroud,#SanJoseFashion #ModernBoho #ChicSilhouettes #WestCoastVibe,10% de descuento en vestidos seleccionados,https://wa.me/14082956700,https://www.facebook.com/amouroudclothing,https://www.instagram.com/amouroudclothing,https://www.tiktok.com/@amouroudclothing,,,,,,,,https://www.amouroud.com,
297,También Online,SI,SI,Estados Unidos,Florida,Miami,,Decoración del hogar,C096,Liaigre Miami,#Liaigre #ModernMinimalism #LuxuryFurniture #CleanLines,Consultoría de diseño de interiores gratuita,https://wa.me/13058083550,https://www.facebook.com/liaigreofficial,https://www.instagram.com/liaigre_official,https://www.tiktok.com/@liaigre_official,,,,,,,,https://www.liaigre.com,
298,También Online,SI,SI,Estados Unidos,Texas,San Antonio,,Moda infantil,C097,Cuddle Sprouts,#CuddleSprouts #OrganicBaby #NewbornSet #BambooSleepers,15% de descuento al unirte a la lista familiar,https://wa.me/12104523311,https://www.facebook.com/cuddlesprouts,https://www.instagram.com/cuddlesprouts,https://www.tiktok.com/@cuddlesprouts,,,,,,,,https://www.cuddlesprouts.com,
299,También Online,SI,SI,Estados Unidos,Florida,Tampa,,Calzado,C098,Marbrisa Studio,#Marbrisa #HandcraftedSandals #ResortFootwear #LeatherCraft,10% de descuento en tu primer pedido de verano,https://wa.me/18139095522,https://www.facebook.com/marbrisastudio,https://www.instagram.com/marbrisastudio,https://www.tiktok.com/@marbrisastudio,,,,,,,,https://www.marbrisastudio.com,
300,Sólo Online,SI,SI,Estados Unidos,Texas,El Paso,,Cosmética y cuidado personal,C099,Desert Sun Botanicals,#DesertBotanicals #HerbalSkincare #CactusSeedOil #CleanSkincare,15% de descuento con tu registro de correo,https://wa.me/19154446622,https://www.facebook.com/desertsunbotanicals,https://www.instagram.com/desertsunbotanicals,https://www.tiktok.com/@desertsunbotanicals,,,,,,,,https://www.desertsunbotanicals.com,
301,También Online,SI,SI,Estados Unidos,Texas,San Antonio,,Marroquinería,C100,Elysia Collective Co.,#ElysiaCollective #WomenOwnedSA #ArtisanLeather #LocalMakers,10% de descuento en tu primera compra en tienda o web,https://wa.me/12108960931,https://www.facebook.com/elysiacollectivecosa,https://www.instagram.com/elysiacollectivecosa,https://www.tiktok.com/@elysiacollectivecosa,,,,,,,,https://www.elysiacollectivecosa.com,
302,También Online,SI,SI,Colombia,Antioquia,Medellín,,Moda y Trajes de Baño,D001,Agua Bendita,#AguaBendita #Swimwear #ModaColombiana #Handmade,Envío gratis nacional por compras superiores a $250.000,https://wa.me/573176582481,https://www.facebook.com/AguaBenditaSwimwear,https://www.instagram.com/aguabenditasw,https://www.tiktok.com/@aguabenditasw,,,,,,,,https://www.aguabendita.com,
303,También Online,SI,SI,Colombia,Valle del Cauca,Cali,,Moda y Calzado Femenino,D002,Studio F,#StudioF #ModaFemenina #FashionTrends #ColombiaModa,Hasta 50% de descuento en referencias seleccionadas,https://wa.me/573145952951,https://www.facebook.com/StudioFColombia,https://www.instagram.com/studiofcolombia,https://www.tiktok.com/@studiofcolombia,,,,,,,,https://www.studiof.com.co,
304,También Online,SI,SI,Colombia,Valle del Cauca,Cali,,Moda y Calzado Femenino,D003,ELA,#ElaColombia #TrendyLook #StreetStyle #ModaJoven,Hasta 40% OFF en prendas de temporada,https://wa.me/573145952952,https://www.facebook.com/elacolombia,https://www.instagram.com/elacolombia,https://www.tiktok.com/@elacolombia,,,,,,,,https://www.ela.com.co,
305,También Online,SI,SI,Colombia,Antioquia,Medellín,,Lencería y Moda Íntima,D004,Bésame,#BesameLingerie #LenceriaFemenina #ModaIntima #MadeInColombia,Envío gratis por compras superiores a $150.000,https://wa.me/573104689000,https://www.facebook.com/BesameLingerie,https://www.instagram.com/besamelenceria,https://www.tiktok.com/@besamelenceria,,,,,,,,https://www.besame.com,
306,También Online,SI,SI,Colombia,Antioquia,Medellín,,Lencería y Trajes de Baño,D005,Chamela,#Chamela #Swimwear #Activewear #Lingerie,10% de descuento en primera compra suscribiéndote al newsletter,https://wa.me/573153509146,https://www.facebook.com/ChamelaOficial,https://www.instagram.com/chamelaoficial,https://www.tiktok.com/@chamelaoficial,,,,,,,,https://www.chamela.com.co,
307,También Online,SI,SI,Colombia,Valle del Cauca,Cali,,Trajes de Baño y Resortwear,D006,Maaji,#Maaji #RealMermaids #Beachwear #SustainableFashion,15% de descuento en tu primera compra con registro,https://wa.me/573185324546,https://www.facebook.com/maajiswimwear,https://www.instagram.com/maajiswimwear,https://www.tiktok.com/@maajiswimwear,,,,,,,,https://www.maaji.co,
308,También Online,SI,SI,Colombia,Bogotá D.C.,Bogotá,,Moda Femenina y Accesorios,D007,Laura Cepeda,#LauraCepeda #DiseñoDeAutor #ModaColombiana #LuxuryFashion,Envío gratis a toda Colombia por compras superiores a $300.000,https://wa.me/573004318765,https://www.facebook.com/LauraCepedaShoes,https://www.instagram.com/lauracepedaofficial,https://www.tiktok.com/@lauracepedaofficial,,,,,,,,https://www.lauracepeda.com,
309,También Online,SI,SI,Colombia,Antioquia,Medellín,,Moda y Accesorios,D008,Makeno,#MakenoTienda #TalentoLocal #DiseñoColombiano #ConceptStore,Envío gratis nacional por compras superiores a $200.000,https://wa.me/573104085444,https://www.facebook.com/MakenoTienda,https://www.instagram.com/makenotienda,https://www.tiktok.com/@makenotienda,,,,,,,,https://www.makeno.co,
310,También Online,SI,SI,Colombia,Bogotá D.C.,Bogotá,,Joyería y Accesorios,D009,Faoba Joyas,#FaobaJoyas #JoyeriaFina #HechoAMano #JoyasPlata,10% OFF en tu primera orden con suscripción,https://wa.me/573133334212,https://www.facebook.com/faobajoyas,https://www.instagram.com/faobajoyas,https://www.tiktok.com/@faobajoyas,,,,,,,,https://www.faobajoyas.com,
311,También Online,SI,SI,Colombia,Atlántico,Barranquilla,,Joyería y Accesorios,D010,Fernanda Arias Joyas,#FernandaArias #JoyeriaDeAutor #AccesoriosColombia #HandmadeJewelry,Envío estándar gratuito por compras mayores a $250.000,https://wa.me/573016259021,https://www.facebook.com/fernandaariasjoyeria,https://www.instagram.com/fernandaariasjoyas,https://www.tiktok.com/@fernandaariasjoyas,,,,,,,,https://www.fernandaarias.com,
312,También Online,SI,SI,Colombia,Bogotá D.C.,Bogotá,,Joyería y Accesorios,D011,Lina Echeverry Joyería,#LinaEcheverry #JoyasContemporaneas #GoldPlated #AccesoriosDeLujo,10% de descuento en el primer pedido vía web,https://wa.me/573167431109,https://www.facebook.com/linaecheverryjoyas,https://www.instagram.com/linaecheverryjoyeria,https://www.tiktok.com/@linaecheverryjoyeria,,,,,,,,https://www.linaecheverry.com,
313,También Online,SI,SI,Colombia,Bogotá D.C.,Bogotá,,Marroquinería y Calzado,D012,Bosi,#Bosi #CueroGenuino #ZapatosDeCuero #CalzadoColombiano,Descuentos de hasta 30% en outlet online,https://wa.me/573147895230,https://www.facebook.com/BosiColombia,https://www.instagram.com/bosicolombia,https://www.tiktok.com/@bosicolombia,,,,,,,,https://www.bosi.com.co,
314,También Online,SI,SI,Colombia,Bogotá D.C.,Bogotá,,Marroquinería y Bolsos,D013,Mario Hernández,#MarioHernandez #MarroquineriaDeLujo #CueroColombiano #BolsosDeCuero,Envío nacional gratis en compras superiores a $350.000,https://wa.me/573204928500,https://www.facebook.com/MarioHernandezOficial,https://www.instagram.com/mariohernandezbienpensado,https://www.tiktok.com/@mariohernandezb,,,,,,,,https://www.mariohernandez.com.co,
315,También Online,SI,SI,Colombia,Antioquia,Medellín,,Moda Deportiva Femenina,D014,Fájate,#Fajate #FajasColombianas #Shapewear #Activewear,15% OFF en prendas seleccionadas de compresión,https://wa.me/573108901234,https://www.facebook.com/fajateoficial,https://www.instagram.com/fajateoficial,https://www.tiktok.com/@fajateoficial,,,,,,,,https://www.fajate.co,
316,También Online,SI,SI,Colombia,Bogotá D.C.,Bogotá,,Cosmética y Maquillaje,D015,Vogue Cosméticos,#VogueCosmeticos #ColorLargaDuracion #MaquillajeColombia #BellezaAccesible,Promoción 3x2 en esmaltes Efecto Gel,https://wa.me/573102345678,https://www.facebook.com/CosmeticosVogue,https://www.instagram.com/cosmeticosvogue,https://www.tiktok.com/@cosmeticosvogue,,,,,,,,https://www.cosmeticosvogue.com.co,
317,También Online,SI,SI,Colombia,Antioquia,Medellín,,Cosmética Natural,D016,Kaba Oficial,#KabaOficial #CuidadoCapilar #CosmeticaNatural #CabelloSano,Kit capilar con 20% de descuento en la web,https://wa.me/573009123456,https://www.facebook.com/kabaoficialcol,https://www.instagram.com/kabaoficial,https://www.tiktok.com/@kabaoficial,,,,,,,,https://www.kabaoficial.com,
318,También Online,SI,SI,Colombia,Antioquia,Medellín,,Cuidado Capilar y Cosmética,D017,D'Luchi,#DLuchi #BronceadoPerfecto #CuidadoCorporal #BellezaNatural,Envío gratis por compras mayores a $180.000,https://wa.me/573007654321,https://www.facebook.com/dluchicosmeticos,https://www.instagram.com/dluchi,https://www.tiktok.com/@dluchioficial,,,,,,,,https://www.dluchi.com,
319,También Online,SI,SI,Colombia,Antioquia,Medellín,,Cosmética y Maquillaje,D018,Trendy Shop Maquillaje,#TrendyShop #MaquillajeTrendy #SkincareColombia #MakeUpLover,Descuentos de hasta el 50% en sala de ofertas,https://wa.me/573117894561,https://www.facebook.com/TrendyShopColombia,https://www.instagram.com/trendyshopmaquillaje,https://www.tiktok.com/@trendyshopmaquillaje,,,,,,,,https://www.trendyshopmaquillaje.com,
320,También Online,SI,SI,Colombia,Bogotá D.C.,Bogotá,,Maquillaje y Skincare,D019,Atenea Beauty,#AteneaBeauty #BrochasAtenea #MaquillajeBogota #MakeUpTools,Envío gratis en compras web superiores a $120.000,https://wa.me/573214567890,https://www.facebook.com/AteneaBeautyOficial,https://www.instagram.com/ateneaprofesional,https://www.tiktok.com/@ateneaprofesional,,,,,,,,https://www.ateneaprofesional.com,
321,También Online,SI,SI,Colombia,Antioquia,Medellín,,Cosmética y Cuidado de la Piel,D020,Loto del Sur,#LotoDelSur #BotanicalPerfumery #CosmeticaBotanica #SkincareColombiano,Muestras gratis de lujo con cada pedido web,https://wa.me/573187342080,https://www.facebook.com/lotodelsur,https://www.instagram.com/lotodelsur,https://www.tiktok.com/@lotodelsur,,,,,,,,https://www.lotodelsur.com,
322,También Online,SI,SI,Colombia,Bogotá D.C.,Bogotá,,Calzado y Marroquinería,D021,Aquiles,#AquilesShoes #CalzadoDeCuero #HechoEnColombia #ModaZapatos,10% de descuento en el primer pedido online,https://wa.me/573123456789,https://www.facebook.com/aquilescolombia,https://www.instagram.com/aquiles.co,https://www.tiktok.com/@calzadoaquiles,,,,,,,,https://www.aquiles.com.co,
323,También Online,SI,SI,Colombia,Antioquia,Medellín,,Calzado Femenino,D022,Vélez Shoes,#CuerosVelez #BolsosDeCuero #CalzadoFemenino #LeatherCraft,Hasta 30% de descuento en la sección Specials,https://wa.me/573105432167,https://www.facebook.com/VelezColombia,https://www.instagram.com/velezartisan,https://www.tiktok.com/@cuerosvelez,,,,,,,,https://www.velez.com.co,
324,También Online,SI,SI,Colombia,Santander,Bucaramanga,,Calzado Femenino,D023,Santorini,#SantoriniShoes #CalzadoBucaramanga #ZapatosMujer #ShoesColombia,2x1 en sandalias seleccionadas de verano,https://wa.me/573176543210,https://www.facebook.com/santorinidifferenceshoes,https://www.instagram.com/santorinidifference,https://www.tiktok.com/@santorinishoes,,,,,,,,https://www.santorini.com.co,
325,También Online,SI,SI,Colombia,Bogotá D.C.,Bogotá,,Moda Femenina y Pret-a-Porter,D024,Mercedes Campuzano,#MercedesCampuzano #ZapatosFemeninos #AccesoriosMujer #ModaCasual,Envío gratis por compras superiores a $180.000,https://wa.me/573165243123,https://www.facebook.com/MercedesCampuzanoOficial,https://www.instagram.com/mercedescampuzano,https://www.tiktok.com/@mercedescampuzano,,,,,,,,https://www.mercedescampuzano.com,
326,También Online,SI,SI,Colombia,Antioquia,Medellín,,Moda Infantil,D025,Offcorss,#Offcorss #ModaInfantil #KidsFashion #RopaNiños,Hasta 40% OFF en colección infantil fin de temporada,https://wa.me/573138885544,https://www.facebook.com/offcorss,https://www.instagram.com/offcorss,https://www.tiktok.com/@offcorss,,,,,,,,https://www.offcorss.com,
327,También Online,SI,SI,Colombia,Antioquia,Medellín,,Moda Infantil,D026,Baby Fresh,#BabyFresh #RopaBebes #ModaInfantil #AlgodonPima,15% de descuento en el primer pedido registrándote,https://wa.me/573106789123,https://www.facebook.com/babyfreshcolombia,https://www.instagram.com/babyfreshcolombia,https://www.tiktok.com/@babyfreshco,,,,,,,,https://www.babyfresh.co,
328,También Online,SI,SI,Colombia,Bogotá D.C.,Bogotá,,Moda Infantil,D027,EPK Colombia,#EPKColombia #ModaInfantil #RopaParaNiños #KidsStyle,Descuentos de hasta 50% en sección rebajas,https://wa.me/573158901234,https://www.facebook.com/epkcolombia,https://www.instagram.com/epkcolombia,https://www.tiktok.com/@epkcolombia,,,,,,,,https://www.epkweb.com,
329,También Online,SI,SI,Colombia,Antioquia,Medellín,,Moda y Trajes de Baño,D028,OndadeMar,#OndadeMar #LuxuryResortwear #SwimwearColombia #BeachStyle,10% OFF en primera orden suscribiéndote al newsletter,https://wa.me/573147829103,https://www.facebook.com/ondademar,https://www.instagram.com/ondademar,https://www.tiktok.com/@ondademar,,,,,,,,https://www.ondademar.co,
330,También Online,SI,SI,Colombia,Bogotá D.C.,Bogotá,,Decoración y Hogar,D029,Tugó,#TugoMuebles #DecoracionHogar #DiseñoInterior #MueblesModernos,Hasta 40% OFF en muebles y decoración seleccionada,https://wa.me/573183501234,https://www.facebook.com/TugoMueblesyObjetos,https://www.instagram.com/tugomuebles,https://www.tiktok.com/@tugo_colombia,,,,,,,,https://www.tugo.com.co,
331,También Online,SI,SI,Colombia,Antioquia,Medellín,,Decoración y Ropa de Hogar,D030,Colchones El Dorado,#ElDorado #DescansoPerfecto #LenceriaHogar #Almohadas,Hasta 45% de descuento en colchones y combos,https://wa.me/573102345600,https://www.facebook.com/ColchonesElDorado,https://www.instagram.com/colchoneseldorado,https://www.tiktok.com/@colchoneseldorado,,,,,,,,https://www.colchoneseldorado.com,
332,También Online,SI,SI,Colombia,Bogotá D.C.,Bogotá,,Decoración y Ropa de Hogar,D031,Casa Ideas Colombia,#CasaIdeasColombia #OrganizacionHogar #DecoracionPractica #HogarBonito,Ofertas desde $9.900 en sección hogar y mesa,https://wa.me/573167891234,https://www.facebook.com/casaideascolombia,https://www.instagram.com/casaideascolombia,https://www.tiktok.com/@casaideascolombia,,,,,,,,https://www.casaideas.com.co,
333,También Online,SI,SI,Colombia,Valle del Cauca,Cali,,Moda y Accesorios,D032,Pink Filosofy,#PinkFilosofy #ModaSostenible #DiseñoVallecaucano #SlowFashion,Envío gratis nacional en compras mayores a $300.000,https://wa.me/573174321980,https://www.facebook.com/pinkfilosofy,https://www.instagram.com/pinkfilosofy,https://www.tiktok.com/@pinkfilosofy,,,,,,,,https://www.pinkfilosofy.com,
334,También Online,SI,SI,Colombia,Bogotá D.C.,Bogotá,,Moda y Calzado Femenino,D033,Sybilla Colombia,#Sybilla #ModaJuvenil #TendenciasUrbanas #OutfitDelDia,Prendas seleccionadas con hasta 30% OFF,https://wa.me/573114567890,https://www.facebook.com/SybillaColombia,https://www.instagram.com/sybilla_co,https://www.tiktok.com/@sybillacolombia,,,,,,,,https://www.falabella.com.co,
335,También Online,SI,SI,Colombia,Antioquia,Medellín,,Moda Femenina y Denim,D034,Stop Jeans,#StopJeans #JeansLevantacola #DenimColombiano #ModaMujer,Jeans seleccionados con hasta 40% de descuento,https://wa.me/573128904567,https://www.facebook.com/stopjeansoficial,https://www.instagram.com/stopjeansoficial,https://www.tiktok.com/@stopjeansoficial,,,,,,,,https://www.stopjeans.com,
336,También Online,SI,SI,Colombia,Antioquia,Medellín,,Moda y Lencería Femenina,D035,St. Even,#StEven #LingerieColombia #Activewear #PijamasMujer,10% de bienvenida en la primera compra web,https://wa.me/573155432190,https://www.facebook.com/stevenintimates,https://www.instagram.com/stevenintimates,https://www.tiktok.com/@stevenintimates,,,,,,,,https://www.steven.com.co,
337,También Online,SI,SI,Colombia,Bogotá D.C.,Bogotá,,Joyería Fina y Accesorios,D036,Kevin's Joyeros,#KevinsJoyeros #JoyeriaFina #DiamantesColombia #RelojeriaDeLujo,Hasta 20% de descuento en alianzas y anillos seleccionados,https://wa.me/573107890123,https://www.facebook.com/KevinsJoyerosOficial,https://www.instagram.com/kevinsjoyeros,https://www.tiktok.com/@kevinsjoyeros,,,,,,,,https://www.kevins.com.co,
338,También Online,SI,SI,Colombia,Bogotá D.C.,Bogotá,,Joyería y Relojería,D037,Sterling Joyeros,#SterlingJoyeros #JoyeriaDeAltaGama #JoyasBogota #OroYPlata,Envío gratis asegurado a nivel nacional,https://wa.me/573178901234,https://www.facebook.com/sterlingjoyeros,https://www.instagram.com/sterlingjoyeros,https://www.tiktok.com/@sterlingjoyeros,,,,,,,,https://www.sterlingjoyeros.com,
339,También Online,SI,SI,Colombia,Antioquia,Medellín,,Cuidado de la Piel y Skincare,D038,Animallogic Skincare,#Animallogic #CrueltyFreeColombia #SkincareNatural #CuidadoFacial,10% OFF en kits de rutina facial completa,https://wa.me/573012345678,https://www.facebook.com/animallogiccol,https://www.instagram.com/animallogic.co,https://www.tiktok.com/@animallogic.co,,,,,,,,https://www.animallogic.com.co,
340,También Online,SI,SI,Colombia,Antioquia,Medellín,,Moda y Vestidos de Baño,D039,Touché Privé,#ToucheLingerie #TouchePrive #LenceriaLujo #SwimwearElegance,Envío nacional gratis por órdenes superiores a $200.000,https://wa.me/573104561234,https://www.facebook.com/ToucheColombia,https://www.instagram.com/toucheofficial,https://www.tiktok.com/@toucheofficial,,,,,,,,https://www.touche.com.co,
341,También Online,SI,SI,Colombia,Bogotá D.C.,Bogotá,,Decoración y Menaje,D040,Ambiente Gourmet,#AmbienteGourmet #CocinaBonita #DecoracionMesa #MenajeHogar,Descuentos de hasta 25% en artículos para café y mesa,https://wa.me/573134567891,https://www.facebook.com/ambientegourmetco,https://www.instagram.com/ambientegourmetco,https://www.tiktok.com/@ambientegourmetco,,,,,,,,https://www.ambientegourmet.com,
342,También Online,SI,SI,Colombia,Bogotá D.C.,Bogotá,,Decoración y Hogar,D041,Ambiente Living,#AmbienteLiving #MueblesDeDiseño #DecoracionSalas #HomeDecor,Hasta 30% OFF en referencias de decoración seleccionadas,https://wa.me/573145678912,https://www.facebook.com/ambientelivingco,https://www.instagram.com/ambientelivingco,https://www.tiktok.com/@ambientelivingco,,,,,,,,https://www.ambienteliving.com,
343,También Online,SI,SI,Colombia,Antioquia,Medellín,,Marroquinería y Calzado,D042,Mussi Zapatos,#MussiShoes #CalzadoDeCuero #ZapatosMujer #MussiColombia,Envío gratis por compras superiores a $199.900,https://wa.me/573167890123,https://www.facebook.com/mussizapatos,https://www.instagram.com/mussizapatos,https://www.tiktok.com/@mussizapatos,,,,,,,,https://www.mussi.com.co,
344,También Online,SI,SI,Colombia,Santander,Bucaramanga,,Marroquinería y Calzado,D043,Calzado Caprino,#Caprino #ZapatosDeCuero #CalzadoArtesanal #HechoEnBucaramanga,Hasta 20% OFF en calzado seleccionado de oficina,https://wa.me/573189012345,https://www.facebook.com/CalzadoCaprino,https://www.instagram.com/calzadocaprino,https://www.tiktok.com/@calzadocaprino,,,,,,,,https://www.caprino.com.co,
345,También Online,SI,SI,Colombia,Bogotá D.C.,Bogotá,,Cuidado Capilar Natural,D044,Milagros Herbal,#MilagrosHerbal #CuidadoCapilar #ShampooNatural #CabelloHermoso,Envío gratuito por pedidos mayores a $140.000,https://wa.me/573229876543,https://www.facebook.com/milagrosherbaloficial,https://www.instagram.com/milagros_herbal,https://www.tiktok.com/@milagrosherbal,,,,,,,,https://www.milagrosherbal.com,
346,También Online,SI,SI,Colombia,Antioquia,Medellín,,Cosmética y Cuidado Capilar,D045,Anyeluz Cosmetics,#Anyeluz #TerapiaCapilar #CuidadoDelCabello #BellezaCapilar,Kit anticaída con 15% de descuento en la tienda web,https://wa.me/573112345678,https://www.facebook.com/anyeluzcosmetics,https://www.instagram.com/anyeluzcosmetics,https://www.tiktok.com/@anyeluzcosmetics,,,,,,,,https://www.anyeluz.com,
347,También Online,SI,SI,Colombia,Bogotá D.C.,Bogotá,,Moda Infantil,D046,Mundo Blanco Niños,#MundoBlanco #RopaParaBebes #ModaInfantilBogota #AlgodonSuave,10% de descuento en conjuntos seleccionados para recién nacido,https://wa.me/573176549870,https://www.facebook.com/mundoblanconinos,https://www.instagram.com/mundoblancokids,https://www.tiktok.com/@mundoblancokids,,,,,,,,https://www.mundoblanco.com.co,
348,También Online,SI,SI,Colombia,Antioquia,Medellín,,Moda Femenina y Tejidos,D047,Lili Pink,#LiliPink #ModaIntima #PijamasComodas #ActivewearPink,Pijamas en promoción desde $29.900,https://wa.me/573109876543,https://www.facebook.com/LiliPinkColombia,https://www.instagram.com/lilipinkcol,https://www.tiktok.com/@lilipinkcol,,,,,,,,https://www.lilipink.com,
349,También Online,SI,SI,Colombia,Bogotá D.C.,Bogotá,,Moda y Accesorios Femeninos,D048,Yoyo Jeans,#YoyoJeans #ModaTeens #RopaJuvenil #TeenStyle,Hasta 40% OFF en shorts y camisetas juveniles,https://wa.me/573187654321,https://www.facebook.com/YoyoJeansCo,https://www.instagram.com/yoyojeansco,https://www.tiktok.com/@yoyojeansco,,,,,,,,https://www.yoyojeans.com,
350,También Online,SI,SI,Colombia,Atlántico,Barranquilla,,Joyería y Accesorios de Autor,D049,Silvia Tcherassi Accesorios,#SilviaTcherassi #LuxuryAccessories #DiseñoBarranquilla #HighFashion,Envío complementario en compras superiores a $500.000,https://wa.me/573017654321,https://www.facebook.com/silviatcherassi,https://www.instagram.com/silviatcherassi,https://www.tiktok.com/@silviatcherassiofficial,,,,,,,,https://www.silviatcherassi.com,
351,También Online,SI,SI,Colombia,Antioquia,Medellín,,Moda y Denim Femenino,D050,Chevignon Mujer,#ChevignonCol #DenimLovers #EstiloUrbano #LeatherJackets,15% de descuento en tu primera compra registrándote,https://wa.me/573156789012,https://www.facebook.com/ChevignonColombia,https://www.instagram.com/chevignon_cl,https://www.tiktok.com/@chevignoncolombia,,,,,,,,https://www.chevignon.com.co,
352,También Online,SI,SI,Colombia,Antioquia,Medellín,,Moda y Trajes de Baño,D051,Phax,#PhaxSwimwear #BeachwearColombia #VeranoPhax #TrajesDeBaño,10% OFF en primera orden web suscribiéndote al newsletter,https://wa.me/573174291850,https://www.facebook.com/phaxswimwear,https://www.instagram.com/phaxswimwear,https://www.tiktok.com/@phaxswimwear,,,,,,,,https://www.phax.com.co,
353,También Online,SI,SI,Colombia,Antioquia,Medellín,,Moda Femenina y Tejidos,D052,Mattelsa,#Mattelsa #ModaUrbana #StreetwearColombia #EstiloJuvenil,Envío estándar gratis por pedidos superiores a $180.000,https://wa.me/573009128833,https://www.facebook.com/mattelsa,https://www.instagram.com/mattelsa,https://www.tiktok.com/@mattelsa,,,,,,,,https://www.mattelsa.net,
354,También Online,SI,SI,Colombia,Bogotá D.C.,Bogotá,,Moda Femenina,D053,Tenis,#TennisSA #ModaCasual #PrendasBasicas #EstiloFresco,Hasta 50% de descuento en sección rebajas de temporada,https://wa.me/573104523901,https://www.facebook.com/tenniscolombia,https://www.instagram.com/tennis_sa,https://www.tiktok.com/@tennis_sa,,,,,,,,https://www.tennis.com.co,
355,También Online,SI,SI,Colombia,Valle del Cauca,Cali,,Moda y Resortwear,D054,Johanna Ortiz,#JohannaOrtiz #ModaDeLujo #LatinFashion #DiseñoColombiano,Envío internacional gratuito en compras superiores a $800 USD,https://wa.me/573155239088,https://www.facebook.com/JohannaOrtizOfficial,https://www.instagram.com/johannaortizofficial,https://www.tiktok.com/@johannaortizofficial,,,,,,,,https://www.johannaortiz.com,
356,También Online,SI,SI,Colombia,Antioquia,Medellín,,Moda y Trajes de Baño,D055,Kibys,#KibysSwimwear #ModaPlaya #BikinisColombia #Resortwear,15% de descuento en tu primera compra con registro,https://wa.me/573108924512,https://www.facebook.com/kibysswimwear,https://www.instagram.com/kibysswimwear,https://www.tiktok.com/@kibysswimwear,,,,,,,,https://www.kibys.com,
357,También Online,SI,SI,Colombia,Antioquia,Medellín,,Lencería y Pijamas,D056,Diane & Geordi,#DianeAndGeordi #FajasModeladoras #LenceriaFemenina #RopaInterior,Prendas seleccionadas con hasta 35% OFF,https://wa.me/573187213456,https://www.facebook.com/dianeandgeordi,https://www.instagram.com/dianeandgeordi,https://www.tiktok.com/@dianeandgeordi,,,,,,,,https://www.dianeandgeordi.com,
358,También Online,SI,SI,Colombia,Bogotá D.C.,Bogotá,,Joyería y Accesorios,D057,Paula Mendoza Jewelry,#PaulaMendoza #JoyeriaDeAutor #AccesoriosDeLujo #DiseñoBogota,Envío gratis en Colombia por compras superiores a $350.000,https://wa.me/573164720911,https://www.facebook.com/PaulaMendozaJewelry,https://www.instagram.com/paulamendozajewelry,https://www.tiktok.com/@paulamendozajewelry,,,,,,,,https://www.paulamendoza.com,
359,También Online,SI,SI,Colombia,Antioquia,Medellín,,Joyería y Accesorios,D058,Flor Amazona,#FlorAmazona #JoyeriaColombiana #InspiracionTropical #JoyasDeModa,10% de descuento en bienvenida mediante suscripción,https://wa.me/573117823904,https://www.facebook.com/FlorAmazona,https://www.instagram.com/floramazona,https://www.tiktok.com/@floramazona,,,,,,,,https://www.floramazona.com,
360,También Online,SI,SI,Colombia,Bogotá D.C.,Bogotá,,Joyería y Accesorios,D059,Cano Joyas,#CanoJoyas #OrfebreriaPrecolombina #JoyasBañadasEnOro #CulturaColombiana,Envío gratuito nacional en órdenes mayores a $250.000,https://wa.me/573102148765,https://www.facebook.com/CanoJoyasColombia,https://www.instagram.com/canojoyas,https://www.tiktok.com/@canojoyas,,,,,,,,https://www.canojoyas.com,
361,También Online,SI,SI,Colombia,Bogotá D.C.,Bogotá,,Joyería y Accesorios,D060,Mercedes Salazar,#MercedesSalazar #JoyeriaArtesanal #AretesTejidos #DiseñoConSentido,10% OFF en primera orden registrando tu correo,https://wa.me/573176391452,https://www.facebook.com/mercedessalazarjoyas,https://www.instagram.com/mercedessalazar,https://www.tiktok.com/@mercedessalazar,,,,,,,,https://www.mercedessalazar.com,
362,También Online,SI,SI,Colombia,Antioquia,Medellín,,Joyería Fina y Accesorios,D061,Entrelazos,#Entrelazos #AccesoriosFemeninos #JoyasEnTendencia #BisuteriaFina,Envío gratis a nivel nacional por compras sobre $150.000,https://wa.me/573045612890,https://www.facebook.com/entrelazosaccesorios,https://www.instagram.com/entrelazos_accesorios,https://www.tiktok.com/@entrelazosaccesorios,,,,,,,,https://www.entrelazos.co,
363,También Online,SI,SI,Colombia,Atlántico,Barranquilla,,Joyería y Accesorios,D062,Bibi Marini,#BibiMarini #JoyeriaContemporanea #AretesDeSeda #HandmadeLuxury,Envío nacional incluido en compras superiores a $400.000,https://wa.me/573008124976,https://www.facebook.com/bibimarinijewelry,https://www.instagram.com/bibimarini,https://www.tiktok.com/@bibimarini,,,,,,,,https://www.bibimarini.com,
364,También Online,SI,SI,Colombia,Bogotá D.C.,Bogotá,,Marroquinería y Calzado,D063,Babalú Fashion,#BabaluFashion #ActivewearColombia #RopaDeportivaMujer #FitnessLook,Prendas deportivas con hasta 40% OFF en sale,https://wa.me/573154892019,https://www.facebook.com/BabaluFashion,https://www.instagram.com/babalufashion,https://www.tiktok.com/@babalufashion,,,,,,,,https://www.babalufashion.com,
365,También Online,SI,SI,Colombia,Santander,Bucaramanga,,Calzado y Marroquinería,D064,Gino Pascalli,#GinoPascalli #CalzadoFormal #ZapatosElegantes #ModaCuero,Hasta 30% de descuento en referencias seleccionadas,https://wa.me/573183409122,https://www.facebook.com/GinoPascalliOficial,https://www.instagram.com/ginopascalli,https://www.tiktok.com/@ginopascalli,,,,,,,,https://www.ginopascalli.com.co,
366,También Online,SI,SI,Colombia,Antioquia,Medellín,,Calzado Femenino,D065,Spring Step,#SpringStep #ZapatosComodos #CalzadoFemenino #ModaCasual,2x1 en referencias seleccionadas de calzado casual,https://wa.me/573104598210,https://www.facebook.com/springstepcolombia,https://www.instagram.com/springstep,https://www.tiktok.com/@springstepcol,,,,,,,,https://www.springstep.com,
367,También Online,SI,SI,Colombia,Bogotá D.C.,Bogotá,,Calzado y Bolsos,D066,La Piel Calzado,#LaPielCalzado #ZapatosEnCuero #HechoEnBogota #DiseñoDeCalzado,Envío gratuito por compras superiores a $190.000,https://wa.me/573124508931,https://www.facebook.com/lapielcalzado,https://www.instagram.com/lapielcalzado,https://www.tiktok.com/@lapielcalzado,,,,,,,,https://www.lapielcalzado.com,
368,También Online,SI,SI,Colombia,Antioquia,Medellín,,Cosmética y Cuidado Capilar,D067,Fruto Salvaje,#FrutoSalvaje #TratamientoCapilar #HebraSaludable #CuidadoNatural,Kit de crecimiento capilar con 15% OFF web,https://wa.me/573146194820,https://www.facebook.com/FrutoSalvajeOficial,https://www.instagram.com/frutosalvajeoficial,https://www.tiktok.com/@frutosalvajeoficial,,,,,,,,https://www.frutosalvaje.com,
369,También Online,SI,SI,Colombia,Bogotá D.C.,Bogotá,,Cosmética Natural y Skincare,D068,Piel de Oro,#PielDeOro #AceiteCorporal #PielRadiante #BronceadorNatural,Envío gratis en compras mayores a $130.000,https://wa.me/573138902415,https://www.facebook.com/Pieldeorocol,https://www.instagram.com/pieldeoro_col,https://www.tiktok.com/@pieldeorocol,,,,,,,,https://www.pieldeorocol.com,
370,También Online,SI,SI,Colombia,Valle del Cauca,Cali,,Cosmética y Maquillaje,D069,Samy Cosmetics,#SamyCosmetics #MaquillajeCali #MakeUpColombia #CosmeticosSamy,Descuento del 20% en paletas de sombras seleccionadas,https://wa.me/573175023918,https://www.facebook.com/samycosmetics,https://www.instagram.com/samycosmetics,https://www.tiktok.com/@samycosmetics,,,,,,,,https://www.samycosmetics.com,
371,También Online,SI,SI,Colombia,Bogotá D.C.,Bogotá,,Cosmética y Cuidado Facial,D070,Ruby Rose Colombia,#RubyRoseCo #MaquillajeAccesible #RubyRoseLovers #PaletasDeMaquillaje,Promoción de bases y polvos desde $14.900,https://wa.me/573204918230,https://www.facebook.com/rubyrosecolombiaoficial,https://www.instagram.com/rubyrose_colombia,https://www.tiktok.com/@rubyrose_colombia,,,,,,,,https://www.rubyrose.com.co,
372,También Online,SI,SI,Colombia,Antioquia,Medellín,,Cosmética Capilar,D071,Magic Hair Therapy,#MagicHair #CuidadoCapilar #CrecimientoCabello #ShampooSinSal,10% de bienvenida en la primera orden online,https://wa.me/573017834519,https://www.facebook.com/magichairtherapycol,https://www.instagram.com/magichairtherapy,https://www.tiktok.com/@magichairtherapy,,,,,,,,https://www.magichairtherapy.com,
373,También Online,SI,SI,Colombia,Bogotá D.C.,Bogotá,,Cosmética y Jabones Artesanales,D072,Lina Cantillo Spa & Beauty,#LinaCantillo #CuidadoFacial #SpaEnCasa #CosmeticaArtesanal,Kit de hidratación profunda con 20% OFF,https://wa.me/573103294811,https://www.facebook.com/linacantillobeauty,https://www.instagram.com/linacantillobeauty,https://www.tiktok.com/@linacantillobeauty,,,,,,,,https://www.linacantillo.com,
374,También Online,SI,SI,Colombia,Antioquia,Medellín,,Moda Infantil,D073,Little Michelle,#LittleMichelle #ModaInfantil #RopaNiñas #KidsWearColombia,Envío gratis nacional por compras sobre $160.000,https://wa.me/573147029384,https://www.facebook.com/littlemichellecol,https://www.instagram.com/littlemichelle_col,https://www.tiktok.com/@littlemichellecol,,,,,,,,https://www.littlemichelle.com,
375,También Online,SI,SI,Colombia,Bogotá D.C.,Bogotá,,Moda Infantil y Bebés,D074,Tomaticos,#Tomaticos #RopaInfantil #ModaBebes #AlgodonColombiano,Hasta 30% de descuento en conjuntos para niños,https://wa.me/573168239014,https://www.facebook.com/TomaticosOficial,https://www.instagram.com/tomaticosoficial,https://www.tiktok.com/@tomaticosoficial,,,,,,,,https://www.tomaticos.com,
376,También Online,SI,SI,Colombia,Antioquia,Medellín,,Moda Infantil,D075,Color Siete Kids,#ColorSiete #KidsFashion #ModaCasualInfantil #RopaEleganteNiños,15% de descuento en primera compra suscribiéndote,https://wa.me/573156903421,https://www.facebook.com/ColorSieteOficial,https://www.instagram.com/colorsietekids,https://www.tiktok.com/@colorsiete,,,,,,,,https://www.colorsiete.com,
377,También Online,SI,SI,Colombia,Bogotá D.C.,Bogotá,,Decoración y Ropa de Cama,D076,Fatelares,#Fatelares #RopaDeCama #ToallasDeAlgodon #HogarFatelares,Toallas y sábanas seleccionadas con hasta 40% OFF,https://wa.me/573123894710,https://www.facebook.com/fatelarescolombia,https://www.instagram.com/fatelareshogar,https://www.tiktok.com/@fatelareshogar,,,,,,,,https://www.fatelares.com.co,
378,También Online,SI,SI,Colombia,Antioquia,Medellín,,Decoración y Velas Aromáticas,D077,Velas La Castellana,#VelasLaCastellana #VelasAromaticas #DecoracionHogar #Aromaterapia,Envío gratuito por pedidos superiores a $120.000,https://wa.me/573004589213,https://www.facebook.com/velaslacastellana,https://www.instagram.com/velaslacastellana,https://www.tiktok.com/@velaslacastellana,,,,,,,,https://www.velaslacastellana.com,
379,También Online,SI,SI,Colombia,Bogotá D.C.,Bogotá,,Decoración y Menaje,D078,Crate & Barrel Colombia,#CrateAndBarrelCo #MueblesExclusivos #DiseñoInterior #MesaYCocina,Hasta 25% OFF en vajillas y accesorios de comedor seleccionados,https://wa.me/573118945203,https://www.facebook.com/CrateandBarrelColombia,https://www.instagram.com/cratebarrelcolombia,https://www.tiktok.com/@cratebarrelcol,,,,,,,,https://www.crateandbarrel.com.co,
380,También Online,SI,SI,Colombia,Antioquia,Medellín,,Decoración y Lámparas,D079,Vida Útil,#VidaUtil #DiseñoIndependiente #ObjetosDeHogar #LamparasDeDiseño,10% de descuento registrando tu correo en la web,https://wa.me/573016428910,https://www.facebook.com/vidautildise,https://www.instagram.com/vidautil,https://www.tiktok.com/@vidautil,,,,,,,,https://www.vidautil.co,
381,También Online,SI,SI,Colombia,Bogotá D.C.,Bogotá,,Decoración y Muebles,D080,Zientte,#Zientte #MueblesDeLujo #InteriorismoBogota #SofasDeDiseño,Asesoría de diseño interior gratuita al cotizar online,https://wa.me/573174092815,https://www.facebook.com/ZientteOficial,https://www.instagram.com/zientte,https://www.tiktok.com/@zienttecolombia,,,,,,,,https://www.zientte.com,
382,También Online,SI,SI,Colombia,Valle del Cauca,Cali,,Moda Femenina y Accesorios,D081,Renzo Leather,#RenzoCuero #ChaquetasDeCuero #MarroquineriaCali #BolsosDeCuero,Chaquetas de cuero seleccionadas con 20% OFF,https://wa.me/573182904712,https://www.facebook.com/RenzoCali,https://www.instagram.com/renzocuero,https://www.tiktok.com/@renzocuero,,,,,,,,https://www.renzo.com.co,
383,También Online,SI,SI,Colombia,Antioquia,Medellín,,Moda Femenina y Denim,D082,Americanino Mujer,#AmericaninoCol #DenimLovers #EstiloCasual #JeansModa,Envío gratis en compras web superiores a $200.000,https://wa.me/573105928341,https://www.facebook.com/AmericaninoColombia,https://www.instagram.com/americaninocolombia,https://www.tiktok.com/@americaninocol,,,,,,,,https://www.americanino.com,
384,También Online,SI,SI,Colombia,Antioquia,Medellín,,Moda Femenina y Básicos,D083,Esprit Colombia,#EspritColombia #ModaSostenible #EstiloCasualFemenino #LooksUrbanos,Hasta 40% OFF en prendas seleccionadas de media temporada,https://wa.me/573146819234,https://www.facebook.com/EspritColombiaOficial,https://www.instagram.com/espritcolombia,https://www.tiktok.com/@espritcolombia,,,,,,,,https://www.esprit.com.co,
385,También Online,SI,SI,Colombia,Bogotá D.C.,Bogotá,,Moda Femenina y Fiesta,D084,Azúcar Moda,#AzucarModa #VestidosDeFiesta #ModaBogota #EleganciaFemenina,Descuentos de hasta 30% en vestidos de noche,https://wa.me/573125603918,https://www.facebook.com/azucarmodacolombia,https://www.instagram.com/azucar_moda,https://www.tiktok.com/@azucarmoda,,,,,,,,https://www.azucar.com.co,
386,También Online,SI,SI,Colombia,Antioquia,Medellín,,Lencería y Ropa de Dormir,D085,Leonisa,#Leonisa #LenceriaColombia #FajasCompresion #SostenesPerfectos,Envío gratis por compras mayores a $150.000,https://wa.me/573113948201,https://www.facebook.com/LeonisaColombia,https://www.instagram.com/leonisa,https://www.tiktok.com/@leonisacolombia,,,,,,,,https://www.leonisa.com,
387,También Online,SI,SI,Colombia,Valle del Cauca,Cali,,Moda Femenina y Fiesta,D086,Beatriz Camacho,#BeatrizCamacho #AltaCostura #DiseñoDeAutor #ResortwearColombia,Envío asegurado gratis en prendas de alta costura,https://wa.me/573167409218,https://www.facebook.com/BeatrizCamachoOficial,https://www.instagram.com/beatrizcamachoofficial,https://www.tiktok.com/@beatrizcamacho,,,,,,,,https://www.beatrizcamacho.com,
388,También Online,SI,SI,Colombia,Atlántico,Barranquilla,,Moda Femenina y Fiesta,D087,Francesca Miranda,#FrancescaMiranda #BridalWear #ModaBarranquilla #DiseñoNupcial,10% de bienvenida agendando cita virtual de novia,https://wa.me/573006718290,https://www.facebook.com/francescamirandaofficial,https://www.instagram.com/francescamiranda_,https://www.tiktok.com/@francescamiranda_,,,,,,,,https://www.francescamiranda.com,
389,También Online,SI,SI,Colombia,Bogotá D.C.,Bogotá,,Moda y Accesorios Femeninos,D088,Kika Vargas,#KikaVargas #VolumenesEstructurales #DiseñoColombiano #HighFashion,Envío complementario en compras mayores a $400.000,https://wa.me/573138291045,https://www.facebook.com/kikavargasclothing,https://www.instagram.com/kikavargas_,https://www.tiktok.com/@kikavargas_,,,,,,,,https://www.kikavargas.com,
390,También Online,SI,SI,Colombia,Antioquia,Medellín,,Moda y Vestidos de Fiesta,D089,Andrea Landa,#AndreaLanda #CueroArtesanal #DiseñoMedellin #ModaDeLujo,15% OFF en tu primera compra registrándote,https://wa.me/573104928173,https://www.facebook.com/AndreaLandaOficial,https://www.instagram.com/andrealandaleather,https://www.tiktok.com/@andrealandaleather,,,,,,,,https://www.andrealanda.com,
391,También Online,SI,SI,Colombia,Bogotá D.C.,Bogotá,,Joyería y Accesorios de Plata,D090,Nathalia Saenz Joyería,#NathaliaSaenz #JoyasDePlata #HechoEnColombia #JoyeriaMinimalista,Envío gratis por órdenes superiores a $180.000,https://wa.me/573164920184,https://www.facebook.com/nathaliasaenzjoyeria,https://www.instagram.com/nathaliasaenzjoyas,https://www.tiktok.com/@nathaliasaenzjoyas,,,,,,,,https://www.nathaliasaenz.com,
392,También Online,SI,SI,Colombia,Antioquia,Medellín,,Joyería y Accesorios Contemporáneos,D091,Liza Echeverry,#LizaEcheverry #JoyeriaDeAutor #DiseñoContemporaneo #AccesoriosMedellin,10% de descuento registrando tu correo electrónico,https://wa.me/573128934501,https://www.facebook.com/lizaecheverryjewelry,https://www.instagram.com/lizaecheverryjewelry,https://www.tiktok.com/@lizaecheverryjewelry,,,,,,,,https://www.lizaecheverry.com,
393,También Online,SI,SI,Colombia,Bogotá D.C.,Bogotá,,Marroquinería y Bolsos,D092,Ballen Pellettiere,#BallenPellettiere #BolsosDeAutor #MarroquineriaFina #LuxuryBags,Envío internacional express gratis por compras sobre $500 USD,https://wa.me/573157291034,https://www.facebook.com/ballenpellettiere,https://www.instagram.com/ballen_pellettiere,https://www.tiktok.com/@ballenpellettiere,,,,,,,,https://www.ballenpellettiere.com,
394,También Online,SI,SI,Colombia,Bogotá D.C.,Bogotá,,Marroquinería y Calzado Artesanal,D093,Mancora Tienda,#MancoraTienda #ZapatosArtesanales #BolsosDeCuero #HechoAManoColombia,10% de bienvenida en primera orden online,https://wa.me/573186401923,https://www.facebook.com/mancoratienda,https://www.instagram.com/mancoratienda,https://www.tiktok.com/@mancoratienda,,,,,,,,https://www.mancora.com.co,
395,También Online,SI,SI,Colombia,Antioquia,Medellín,,Cosmética Natural y Capilar,D094,La Poción,#LaPocion #TratamientoCapilar #RecuperacionDelCabello #PocionLovers,Kit dual con 15% OFF en la tienda online,https://wa.me/573014829103,https://www.facebook.com/lapocionoficial,https://www.instagram.com/lapocionoficial,https://www.tiktok.com/@lapocionoficial,,,,,,,,https://www.lapocion.com,
396,También Online,SI,SI,Colombia,Valle del Cauca,Cali,,Cosmética y Cuidado Facial,D095,Botanika Cosméticos,#Botanika #SkincareBotanico #CosmeticaLimpia #ExtractosNaturales,Envío gratis nacional en compras mayores a $150.000,https://wa.me/573173928104,https://www.facebook.com/botanikacosmetica,https://www.instagram.com/botanikacosmetica,https://www.tiktok.com/@botanikacosmetica,,,,,,,,https://www.botanika.com.co,
397,También Online,SI,SI,Colombia,Bogotá D.C.,Bogotá,,Cosmética y Uñas,D096,Masglo,#Masglo #EsmaltesMasglo #UñasPerfectas #ManicureColombia,Hasta 20% de descuento en colecciones de esmaltes de temporada,https://wa.me/573108429185,https://www.facebook.com/masglooficial,https://www.instagram.com/masglo_oficial,https://www.tiktok.com/@masglo_oficial,,,,,,,,https://www.masglo.com,
398,También Online,SI,SI,Colombia,Antioquia,Medellín,,Moda Infantil,D097,Pio-Pio Moda Infantil,#PioPio #RopaParaNiñas #ModaInfantilMedellin #VestidosBebes,Envío estándar gratis en pedidos sobre $170.000,https://wa.me/573114920194,https://www.facebook.com/piopiomodainfantil,https://www.instagram.com/piopiomodainfantil,https://www.tiktok.com/@piopiomodainfantil,,,,,,,,https://www.piopio.com.co,
399,También Online,SI,SI,Colombia,Bogotá D.C.,Bogotá,,Decoración y Cerámica,D098,Vajillas Corona,#VajillasCorona #MesaServida #CeramicaColombiana #DecoracionCocina,Platos y vajillas seleccionadas con hasta 30% OFF,https://wa.me/573139045812,https://www.facebook.com/vajillascorona,https://www.instagram.com/vajillascorona,https://www.tiktok.com/@vajillascorona,,,,,,,,https://www.vajillascorona.com.co,
400,También Online,SI,SI,Colombia,Antioquia,Medellín,,Decoración y Ropa de Cama,D099,Estibas & Diseños,#EstibasYDiseños #MueblesEnMadera #DecoracionSostenible #MaderaRustica,Descuento del 10% en camas y respaldos seleccionados,https://wa.me/573003928415,https://www.facebook.com/estibasydisenos,https://www.instagram.com/estibasydisenos,https://www.tiktok.com/@estibasydisenos,,,,,,,,https://www.estibasydisenos.com,
401,También Online,SI,SI,Colombia,Bogotá D.C.,Bogotá,,Moda Femenina y Alta Costura,D100,Faride Ramos,#FarideRamos #SastreriaFemenina #PoderFemenino #TrajesDeSastre,Envío nacional complementario en compras mayores a $350.000,https://wa.me/573165039281,https://www.facebook.com/farideramosoficial,https://www.instagram.com/farideramos,https://www.tiktok.com/@farideramos,,,,,,,,https://www.farideramos.com,
402,También Online,SI,SI,Argentina,CABA,Buenos Aires,,Moda femenina,E001,Rapsodia,#RapsodiaOficial #BohoChic #ModaArgentina #RapsodiaArg,10% OFF en tu primera compra suscribiéndote al newsletter,,https://wa.me/5491168127277,https://www.facebook.com/RapsodiaOficial,https://www.instagram.com/rapsodiaoficial,,,,,,,,https://www.tiktok.com/@rapsodiaoficial,
403,También Online,SI,SI,Argentina,CABA,Buenos Aires,,Moda femenina,E002,Jazmín Chebar,#JazminChebar #ModaDeAutor #DisenoArgentino #JazminStyle,Hasta 3 cuotas sin interés en compras seleccionadas,,https://wa.me/5491128765296,https://www.facebook.com/JazminChebarOficial,https://www.instagram.com/jazminchebar,,,,,,,,https://www.tiktok.com/@jazminchebaroficial,
404,También Online,SI,SI,Argentina,CABA,Buenos Aires,,Calzado y Marroquinería,E003,Prüne,#PruneArgentina #CarterasDeCuero #CalzadoFemenino #PruneShoes,Envío gratis en compras superiores a $120.000,,https://wa.me/5491157827863,https://www.facebook.com/Pruneargentina,https://www.instagram.com/pruneoficial,,,,,,,,https://www.tiktok.com/@pruneoficial,
405,También Online,SI,NO,Argentina,CABA,Buenos Aires,,Cosmética y Cuidado Personal,E004,Get The Look,#GetTheLookArg #BeautyCare #MaquillajeArg #SkincareTips,Hasta 40% OFF en productos seleccionados de belleza,,https://wa.me/5491162438888,https://www.facebook.com/GetTheLookArg,https://www.instagram.com/getthelookar,,,,,,,,https://www.tiktok.com/@getthelookar,
406,También Online,SI,SI,Argentina,CABA,Buenos Aires,,Joyería y Accesorios,E005,Isadora,#IsadoraStyle #AccesoriosDeModa #JoyeriaArg #IsadoraWomen,3x2 en accesorios y bijou de temporada seleccionada,,https://wa.me/5491151685800,https://www.facebook.com/IsadoraArg,https://www.instagram.com/isadoraonline,,,,,,,,https://www.tiktok.com/@isadora_online,
407,También Online,SI,SI,Argentina,CABA,Buenos Aires,,Joyería y Accesorios,E006,Todomoda,#TodomodaBeauty #AccesoriosTeen #ModaUrbana #TodomodaArg,15% OFF abonando con transferencia bancaria,,https://wa.me/5491151685801,https://www.facebook.com/TodomodaArg,https://www.instagram.com/todomodaoficial,,,,,,,,https://www.tiktok.com/@todomodaarg,
408,También Online,SI,SI,Argentina,CABA,Buenos Aires,,Moda femenina,E007,Paula Cahen D'Anvers,#PaulaCahenDanvers #EstiloClasico #ModaMujer #ClassicStyle,Hasta 6 cuotas sin interés en toda la colección,,https://wa.me/5491138804444,https://www.facebook.com/paulacahendanversoficial,https://www.instagram.com/paulacahendanvers,,,,,,,,https://www.tiktok.com/@paulacahendanvers,
409,También Online,SI,SI,Argentina,CABA,Buenos Aires,,Moda femenina,E008,Cher,#CherArgentina #MariaCher #ContemporaryFashion #ModaDeAutor,10% de descuento en el primer pedido vía web,,https://wa.me/5491165203300,https://www.facebook.com/CherOfficial,https://www.instagram.com/cheroficial,,,,,,,,https://www.tiktok.com/@cher.oficial,
410,También Online,NO,SI,Argentina,CABA,Buenos Aires,,Moda femenina,E009,Kosiuko,#KosiukoOfficial #DenimVibes #KSUK #ModaUrbanaArg,3 cuotas sin interés y envío gratis a partir de $150.000,,https://wa.me/5491150318000,https://www.facebook.com/KosiukoOficial,https://www.instagram.com/kosiukooficial,,,,,,,,https://www.tiktok.com/@kosiukooficial,
411,También Online,SI,SI,Argentina,CABA,Buenos Aires,,Calzado,E010,Sarkany,#SarkanyOficial #CalzadoArgentino #ZapatosDeAutor #RickySarkany,Hasta 20% OFF pagando con transferencia,,https://wa.me/5491136450123,https://www.facebook.com/SarkanyOficial,https://www.instagram.com/rickysarkany,,,,,,,,https://www.tiktok.com/@sarkanyoficial,
412,También Online,SI,SI,Argentina,CABA,Buenos Aires,,Calzado y Marroquinería,E011,Blaquè,#BlaqueArgentina #CarterasYCalzado #MarroquineriaFina #BlaqueStyle,Envío gratis en compras mayores a $110.000,,https://wa.me/5491133334545,https://www.facebook.com/BlaqueArgentina,https://www.instagram.com/blaqueoficial,,,,,,,,https://www.tiktok.com/@blaqueoficial,
413,También Online,SI,SI,Argentina,CABA,Buenos Aires,,Decoración del hogar,E012,Morph,#MorphArgentina #DecoDesign #BazarModerno #HomeDecorArg,10% OFF pagando al contado o transferencia bancaria,,https://wa.me/5491167901111,https://www.facebook.com/MorphArgentina,https://www.instagram.com/morphargentina,,,,,,,,https://www.tiktok.com/@morphargentina,
414,También Online,SI,SI,Argentina,CABA,Buenos Aires,,Moda infantil,E013,Mimo & Co,#MimoAndCo #ModaInfantil #KidsFashionArg #RopaDeNinos,Hasta 3 cuotas sin interés y envío gratis desde $100.000,,https://wa.me/5491147118000,https://www.facebook.com/mimoyco,https://www.instagram.com/mimoandcooficial,,,,,,,,https://www.tiktok.com/@mimoandcooficial,
415,También Online,SI,SI,Argentina,CABA,Buenos Aires,,Moda infantil,E014,Cheeky,#CheekyArgentina #KidsStyle #ModaParaChicos #CheekyKids,15% OFF en tu primera compra suscribiéndote al newsletter,,https://wa.me/5491150002433,https://www.facebook.com/CheekyArgentina,https://www.instagram.com/cheekyargentina,,,,,,,,https://www.tiktok.com/@cheekyargentina,
416,También Online,SI,SI,Argentina,CABA,Buenos Aires,,Moda femenina,E015,Portsaid,#PortsaidOficial #ModaUrbana #ClassicWomen #LookPortsaid,Hasta 35% de descuento en ítems seleccionados de temporada,,https://wa.me/5491122409090,https://www.facebook.com/PortsaidOficial,https://www.instagram.com/portsaidoficial,,,,,,,,https://www.tiktok.com/@portsaidoficial,
417,También Online,NO,SI,Argentina,CABA,Buenos Aires,,Moda femenina,E016,Desiderata,#DesiderataModa #PowerDressing #TendenciasArg #DesiderataLook,Envío gratis en compras mayores a $130.000,,https://wa.me/5491136502200,https://www.facebook.com/DesiderataModa,https://www.instagram.com/desideratamoda,,,,,,,,https://www.tiktok.com/@desideratamoda,
418,También Online,SI,SI,Argentina,CABA,Buenos Aires,,Cosmética y Cuidado Personal,E017,ACF Masks,#ACFBeauty #SkincareArg #MascarillasFaciales #ACFMasks,20% de descuento en el primer pedido con cupón de registro,,https://wa.me/5491126117474,https://www.facebook.com/acfmasks,https://www.instagram.com/acfmasks,,,,,,,,https://www.tiktok.com/@acfmasks,
419,También Online,SI,SI,Argentina,CABA,Buenos Aires,,Cosmética y Cuidado Personal,E018,The Mash Store,#TheMashStore #CleanBeautyArg #CosmeticaSolida #SkincareConsciente,Envío gratis a todo el país superando los $80.000,,https://wa.me/5491131109922,https://www.facebook.com/themashstorearg,https://www.instagram.com/themashstore,,,,,,,,https://www.tiktok.com/@themashstore,
420,También Online,SI,SI,Argentina,CABA,Buenos Aires,,Joyería y Accesorios,E019,Luna Garzón,#LunaGarzon #AccesoriosArg #JoyeriaContemporanea #LunaGarzonAccesorios,15% OFF abonando mediante transferencia bancaria,,https://wa.me/5491148113421,https://www.facebook.com/lunagarzonaccesorios,https://www.instagram.com/lunagarzonaccesorios,,,,,,,,https://www.tiktok.com/@lunagarzonaccesorios,
421,También Online,SI,SI,Argentina,CABA,Buenos Aires,,Decoración del hogar,E020,Arredo,#ArredoHogar #DecoracionTextil #CrearHogar #ArredoArg,Hasta 30% OFF en sábanas y acolchados de invierno,,https://wa.me/5491160002773,https://www.facebook.com/ArredoHogar,https://www.instagram.com/arredo.ar,,,,,,,,https://www.tiktok.com/@arredo_ar,
422,También Online,SI,SI,Argentina,CABA,Buenos Aires,,Decoración del hogar,E021,Reina Batata,#ReinaBatata #BazarBoutique #DecoKitchen #BazarArg,6 cuotas sin interés en vajilla y cristalería seleccionada,,https://wa.me/5491135008000,https://www.facebook.com/reinabatatabazar,https://www.instagram.com/reinabatatabazar,,,,,,,,https://www.tiktok.com/@reinabatatabazar,
423,También Online,NO,SI,Argentina,Córdoba,Córdoba,,Moda femenina,E022,Silenzio,#SilenzioModa #ModaCordoba #TendenciasSilenzio #MujerSilenzio,3 cuotas sin interés y envíos sin cargo desde $100.000,,https://wa.me/5493517001122,https://www.facebook.com/SilenzioModa,https://www.instagram.com/silenzioargentina,,,,,,,,https://www.tiktok.com/@silenzioargentina,
424,También Online,SI,SI,Argentina,Córdoba,Córdoba,,Calzado,E023,Batistella,#CalzadosBatistella #ZapatosCordoba #CalzadoDeCuero #Batistella,Hasta 25% OFF en calzado de media estación seleccionado,,https://wa.me/5493512334455,https://www.facebook.com/calzadosbatistella,https://www.instagram.com/calzadosbatistella,,,,,,,,https://www.tiktok.com/@calzadosbatistella,
425,También Online,NO,SI,Argentina,Córdoba,Córdoba,,Decoración del hogar,E024,Bendito Bazar,#BenditoBazar #DecoCordoba #DisenoInterior #BazarChic,10% extra abonando en efectivo o por transferencia,,https://wa.me/5493516557788,https://www.facebook.com/benditobazarok,https://www.instagram.com/benditobazar,,,,,,,,https://www.tiktok.com/@benditobazar,
426,También Online,SI,SI,Argentina,Santa Fe,Rosario,,Moda femenina,E025,Vitamina,#VitaminaArgentina #UrbanTailoring #ModaRosario #VitaminaArg,10% OFF de bienvenida registrando tu email,,https://wa.me/5493414002233,https://www.facebook.com/vitaminaoficial,https://www.instagram.com/vitamina_oficial,,,,,,,,https://www.tiktok.com/@vitamina_oficial,
427,También Online,SI,SI,Argentina,Santa Fe,Rosario,,Calzado y Marroquinería,E026,Lady Stork,#LadyStork #CalzadoRosario #ConfortYModa #StorkShoes,Envío gratis a todo el país en carritos mayores a $95.000,,https://wa.me/5493415118899,https://www.facebook.com/LadyStorkOficial,https://www.instagram.com/ladystorkoficial,,,,,,,,https://www.tiktok.com/@ladystorkoficial,
428,También Online,SI,SI,Argentina,Mendoza,Mendoza,,Cosmética y Cuidado Personal,E027,Idraet Group,#IdraetDermopurity #Cosmeceutica #CuidadoFacial #IdraetArg,15% OFF en tu primera compra en línea,,https://wa.me/5492615003322,https://www.facebook.com/idraetdermopurity,https://www.instagram.com/idraetpromakeup,,,,,,,,https://www.tiktok.com/@idraetdermopurity,
429,También Online,NO,SI,Argentina,CABA,Buenos Aires,,Moda femenina,E028,Uma,#UmaModa #CueroYModa #ColeccionUma #TendenciasUma,Hasta 40% OFF en liquidación de temporada,,https://wa.me/5491156608900,https://www.facebook.com/umaoficial,https://www.instagram.com/uma_oficial_,,,,,,,,https://www.tiktok.com/@uma_oficial,
430,También Online,NO,SI,Argentina,CABA,Buenos Aires,,Moda infantil,E029,Grisino,#GrisinoRopaParaJugar #ModaKids #ColoresGrisino #ChicosConEstilo,Hasta 3 cuotas sin interés en toda la tienda digital,,https://wa.me/5491145558900,https://www.facebook.com/grisinoargentina,https://www.instagram.com/grisino,,,,,,,,https://www.tiktok.com/@grisino,
431,También Online,SI,SI,Argentina,CABA,Buenos Aires,,Calzado,E030,Paruolo,#ParuoloShoes #ZapatosFemeninos #ParuoloStyle #ModaCalzado,Envío sin costo a todo el territorio nacional desde $140.000,,https://wa.me/5491147775500,https://www.facebook.com/Paruolo,https://www.instagram.com/paruolo,,,,,,,,https://www.tiktok.com/@paruolo,
432,También Online,NO,SI,Argentina,CABA,Buenos Aires,,Joyería y Accesorios,E031,Pena Joyas,#PenaJoyas #JoyeriaFina #Plata925 #JoyasArgentina,10% de descuento abonando por transferencia inmediata,,https://wa.me/5491167882211,https://www.facebook.com/penajoyas,https://www.instagram.com/penajoyas,,,,,,,,https://www.tiktok.com/@penajoyas,
433,También Online,SI,SI,Argentina,CABA,Buenos Aires,,Moda femenina,E032,Mishka,#MishkaBuenosAires #ZapatosDeDiseno #MarroquineriaDeAutor #MishkaLook,6 cuotas sin interés en toda la colección de zapatos,,https://wa.me/5491148003344,https://www.facebook.com/MishkaBA,https://www.instagram.com/mishkabuenosaires,,,,,,,,https://www.tiktok.com/@mishkabuenosaires,
434,También Online,NO,SI,Argentina,CABA,Buenos Aires,,Moda femenina,E033,Naíma,#NaimaFashion #DisenoFemenino #LookNaima #ModaElegante,15% OFF con suscripción a newsletter de noticias,,https://wa.me/5491132551000,https://www.facebook.com/naimaargentina,https://www.instagram.com/naimaoficial,,,,,,,,https://www.tiktok.com/@naimaoficial,
435,También Online,SI,SI,Argentina,CABA,Buenos Aires,,Cosmética y Cuidado Personal,E034,Lidherma,#LidhermaCuidado #CienciaEnTuPiel #Dermocosmetica #Lidherma,Envío gratis en pedidos a partir de $75.000,,https://wa.me/5491147009988,https://www.facebook.com/Lidherma,https://www.instagram.com/lidherma,,,,,,,,https://www.tiktok.com/@lidherma,
436,También Online,SI,SI,Argentina,CABA,Buenos Aires,,Decoración del hogar,E035,Falabella Deco,#FalabellaHome #DecoDesign #TextilesHogar #BazarModa,Hasta 30% OFF en productos seleccionados de blanco y cama,,https://wa.me/5491152003300,https://www.facebook.com/falabellaargentina,https://www.instagram.com/falabella_ar,,,,,,,,https://www.tiktok.com/@falabella_ar,
437,También Online,NO,SI,Argentina,CABA,Buenos Aires,,Moda femenina,E036,Las Oreiro,#LasOreiroModa #VestidosDeFiesta #EleganciaFemenina #OreiroLook,12 cuotas sin interés en vestidos de alta noche,,https://wa.me/5491148152020,https://www.facebook.com/lasoreirooficial,https://www.instagram.com/lasoreirooficial,,,,,,,,https://www.tiktok.com/@lasoreirooficial,
438,También Online,SI,SI,Argentina,CABA,Buenos Aires,,Calzado,E037,Grimoldi,#GrimoldiCalzados #ConfortYCalidad #CalzadoMultimarca #Grimoldi,Envío gratis a partir de $120.000 a todo el país,,https://wa.me/5491147228800,https://www.facebook.com/grimoldioficial,https://www.instagram.com/grimoldi,,,,,,,,https://www.tiktok.com/@grimoldi,
439,También Online,SI,SI,Argentina,CABA,Buenos Aires,,Moda femenina,E038,Ver,#PasionPorVer #ModaAccesible #TendenciaMujer #VerArgentina,3 cuotas sin interés y 10% OFF en la primera compra,,https://wa.me/5491136004455,https://www.facebook.com/verargentina,https://www.instagram.com/verargentina,,,,,,,,https://www.tiktok.com/@verargentina,
440,También Online,NO,SI,Argentina,CABA,Buenos Aires,,Moda femenina,E039,Cuesta Blanca,#CuestaBlancaOficial #ModaUrbanaMujer #LookDeOficina #CuestaBlanca,Hasta 3 cuotas sin interés con todas las tarjetas,,https://wa.me/5491143209800,https://www.facebook.com/cuestablancaoficial,https://www.instagram.com/cuestablancaoficial,,,,,,,,https://www.tiktok.com/@cuestablancaoficial,
441,También Online,SI,SI,Argentina,CABA,Buenos Aires,,Joyería y Accesorios,E040,Santesteban,#SantestebanJoyas #CarterasDeAutor #LujoArtesanal #Santesteban,15% OFF abonando por transferencia bancaria directa,,https://wa.me/5491148135566,https://www.facebook.com/santestebanbuenosaires,https://www.instagram.com/santesteban,,,,,,,,https://www.tiktok.com/@santestebanoficial,
442,También Online,NO,SI,Argentina,CABA,Buenos Aires,,Calzado,E041,Febo,#CalzadosFebo #FeboZapatos #ConfortUrbano #ZapatosCuero,3 cuotas sin interés y 10% de ahorro por transferencia,,https://wa.me/5491143719000,https://www.facebook.com/calzadosfebo,https://www.instagram.com/calzadosfebo,,,,,,,,https://www.tiktok.com/@calzadosfebo,
443,También Online,SI,SI,Argentina,Córdoba,Córdoba,,Moda femenina,E042,Teorema,#TeoremaModa #TeoremaCordoba #LookTeorema #MujerElegante,Envío bonificado en compras que superen los $90.000,,https://wa.me/5493514227788,https://www.facebook.com/teorematienda,https://www.instagram.com/teorema_oficial,,,,,,,,https://www.tiktok.com/@teorema_oficial,
444,También Online,SI,SI,Argentina,Córdoba,Córdoba,,Joyería y Accesorios,E043,Chajá Accesorios,#ChajaAccesorios #DisenoCordobes #JoyeriaModerna #ChajaStyle,10% de descuento en el primer carrito con registro,,https://wa.me/5493515443322,https://www.facebook.com/chajaaccesorios,https://www.instagram.com/chajaaccesorios,,,,,,,,https://www.tiktok.com/@chajaaccesorios,
445,También Online,NO,SI,Argentina,Santa Fe,Rosario,,Decoración del hogar,E044,Bazar San Juan,#BazarSanJuan #DecoRosario #BazarModerno #ObjetosDeDiseno,Hasta 20% OFF en juegos de vajilla seleccionados,,https://wa.me/5493414256677,https://www.facebook.com/bazarsanjuanrosario,https://www.instagram.com/bazarsanjuan,,,,,,,,https://www.tiktok.com/@bazarsanjuan,
446,También Online,SI,SI,Argentina,Santa Fe,Rosario,,Moda femenina,E045,Sonder,#SonderModa #RopaDeportivaRosario #SonderSport #IndumentariaArg,3 cuotas sin recargo y envíos sin cargo desde $85.000,,https://wa.me/5493414300055,https://www.facebook.com/sondersport,https://www.instagram.com/sondersport,,,,,,,,https://www.tiktok.com/@sondersport,
447,También Online,SI,SI,Argentina,Mendoza,Mendoza,,Joyería y Accesorios,E046,Flor de Lis Joyas,#FlorDeLisJoyas #JoyasMendoza #PlataDorada #DisenoCuyo,15% OFF abonando con débito o transferencia,,https://wa.me/5492614238899,https://www.facebook.com/flordelisjoyasok,https://www.instagram.com/flordelisjoyas,,,,,,,,https://www.tiktok.com/@flordelisjoyas,
448,También Online,NO,SI,Argentina,Mendoza,Mendoza,,Decoración del hogar,E047,Casa López Deco,#CasaLopezMendoza #DecoHogarMendoza #MueblesYDiseno #CasaLopez,Envío sin costo dentro del Gran Mendoza desde $50.000,,https://wa.me/5492614201122,https://www.facebook.com/casalopezdeco,https://www.instagram.com/casalopezdeco,,,,,,,,https://www.tiktok.com/@casalopezdeco,
449,También Online,SI,SI,Argentina,CABA,Buenos Aires,,Moda femenina,E048,Tucci,#TucciDenim #TucciOfficial #DenimFit #EstiloTucci,Hasta 30% OFF en selección de jeans y shorts,,https://wa.me/5491147789000,https://www.facebook.com/tuccioficial,https://www.instagram.com/tuccioficial,,,,,,,,https://www.tiktok.com/@tuccioficial,
450,También Online,SI,SI,Argentina,CABA,Buenos Aires,,Moda femenina,E049,Ginebra,#GinebraBuenosAires #MicaTinelli #EstiloGinebra #RockChic,Hasta 6 cuotas sin interés en prendas de noche,,https://wa.me/5491148076633,https://www.facebook.com/ginebrabsas,https://www.instagram.com/ginebrabsas,,,,,,,,https://www.tiktok.com/@ginebrabsas,
451,También Online,SI,SI,Argentina,CABA,Buenos Aires,,Moda infantil,E050,Pioppa,#PioppaKids #ModaParaBebes #PioppaOficial #ChicosElegantes,10% OFF en tu primera compra online suscribiéndote,,https://wa.me/5491147754400,https://www.facebook.com/pioppaoficial,https://www.instagram.com/pioppaoficial,,,,,,,,https://www.tiktok.com/@pioppaoficial,
452,También Online,SI,SI,Argentina,Córdoba,Córdoba,,Moda femenina,E051,Vero Alfie,#VeroAlfie #BohoChic #DisenoArgentino #ModaFemenina,10% OFF en tu primera compra suscribiéndote al newsletter,,https://wa.me/5491148339456,https://www.facebook.com/veroalfie,https://www.instagram.com/veroalfie,,,,,,,,https://www.tiktok.com/@veroalfie,
453,También Online,SI,SI,Argentina,Santa Fe,Rosario,,Moda femenina,E052,Awada,#AwadaModa #SastreriaFemenina #AwadaOficial #EleganciaUrbana,Hasta 3 cuotas sin interés y envío gratis desde $130.000,,https://wa.me/5491147772323,https://www.facebook.com/awadaoficial,https://www.instagram.com/awadaoficial,,,,,,,,https://www.tiktok.com/@awadaoficial,
454,También Online,NO,SI,Argentina,Mendoza,Mendoza,,Cosmética y Cuidado Personal,E053,Biobellus,#BiobellusCosmetica #SkincareProfesional #CuidadoFacial #Biobellus,15% de descuento abonando mediante transferencia bancaria,,https://wa.me/5491146387000,https://www.facebook.com/biobellus,https://www.instagram.com/biobellus,,,,,,,,https://www.tiktok.com/@biobellus,
455,También Online,SI,SI,Argentina,Buenos Aires,La Plata,,Calzado y Marroquinería,E054,Claudio Cosano Shoes,#CosanoShoes #CalzadoDeFiesta #ZapatosDeAutor #AltaModa,Hasta 6 cuotas sin interés en calzado de fiesta,,https://wa.me/5491148151212,https://www.facebook.com/claudiocosanooficial,https://www.instagram.com/claudiocosano,,,,,,,,https://www.tiktok.com/@claudiocosano,
456,También Online,SI,SI,Argentina,Tucumán,San Miguel de Tucumán,,Moda infantil,E055,Broer,#BroerBebes #ModaInfantilArg #BroerOficial #RopaDeBebes,20% de descuento en la segunda unidad de bodies y pijamas,,https://wa.me/5491145551200,https://www.facebook.com/BroerOficial,https://www.instagram.com/broeroficial,,,,,,,,https://www.tiktok.com/@broeroficial,
457,También Online,SI,SI,Argentina,Salta,Salta,,Joyería y Accesorios,E056,Juanita Jo,#JuanitaJo #CarterasYAccesorios #BolsosDeModa #JuanitaJoOficial,Envío sin cargo a todo el país en carritos mayores a $110.000,,https://wa.me/5491132219900,https://www.facebook.com/JuanitaJoOficial,https://www.instagram.com/juanitajooficial,,,,,,,,https://www.tiktok.com/@juanitajooficial,
458,También Online,NO,SI,Argentina,Buenos Aires,Mar del Plata,,Moda femenina,E057,Tascani Woman,#TascaniWoman #LookUrbano #EstiloTascani #TendenciaModa,Hasta 35% OFF en prendas seleccionadas de temporada,,https://wa.me/5491147778989,https://www.facebook.com/TascaniOficial,https://www.instagram.com/tascani,,,,,,,,https://www.tiktok.com/@tascani,
459,También Online,SI,SI,Argentina,Córdoba,Villa María,,Decoración del hogar,E058,Colores Deco,#ColoresDeco #BazarModerno #DecoInterior #HogarYEstilo,10% de ahorro pagando por transferencia bancaria directa,,https://wa.me/5493534521199,https://www.facebook.com/coloresdecovm,https://www.instagram.com/coloresdeco,,,,,,,,https://www.tiktok.com/@coloresdeco,
460,También Online,SI,SI,Argentina,Santa Fe,Santa Fe,,Calzado,E059,Saverio Di Ricci,#SaverioDiRicci #CalzadoDeCuero #ZapatosArgentinos #DiRicci,3 cuotas sin interés y envíos bonificados desde $120.000,,https://wa.me/5491148110022,https://www.facebook.com/saveriodiriccioficial,https://www.instagram.com/saveriodiricci,,,,,,,,https://www.tiktok.com/@saveriodiricci,
461,También Online,SI,SI,Argentina,Neuquén,Neuquén,,Cosmética y Cuidado Personal,E060,Veganis,#VeganisCosmetics #CosmeticaVegana #CrueltyFreeArg #CuidadoCorporal,20% OFF en kits corporales y faciales seleccionados,,https://wa.me/5491147135500,https://www.facebook.com/veganisoficial,https://www.instagram.com/veganisoficial,,,,,,,,https://www.tiktok.com/@veganisoficial,
462,También Online,NO,SI,Argentina,Mendoza,San Rafael,,Joyería y Accesorios,E061,Le Loup,#LeLoupShoes #CalzadoDeDiseno #BailarinasDeCuero #LeLoupArg,15% OFF en la primera compra suscribiéndote al club Le Loup,,https://wa.me/5491148018900,https://www.facebook.com/leloupbuenosaires,https://www.instagram.com/leloupoficial,,,,,,,,https://www.tiktok.com/@leloupoficial,
463,También Online,SI,SI,Argentina,Entre Ríos,Paraná,,Moda femenina,E062,Wanama,#WanamaOficial #BohoStyle #ModaArgentina #WanamaWoman,Hasta 6 cuotas sin interés en toda la colección,,https://wa.me/5491152778000,https://www.facebook.com/WanamaOficial,https://www.instagram.com/wanamaoficial,,,,,,,,https://www.tiktok.com/@wanamaoficial,
464,También Online,SI,SI,Argentina,San Juan,San Juan,,Moda femenina,E063,Markova,#MarkovaModa #SastreriaFemenina #ModaEjecutiva #MarkovaOficial,10% extra por transferencia bancaria en todas tus compras,,https://wa.me/5491147098877,https://www.facebook.com/MarkovaOficial,https://www.instagram.com/markovaoficial,,,,,,,,https://www.tiktok.com/@markovaoficial,
465,También Online,SI,SI,Argentina,Corrientes,Corrientes,,Decoración del hogar,E064,Landmark,#LandmarkHogar #DecoracionDeLujo #MobiliarioContemporaneo #LandmarkDeco,Hasta 30% OFF en alfombras y luminarias seleccionadas,,https://wa.me/5491147889900,https://www.facebook.com/landmarkoficial,https://www.instagram.com/landmark_ar,,,,,,,,https://www.tiktok.com/@landmark_ar,
466,También Online,SI,SI,Argentina,Chaco,Resistencia,,Moda infantil,E065,Cocot & Dufour Kids,#CocotKids #RopaParaChicos #ComodidadInfantil #CocotArg,3x2 en bombachas y medias para chicos,,https://wa.me/5491143085500,https://www.facebook.com/CocotOficial,https://www.instagram.com/cocotonline,,,,,,,,https://www.tiktok.com/@cocotonline,
467,También Online,SI,SI,Argentina,Córdoba,Río Cuarto,,Calzado y Marroquinería,E066,XL Extra Large,#XLExtraLarge #CarterasXL #BolsosYAccesorios #XLOficial,Envío gratis en compras que alcancen los $90.000,,https://wa.me/5491147779090,https://www.facebook.com/XLExtraLargeOficial,https://www.instagram.com/xlextralarge,,,,,,,,https://www.tiktok.com/@xlextralarge,
468,También Online,NO,SI,Argentina,Buenos Aires,Bahía Blanca,,Moda femenina,E067,Julien,#JulienModa #TendenciasFemeninas #EstiloUrbano #JulienOficial,3 cuotas sin interés y 15% OFF abonando en efectivo o débito,,https://wa.me/5491147814400,https://www.facebook.com/julienoficial,https://www.instagram.com/julienoficial,,,,,,,,https://www.tiktok.com/@julienoficial,
469,También Online,SI,SI,Argentina,Misiones,Posadas,,Cosmética y Cuidado Personal,E068,Tortulan,#TortulanCuidado #SkincareAccesible #Dermocuidado #TortulanArg,Envío gratis superando los $50.000 en carritos de compra,,https://wa.me/5491147402000,https://www.facebook.com/tortulanargentina,https://www.instagram.com/tortulanarg,,,,,,,,https://www.tiktok.com/@tortulanarg,
470,También Online,SI,SI,Argentina,Santiago del Estero,Santiago del Estero,,Joyería y Accesorios,E069,Arezzo Accesorios,#ArezzoJoyas #BijouArgentina #AccesoriosDeModa #ArezzoArg,15% OFF en tu primera compra con cupón digital,,https://wa.me/5493854228800,https://www.facebook.com/arezzojoyas,https://www.instagram.com/arezzoaccesorios,,,,,,,,https://www.tiktok.com/@arezzoaccesorios,
471,También Online,SI,SI,Argentina,Santa Fe,Rafaela,,Decoración del hogar,E070,Rapsodia Home,#RapsodiaHome #BohoDeco #TextilesDeAutor #DecoHogarArg,Hasta 6 cuotas sin interés en la línea de mantas y vajilla,,https://wa.me/5491168127278,https://www.facebook.com/RapsodiaOficial,https://www.instagram.com/rapsodiahomeoficial,,,,,,,,https://www.tiktok.com/@rapsodiaoficial,
472,También Online,SI,SI,Argentina,Chubut,Comodoro Rivadavia,,Moda femenina,E071,Cacharel Argentina,#CacharelModa #EleganciaParisina #CacharelArg #EstiloChic,Envío bonificado a toda la Patagonia en compras superiores a $140.000,,https://wa.me/5491148149922,https://www.facebook.com/cacharelargentina,https://www.instagram.com/cacharelargentina,,,,,,,,https://www.tiktok.com/@cacharelargentina,
473,También Online,SI,SI,Argentina,Jujuy,San Salvador de Jujuy,,Calzado,E072,Hush Puppies Argentina,#HushPuppiesArg #CalzadoComodo #ConfortYEstilo #ZapatosHush,Hasta 25% de ahorro en botas y borcegos seleccionados,,https://wa.me/5491147228801,https://www.facebook.com/HushPuppiesArg,https://www.instagram.com/hushpuppiesar,,,,,,,,https://www.tiktok.com/@hushpuppiesar,
474,También Online,NO,SI,Argentina,San Luis,San Luis,,Moda femenina,E073,Yagmour,#YagmourModa #MujerAutentica #LookYagmour #TendenciasArg,3 cuotas sin interés en toda la colección cápsula,,https://wa.me/5491147775566,https://www.facebook.com/yagmouroficial,https://www.instagram.com/yagmouroficial,,,,,,,,https://www.tiktok.com/@yagmouroficial,
475,También Online,SI,SI,Argentina,Buenos Aires,Tandil,,Decoración del hogar,E074,Bazar Chef,#BazarChef #CocinaYDiseno #UtensiliosDeCocina #GourmetArg,10% de rebaja pagando por transferencia bancaria,,https://wa.me/5492494448899,https://www.facebook.com/bazarcheftandil,https://www.instagram.com/bazarchef,,,,,,,,https://www.tiktok.com/@bazarchef,
476,También Online,SI,SI,Argentina,Córdoba,Carlos Paz,,Moda infantil,E075,Baby Cottons,#BabyCottonsArg #AlgodonPima #ModaBebe #PrendasDeAlgodon,Envío gratis en compras que superen los $100.000,,https://wa.me/5491148002211,https://www.facebook.com/babycottonsargentina,https://www.instagram.com/babycottons,,,,,,,,https://www.tiktok.com/@babycottons,
477,También Online,SI,SI,Argentina,Santa Fe,Venado Tuerto,,Cosmética y Cuidado Personal,E076,Caviahue Dermocosmética,#CaviahueTermal #AguaTermal #SkincarePatagonia #DermoCaviahue,15% OFF con suscripción a las novedades del sitio,,https://wa.me/5491152630044,https://www.facebook.com/CaviahueDermocosmetica,https://www.instagram.com/caviahue,,,,,,,,https://www.tiktok.com/@caviahue,
478,También Online,NO,SI,Argentina,La Pampa,Santa Rosa,,Joyería y Accesorios,E077,Pandora Argentina,#PandoraArg #CharmsPandora #JoyasDePlata #MomentosPandora,3 cuotas sin interés y paño limpiador de regalo en compras seleccionadas,,https://wa.me/5491139887700,https://www.facebook.com/PandoraArgentina,https://www.instagram.com/theofficialpandora,,,,,,,,https://www.tiktok.com/@theofficialpandora,
479,También Online,SI,SI,Argentina,Catamarca,San Fernando del Valle,,Moda femenina,E078,System Basic,#SystemBasic #BasicosConOnda #ModaMujer #SystemArg,Hasta 30% OFF en básicos de media estación,,https://wa.me/5491147774433,https://www.facebook.com/systembasic,https://www.instagram.com/systembasic,,,,,,,,https://www.tiktok.com/@systembasic,
480,También Online,SI,SI,Argentina,Río Negro,San Carlos de Bariloche,,Cosmética y Cuidado Personal,E079,Rosa Mosqueta Bariloche,#RosaMosqueta #PatagoniaNatural #AceitePuro #CosmeticaArtesanal,Envío sin costo a todo el país superando $80.000,,https://wa.me/5492944421100,https://www.facebook.com/rosamosquetapatagonia,https://www.instagram.com/rosamosquetaoficial,,,,,,,,https://www.tiktok.com/@rosamosquetaoficial,
481,También Online,SI,SI,Argentina,Mendoza,Godoy Cruz,,Calzado y Marroquinería,E080,Lázaro Cuero,#LazaroCuero #CarterasDeCueroArg #LazaroBuenosAires #ModaCuero,Hasta 6 cuotas sin interés y 10% de bienvenida,,https://wa.me/5491148115599,https://www.facebook.com/lazarocuero,https://www.instagram.com/lazarocuero,,,,,,,,https://www.tiktok.com/@lazarocuero,
482,También Online,NO,SI,Argentina,Córdoba,Alta Gracia,,Decoración del hogar,E081,Home Collection,#HomeCollectionArg #RopaDeCama #DecoYDiseno #BlancoDeLujo,Hasta 40% OFF en plumones y almohadas inteligentes,,https://wa.me/5491148123300,https://www.facebook.com/homecollection.ar,https://www.instagram.com/homecollection.ar,,,,,,,,https://www.tiktok.com/@homecollection.ar,
483,También Online,SI,SI,Argentina,Buenos Aires,San Isidro,,Moda femenina,E082,Clara Ibarguren,#ClaraIbarguren #ModaUrbanaFemenina #DisenoArgentino #ClaraOficial,15% de ahorro con transferencia o débito en toda la tienda,,https://wa.me/5491147178822,https://www.facebook.com/claraibargurenoficial,https://www.instagram.com/claraibarguren,,,,,,,,https://www.tiktok.com/@claraibarguren,
484,También Online,SI,SI,Argentina,La Rioja,La Rioja,,Joyería y Accesorios,E083,Milana Accesorios,#MilanaAccesorios #JoyasEnAcero #PlataYModa #MilanaArg,Envío bonificado a partir de $70.000 a cualquier provincia,,https://wa.me/5493804432211,https://www.facebook.com/milanaaccesorios,https://www.instagram.com/milanaaccesorios,,,,,,,,https://www.tiktok.com/@milanaaccesorios,
485,También Online,SI,SI,Argentina,Santa Cruz,Río Gallegos,,Moda femenina,E084,Anca & Co,#AncaAndCo #CalzadoFemenino #ZapatosComodos #AncaStyle,Hasta 3 cuotas sin interés en sandalias y borcegos,,https://wa.me/5491147348800,https://www.facebook.com/ancayco,https://www.instagram.com/ancayco,,,,,,,,https://www.tiktok.com/@ancayco,
486,También Online,SI,SI,Argentina,Buenos Aires,Quilmes,,Moda infantil,E085,Piojito Ropa Infantil,#PiojitoKids #RopaParaNinos #PrendasDivertidas #PiojitoModa,10% OFF en la primera compra con suscripción por correo,,https://wa.me/5491142530099,https://www.facebook.com/piojitokids,https://www.instagram.com/piojitokids,,,,,,,,https://www.tiktok.com/@piojitokids,
487,También Online,NO,SI,Argentina,Tierra del Fuego,Ushuaia,,Decoración del hogar,E086,Fontenla,#FontenlaMuebles #MobiliarioDeLujo #FontenlaDeco #AltaGamaHogar,6 cuotas sin interés en muebles de salón y living,,https://wa.me/5491146305000,https://www.facebook.com/fontenlahome,https://www.instagram.com/fontenla_furniture,,,,,,,,https://www.tiktok.com/@fontenla_furniture,
488,También Online,SI,SI,Argentina,Córdoba,San Francisco,,Calzado,E087,Briganti,#BrigantiShoes #CalzadoDeCuero #ZapatosArtesanales #BrigantiArg,Envío gratis en compras mayores a $115.000,,https://wa.me/5491148663344,https://www.facebook.com/brigantioficial,https://www.instagram.com/briganti_oficial,,,,,,,,https://www.tiktok.com/@briganti_oficial,
489,También Online,SI,SI,Argentina,Santa Fe,Esperanza,,Cosmética y Cuidado Personal,E088,Dermaglós,#DermaglosCuidaTuPiel #CuidadoDermatologico #SkincareSaludable #Dermaglos,Hasta 20% OFF en protectores solares y emulsiones hidratantes,,https://wa.me/5491143801234,https://www.facebook.com/dermaglosargentina,https://www.instagram.com/dermaglos,,,,,,,,https://www.tiktok.com/@dermaglos,
490,También Online,SI,SI,Argentina,Mendoza,Guaymallén,,Moda femenina,E089,Ossira,#OssiraOfficial #DenimAttitude #ModaFemeninaArg #LookOssira,3 cuotas sin interés y 10% extra por transferencia,,https://wa.me/5491147890088,https://www.facebook.com/OssiraOficial,https://www.instagram.com/ossiraoficial,,,,,,,,https://www.tiktok.com/@ossiraoficial,
491,También Online,NO,SI,Argentina,San Juan,Rawson,,Moda infantil,E090,Mimo Club,#MimoClub #RopaDeChicos #ClubMimo #ModaKidsArg,Envío bonificado a todo el país en carritos desde $90.000,,https://wa.me/5491147118055,https://www.facebook.com/mimoyco,https://www.instagram.com/mimoyco_oficial,,,,,,,,https://www.tiktok.com/@mimoyco_oficial,
492,También Online,SI,SI,Argentina,Buenos Aires,Pilar,,Joyería y Accesorios,E091,Blue Sheep Accesorios,#BlueSheepArg #FibrasNaturales #LanaMerino #AccesoriosDeAutor,10% de descuento en el primer pedido registrándote,,https://wa.me/5491153689020,https://www.facebook.com/bluesheepoficial,https://www.instagram.com/bluesheepoficial,,,,,,,,https://www.tiktok.com/@bluesheepoficial,
493,También Online,SI,SI,Argentina,Tucumán,Yerba Buena,,Decoración del hogar,E092,La Blancherie,#LaBlancherieDeco #VajillaRomantica #BazarChic #BlancoYBazar,15% OFF abonando con transferencia directa,,https://wa.me/5493814257766,https://www.facebook.com/lablancherieargentina,https://www.instagram.com/lablancherie,,,,,,,,https://www.tiktok.com/@lablancherie,
494,También Online,SI,SI,Argentina,Entre Ríos,Concordia,,Moda femenina,E093,Sail,#SailArgentina #CasualWear #LookDePlaya #EstiloUrbanoSail,Hasta 30% OFF en prendas seleccionadas de liquidación,,https://wa.me/5491148167733,https://www.facebook.com/sailargentina,https://www.instagram.com/sailargentina,,,,,,,,https://www.tiktok.com/@sailargentina,
495,También Online,SI,SI,Argentina,Río Negro,General Roca,,Calzado,E094,Vía Uno Argentina,#ViaUnoArg #ZapatosYModa #CalzadoFemenino #ViaUnoShoes,3 cuotas sin interés en toda la tienda digital,,https://wa.me/5491147352211,https://www.facebook.com/viaunoargentina,https://www.instagram.com/viaunoargentina,,,,,,,,https://www.tiktok.com/@viaunoargentina,
496,También Online,NO,SI,Argentina,Buenos Aires,Vicente López,,Moda femenina,E095,Sweet,#SweetVictorianModa #EstiloSweet #MujerJoven #ModaFemeninaSweet,Hasta 3 cuotas sin interés y envíos sin cargo desde $100.000,,https://wa.me/5491147983344,https://www.facebook.com/sweetoficial,https://www.instagram.com/sweetoficial,,,,,,,,https://www.tiktok.com/@sweetoficial,
497,También Online,SI,SI,Argentina,Corrientes,Goya,,Joyería y Accesorios,E096,Maioli Joyas,#MaioliJoyas #JoyasDePlata #DisenoExclusivo #MaioliArg,15% de ahorro con débito o transferencia inmediata,,https://wa.me/5493777421155,https://www.facebook.com/maiolijoyas,https://www.instagram.com/maiolijoyas,,,,,,,,https://www.tiktok.com/@maiolijoyas,
498,También Online,SI,SI,Argentina,Chubut,Puerto Madryn,,Cosmética y Cuidado Personal,E097,Biferdil,#BiferdilCapilar #CuidadoDelCabello #TratamientoCapilar #Biferdil,25% OFF en acondicionadores y baños de crema de 500ml,,https://wa.me/5491145543322,https://www.facebook.com/biferdil,https://www.instagram.com/biferdil,,,,,,,,https://www.tiktok.com/@biferdil,
499,También Online,SI,SI,Argentina,Chaco,Sáenz Peña,,Moda infantil,E098,Mab Ropa Infantil,#MabKids #RopaParaChicos #ModaInfantilChaco #MabArg,Envío sin cargo en compras superiores a $85.000,,https://wa.me/5493644428877,https://www.facebook.com/mabropainfantil,https://www.instagram.com/mabinfantil,,,,,,,,https://www.tiktok.com/@mabinfantil,
500,También Online,SI,SI,Argentina,Buenos Aires,San Nicolás de los Arroyos,,Decoración del hogar,E099,Bazar Avenida,#BazarAvenida #ElectroYDeco #VajillaModerna #BazarHogar,12 cuotas sin interés en pequeños electrodomésticos y bazar,,https://wa.me/5493364421100,https://www.facebook.com/bazaravenidaoficial,https://www.instagram.com/bazaravenida,,,,,,,,https://www.tiktok.com/@bazaravenida,
501,También Online,NO,SI,Argentina,Mendoza,Luján de Cuyo,,Moda femenina,E100,Eva Bomparola,#EvaBomparola #CoutureArgentino #AltaCostura #ModaExclusiva,Atención personalizada y 10% OFF en pedidos anticipados,,https://wa.me/5491148119090,https://www.facebook.com/evabomparolaoficial,https://www.instagram.com/evabomparola,,,,,,,,https://www.tiktok.com/@evabomparola,
502,También Online,SI,SI,Chile,Región Metropolitana,Santiago,,Cosmética y cuidado personal,F001,Lounge,#LoungeChile #ModaFemenina #Accesorios #Carteras,10% de descuento en primera compra al suscribirse al newsletter,https://wa.me/56934521098,https://www.facebook.com/LoungeChile,https://www.instagram.com/loungechile,https://www.tiktok.com/@loungechile,,,,,,,,https://www.lounge.cl,
503,También Online,SI,SI,Chile,Región Metropolitana,Santiago,,Joyería y accesorios,F002,Minka Joyas,#MinkaJoyas #JoyeríaDePlata #HechoEnChile #AccesoriosMujer,Envío gratis en compras sobre $40.000 CLP,https://wa.me/56994328765,https://www.facebook.com/minkajoyas,https://www.instagram.com/minkajoyas,https://www.tiktok.com/@minkajoyas,,,,,,,,https://www.minkajoyas.cl,
504,También Online,SI,SI,Chile,Región Metropolitana,Santiago,,Calzado y marroquinería,F003,Giani Dafirenze,#GianiDafirenze #ZapatosDeCuero #HechoEnChile #CalzadoFemenino,Hasta 40% de descuento en sección Sale de temporada,https://wa.me/56976543210,https://www.facebook.com/gianidafirenze,https://www.instagram.com/gianidafirenze,https://www.tiktok.com/@gianidafirenze,,,,,,,,https://www.gianidafirenze.cl,
505,También Online,NO,SI,Chile,Región Metropolitana,Santiago,,Moda femenina,F004,Singular Dressing,#SingularDressing #ModaChilena #DiseñoDeAutor #VestidosFiesta,15% de descuento en la primera compra web,https://wa.me/56987654321,https://www.facebook.com/singulardressing,https://www.instagram.com/singular_dressing,https://www.tiktok.com/@singulardressing,,,,,,,,https://www.singulardressing.com,
506,Sólo Online,SI,SI,Chile,Región Metropolitana,Santiago,,Cosmética y cuidado personal,F005,Apícola del Alba,#ApicolaDelAlba #CosmeticaNatural #CrueltyFreeChile #Fitoterapia,Envío gratis en RM por compras superiores a $35.000 CLP,https://wa.me/56954098712,https://www.facebook.com/ApicolaDelAlba,https://www.instagram.com/apicoladelalba,https://www.tiktok.com/@apicoladelalba,,,,,,,,https://www.apicoladelalba.cl,
507,También Online,NO,SI,Chile,Región Metropolitana,Santiago,,Calzado femenino,F006,Bestias XX,#BestiasXX #ZapatosCuero #DiseñoChileno #CalzadoUrbano,Descuentos de hasta 30% en pares seleccionados,https://wa.me/56942187654,https://www.facebook.com/bestiasxx,https://www.instagram.com/bestiasxx,https://www.tiktok.com/@bestiasxx,,,,,,,,https://www.bestiasxx.com,
508,Sólo Online,SI,NO,Chile,Región de Valparaíso,Viña del Mar,,Joyería y accesorios,F007,Vera Joyas,#VeraJoyas #Plata925 #JoyasDeAutor #ViñaDelMar,10% OFF en el primer pedido con cupón de bienvenida,https://wa.me/56961234567,https://www.facebook.com/verajoyaschile,https://www.instagram.com/verajoyas_cl,https://www.tiktok.com/@verajoyaschile,,,,,,,,https://www.verajoyas.cl,
509,También Online,NO,SI,Chile,Región Metropolitana,Santiago,,Decoración del hogar,F008,Casa Tua Deco,#CasaTua #DecoracionHogar #DiseñoInterior #TextilesHogar,Hasta 20% de descuento en categoría menaje y mesa,https://wa.me/56981290345,https://www.facebook.com/casatuadeco,https://www.instagram.com/casatuadeco,https://www.tiktok.com/@casatuadeco,,,,,,,,https://www.casatua.cl,
510,Sólo Online,NO,SI,Chile,Región Metropolitana,Santiago,,Moda infantil,F009,Mini Anana,#MiniAnana #RopaInfantil #AlgodonPima #ModaBebe,Envío gratis en Santiago por compras sobre $50.000 CLP,https://wa.me/56991827364,https://www.facebook.com/miniananachile,https://www.instagram.com/minianana_cl,https://www.tiktok.com/@minianana_cl,,,,,,,,https://www.minianana.cl,
511,También Online,SI,SI,Chile,Región Metropolitana,Santiago,,Cosmética y cuidado personal,F010,Kuyen Cosmética,#KuyenCosmetica #CosmeticaConsciente #SkincareChile #CrueltyFree,10% de descuento registrando tu correo en la tienda,https://wa.me/56972345678,https://www.facebook.com/kuyencosmetica,https://www.instagram.com/kuyencosmetica,https://www.tiktok.com/@kuyencosmetica,,,,,,,,https://www.kuyen.cl,
512,También Online,SI,SI,Chile,Región Metropolitana,Santiago,,Cosmética y cuidado personal,F011,Wild Lama,#WildLama #ModaSustentable #AccesoriosChile #Outdoors,10% de descuento en tu primera compra al suscribirte al newsletter,https://wa.me/56965432190,https://www.facebook.com/wildlamachile,https://www.instagram.com/wildlamachile,https://www.tiktok.com/@wildlama,,,,,,,,https://www.wildlama.com,
513,También Online,NO,SI,Chile,Región Metropolitana,Santiago,,Calzado y marroquinería,F012,Zapatería Maestra,#ZapateriaMaestra #ZapatosDeCuero #CalzadoChileno #HechoAMano,Hasta 30% OFF en pares seleccionados de temporada,https://wa.me/56976541289,https://www.facebook.com/zapateriamaestra,https://www.instagram.com/zapateriamaestra,https://www.tiktok.com/@zapateriamaestra,,,,,,,,https://www.zapateriamaestra.cl,
514,Sólo Online,SI,SI,Chile,Región de Valparaíso,Viña del Mar,,Cosmética y cuidado personal,F013,Biofilia,#BiofiliaChile #CosmeticaNatural #CrueltyFree #CuidadoCapilar,Envío gratis a todo Chile en pedidos superiores a $45.000 CLP,https://wa.me/56987650123,https://www.facebook.com/biofiliacosmeticanatural,https://www.instagram.com/biofilia_cl,https://www.tiktok.com/@biofilia_cl,,,,,,,,https://www.biofilia.cl,
515,También Online,SI,SI,Chile,Región Metropolitana,Santiago,,Joyería y accesorios,F014,Ilaccetto Joyas,#Ilaccetto #JoyeriaEnPlata #AccesoriosMujer #Plata925,15% de descuento en la primera orden con registro de correo,https://wa.me/56991238475,https://www.facebook.com/ilaccettojoyas,https://www.instagram.com/ilaccettojoyas,https://www.tiktok.com/@ilaccettojoyas,,,,,,,,https://www.ilaccetto.cl,
516,También Online,NO,SI,Chile,Región Metropolitana,Santiago,,Moda femenina,F015,Singular Dressing,#SingularDressing #ModaChilena #DiseñoDeAutor #VestidosFiesta,Liquidación de temporada con hasta 40% OFF en vestidos,https://wa.me/56954328901,https://www.facebook.com/singulardressingcl,https://www.instagram.com/singulardressing,https://www.tiktok.com/@singulardressing,,,,,,,,https://www.singulardressing.com,
517,Sólo Online,NO,SI,Chile,Región del Biobío,Concepción,,Decoración del hogar,F016,La Madriguera Deco,#LaMadrigueraDeco #DiseñoInterior #DecoHogar #ConcepcionDeco,10% OFF en tu primera compra ingresando correo electrónico,https://wa.me/56943217650,https://www.facebook.com/lamadrigueradecochile,https://www.instagram.com/lamadrigueradeco,https://www.tiktok.com/@lamadrigueradeco,,,,,,,,https://www.lamadrigueradeco.cl,
518,También Online,SI,SI,Chile,Región Metropolitana,Santiago,,Moda infantil,F017,Limonada,#LimonadaChile #ModaInfantil #RopaNiñas #VestidosInfantiles,Envío gratis en compras sobre $30.000 CLP,https://wa.me/56987654310,https://www.facebook.com/LimonadaChile,https://www.instagram.com/limonadachile,https://www.tiktok.com/@limonadachile,,,,,,,,https://www.limonada.cl,
519,Sólo Online,SI,NO,Chile,Región Metropolitana,Santiago,,Joyería y accesorios,F018,Mano de Monja Joyas,#ManoDeMonja #JoyeriaContemporanea #HechoEnChile #DiseñoLocal,10% de bienvenida con suscripción al boletín,https://wa.me/56976509812,https://www.facebook.com/manodemonjajoyas,https://www.instagram.com/manodemonjajoyas,https://www.tiktok.com/@manodemonjajoyas,,,,,,,,https://www.manodemonja.cl,
520,También Online,NO,SI,Chile,Región Metropolitana,Santiago,,Calzado y marroquinería,F019,Nalca Shoes,#NalcaShoes #CalzadoDeCuero #HechoEnChile #ZapatosMujer,Hasta 25% de descuento en sección outlet,https://wa.me/56998712340,https://www.facebook.com/nalcashoes,https://www.instagram.com/nalcashoes,https://www.tiktok.com/@nalcashoes,,,,,,,,https://www.nalca.cl,
521,También Online,SI,SI,Chile,Región Metropolitana,Santiago,,Cosmética y cuidado personal,F020,Le Petit Olivier Chile,#LePetitOlivier #CuidadoNatural #CosmeticaFrancesa #SkincareChile,Envío sin costo en Santiago en compras sobre $35.000 CLP,https://wa.me/56954320987,https://www.facebook.com/lepetitolivierchile,https://www.instagram.com/lepetitolivierchile,https://www.tiktok.com/@lepetitolivierchile,,,,,,,,https://www.lepetitolivier.cl,
522,Sólo Online,NO,SI,Chile,Región de Valparaíso,Viña del Mar,,Moda femenina,F021,Love Me Denim,#LoveMeDenim #JeansMujer #ModaChilena #DenimStyle,15% de descuento en el primer pedido web,https://wa.me/56987651209,https://www.facebook.com/lovemedenimchile,https://www.instagram.com/lovemedenim,https://www.tiktok.com/@lovemedenim,,,,,,,,https://www.lovemedenim.cl,
523,También Online,NO,SI,Chile,Región Metropolitana,Santiago,,Decoración del hogar,F022,Sur Diseño,#SurDiseño #MueblesChile #DecoracionInteriores #DiseñoChileno,Hasta 20% de descuento en artículos de iluminación seleccionados,https://wa.me/56965409823,https://www.facebook.com/surdiseno,https://www.instagram.com/surdiseno,https://www.tiktok.com/@surdiseno,,,,,,,,https://www.surdiseno.cl,
524,Sólo Online,SI,SI,Chile,Región Metropolitana,Santiago,,Moda infantil,F023,Baby Cu,#BabyCu #RopaCobre #ModaBebe #AntibacterianoChile,10% OFF en el primer pedido registrándose en la tienda,https://wa.me/56976543190,https://www.facebook.com/babycuchile,https://www.instagram.com/babycu_cl,https://www.tiktok.com/@babycu_cl,,,,,,,,https://www.babycu.cl,
525,También Online,SI,SI,Chile,Región Metropolitana,Santiago,,Joyería y accesorios,F024,Aguamarina Joyas,#AguamarinaJoyas #JoyasDePlata #AccesoriosMujer #PiedrasNaturales,Envío gratis a todo Chile en compras sobre $50.000 CLP,https://wa.me/56998765043,https://www.facebook.com/aguamarinajoyasoficial,https://www.instagram.com/aguamarinajoyas,https://www.tiktok.com/@aguamarinajoyas,,,,,,,,https://www.aguamarinajoyas.cl,
526,Sólo Online,NO,SI,Chile,Región del Biobío,Concepción,,Cosmética y cuidado personal,F025,Mística Natural,#MisticaNatural #CosmeticaOrganica #JabonArtesanal #CrueltyFreeConce,10% de descuento de bienvenida en la primera orden,https://wa.me/56943219870,https://www.facebook.com/misticanaturalchile,https://www.instagram.com/misticanatural,https://www.tiktok.com/@misticanatural,,,,,,,,https://www.misticanatural.cl,
527,También Online,NO,SI,Chile,Región Metropolitana,Santiago,,Calzado y marroquinería,F026,Camila Ortiz Shoes,#CamilaOrtizShoes #ZapatosDeFiesta #CalzadoNovias #HechoAMano,Hasta 30% de descuento en pares seleccionados de muestra,https://wa.me/56987609834,https://www.facebook.com/camilaortizshoes,https://www.instagram.com/camilaortizshoes,https://www.tiktok.com/@camilaortizshoes,,,,,,,,https://www.camilaortiz.cl,
528,También Online,SI,SI,Chile,Región Metropolitana,Santiago,,Moda femenina,F027,Bacano,#BacanoChile #ModaCasual #RopaFemenina #TendenciasChile,Envío gratis en Región Metropolitana por compras sobre $40.000 CLP,https://wa.me/56976548901,https://www.facebook.com/bacanocl,https://www.instagram.com/bacano.cl,https://www.tiktok.com/@bacano.cl,,,,,,,,https://www.bacano.cl,
529,Sólo Online,NO,SI,Chile,Región de Valparaíso,Valparaíso,,Decoración del hogar,F028,Cerámica Gres Taller,#CeramicaGres #DecoracionArtesanal #HechoEnChile #VajillaGres,10% OFF en sets de vajilla seleccionados,https://wa.me/56965412398,https://www.facebook.com/ceramicagrestaller,https://www.instagram.com/ceramicagres_cl,https://www.tiktok.com/@ceramicagres_cl,,,,,,,,https://www.ceramicagres.cl,
530,También Online,SI,SI,Chile,Región Metropolitana,Santiago,,Moda infantil,F029,Pillín,#PillinChile #RopaInfantil #ModaNiños #CalzadoInfantil,Hasta 50% de descuento en liquidación de temporada,https://wa.me/56998709845,https://www.facebook.com/PillinChile,https://www.instagram.com/pillinchile,https://www.tiktok.com/@pillinchile,,,,,,,,https://www.pillin.cl,
531,Sólo Online,SI,NO,Chile,Región Metropolitana,Santiago,,Joyería y accesorios,F030,Vayu Joyas,#VayuJoyas #PlataYCuarzos #JoyeríaEspiritual #AmuletosChile,Envío gratis en compras sobre $45.000 CLP a todo el país,https://wa.me/56987654098,https://www.facebook.com/vayenjoyas,https://www.instagram.com/vayu_joyas,https://www.tiktok.com/@vayu_joyas,,,,,,,,https://www.vayu.cl,
532,También Online,NO,SI,Chile,Región Metropolitana,Santiago,,Cosmética y cuidado personal,F031,Spacio Natural,#SpacioNatural #InsumosCosmetica #CosmeticaArtesanal #Skincare,Descuento de bienvenida del 5% al registrarse en el club web,https://wa.me/56976543981,https://www.facebook.com/spacionatural,https://www.instagram.com/spacio_natural,https://www.tiktok.com/@spacio_natural,,,,,,,,https://www.spacionatural.cl,
533,También Online,NO,SI,Chile,Región Metropolitana,Santiago,,Calzado y marroquinería,F032,Blanca Nieves Zapatos,#BlancaNievesCalzados #ZapatosFemeninos #ModaCalzado #SantiagoRetail,Promociones 2x1 en sandalias seleccionadas de temporada,https://wa.me/56954318765,https://www.facebook.com/blancanieveszapatos,https://www.instagram.com/blancanieves_zapatos,https://www.tiktok.com/@blancanieveszapatos,,,,,,,,https://www.blancanieveszapatos.cl,
534,Sólo Online,SI,SI,Chile,Región de Valparaíso,Viña del Mar,,Moda femenina,F033,Santolina,#SantolinaChile #ModaSostenible #LinoYAlgodon #SlowFashionChile,15% de descuento en primera orden con newsletter,https://wa.me/56943209876,https://www.facebook.com/santolinachile,https://www.instagram.com/santolina_cl,https://www.tiktok.com/@santolina_cl,,,,,,,,https://www.santolina.cl,
535,También Online,NO,SI,Chile,Región Metropolitana,Santiago,,Decoración del hogar,F034,Theodora Deco,#TheodoraDeco #ObjetosDeDecoracion #DiseñoDeInteriores #HogarChic,Hasta 25% de descuento en cojines y mantas seleccionadas,https://wa.me/56987612390,https://www.facebook.com/theoradeco,https://www.instagram.com/theodora_deco,https://www.tiktok.com/@theodora_deco,,,,,,,,https://www.theodora.cl,
536,Sólo Online,NO,SI,Chile,Región Metropolitana,Santiago,,Moda infantil,F035,Minibabys,#MinibabysChile #RopaDeBebe #AjuarRecienNacido #ModaInfantil,Envío sin costo en Santiago en compras superiores a $35.000 CLP,https://wa.me/56976598712,https://www.facebook.com/minibabyschile,https://www.instagram.com/minibabys_cl,https://www.tiktok.com/@minibabys_cl,,,,,,,,https://www.minibabys.cl,
537,También Online,SI,SI,Chile,Región Metropolitana,Santiago,,Joyería y accesorios,F036,Singular Joyas,#SingularJoyas #JoyasDePlata #DiseñoDeAutor #AccesoriosChile,10% de bienvenida al suscribir correo en la página web,https://wa.me/56998764321,https://www.facebook.com/singularjoyaschile,https://www.instagram.com/singularjoyas,https://www.tiktok.com/@singularjoyas,,,,,,,,https://www.singularjoyas.cl,
538,Sólo Online,SI,SI,Chile,Región del Biobío,Concepción,,Cosmética y cuidado personal,F037,Herbolaria del Sur,#HerbolariaDelSur #JabonNatural #Fitocosmetica #BiobioCosmetica,Envío gratis a todo Chile en pedidos desde $40.000 CLP,https://wa.me/56987654987,https://www.facebook.com/herbolariadelsurchile,https://www.instagram.com/herbolariadelsur,https://www.tiktok.com/@herbolariadelsur,,,,,,,,https://www.herbolariadelsur.cl,
539,También Online,NO,SI,Chile,Región Metropolitana,Santiago,,Calzado y marroquinería,F038,Prune Chile,#PruneChile #CarterasDeCuero #CalzadoFemenino #Marroquineria,Hasta 40% OFF en Sale de carteras y accesorios,https://wa.me/56965487612,https://www.facebook.com/prunechile,https://www.instagram.com/prunechile,https://www.tiktok.com/@prunechile,,,,,,,,https://www.prune.cl,
540,También Online,NO,SI,Chile,Región Metropolitana,Santiago,,Moda femenina,F039,Froens,#FroensChile #ModaCasual #EstiloDeVida #VestuarioSustentable,Envío gratis en compras web sobre $50.000 CLP,https://wa.me/56954398710,https://www.facebook.com/froenschile,https://www.instagram.com/froens,https://www.tiktok.com/@froenschile,,,,,,,,https://www.froens.cl,
541,Sólo Online,NO,SI,Chile,Región de Valparaíso,Quilpué,,Decoración del hogar,F040,Macramé Estudio Chile,#MacrameChile #DecoracionBoho #FibrasNaturales #HechoAMano,10% OFF en telares decorativos para pared,https://wa.me/56943218765,https://www.facebook.com/macrameestudiochile,https://www.instagram.com/macrameestudio,https://www.tiktok.com/@macrameestudio,,,,,,,,https://www.macrameestudio.cl,
542,También Online,SI,SI,Chile,Región Metropolitana,Santiago,,Moda infantil,F041,Opaline,#OpalineChile #RopaBebe #ModaInfantil #CalzadoBebe,Hasta 30% de descuento en la categoría recién nacido,https://wa.me/56987650981,https://www.facebook.com/OpalineChile,https://www.instagram.com/opalinechile,https://www.tiktok.com/@opalinechile,,,,,,,,https://www.opaline.cl,
543,Sólo Online,SI,NO,Chile,Región Metropolitana,Santiago,,Joyería y accesorios,F042,Valeria Martínez Joyas,#ValeriaMartinez #AltaJoyeria #OrfebreriaChilena #JoyasPersonalizadas,15% de descuento en piezas seleccionadas de taller,https://wa.me/56976541098,https://www.facebook.com/valeriamartinezjoyas,https://www.instagram.com/valeriamartinezjoyas,https://www.tiktok.com/@valeriamartinezjoyas,,,,,,,,https://www.valeriamartinez.cl,
544,También Online,SI,SI,Chile,Región Metropolitana,Santiago,,Cosmética y cuidado personal,F043,Bow Nature,#BowNature #CosmeticaLimpia #CrueltyFreeChile #SkincareNatural,Envío gratis en Santiago en pedidos superiores a $30.000 CLP,https://wa.me/56998765123,https://www.facebook.com/bownaturechile,https://www.instagram.com/bownature_cl,https://www.tiktok.com/@bownature_cl,,,,,,,,https://www.bownature.cl,
545,También Online,NO,SI,Chile,Región Metropolitana,Santiago,,Calzado y marroquinería,F044,Babuina Shoes,#BabuinaShoes #CalzadoDeCuero #BotinesMujer #HechoEnChile,Hasta 20% de descuento en botines de media estación,https://wa.me/56987659012,https://www.facebook.com/babuinashoes,https://www.instagram.com/babuina_shoes,https://www.tiktok.com/@babuinashoes,,,,,,,,https://www.babuina.cl,
546,Sólo Online,NO,SI,Chile,Región de Valparaíso,Viña del Mar,,Moda femenina,F045,Amapola Boutique,#AmapolaBoutique #ModaFemenina #VestidosViña #EstiloUrbano,10% de bienvenida con el cupón de registro web,https://wa.me/56965431098,https://www.facebook.com/amapolaboutiqueviña,https://www.instagram.com/amapola_boutiquecl,https://www.tiktok.com/@amapola_boutique,,,,,,,,https://www.amapolaboutique.cl,
547,También Online,NO,SI,Chile,Región Metropolitana,Santiago,,Decoración del hogar,F046,La Horqueta Deco,#LaHorqueta #MueblesRústicos #DecoracionTerraza #MenajeHogar,Hasta 30% OFF en mesas y menaje de comedor,https://wa.me/56954321876,https://www.facebook.com/lahorquetadeco,https://www.instagram.com/lahorqueta,https://www.tiktok.com/@lahorqueta,,,,,,,,https://www.lahorqueta.cl,
548,Sólo Online,SI,SI,Chile,Región del Biobío,Concepción,,Moda infantil,F047,Pajarito de Lana,#PajaritoDeLana #TejidosInfantiles #LanaMerino #HechoAMano,Envío gratis a todo el país en pedidos sobre $50.000 CLP,https://wa.me/56943210987,https://www.facebook.com/pajaritodelanachile,https://www.instagram.com/pajaritodelana,https://www.tiktok.com/@pajaritodelana,,,,,,,,https://www.pajaritodelana.cl,
549,También Online,SI,SI,Chile,Región Metropolitana,Santiago,,Joyería y accesorios,F048,Carmina Joyería,#CarminaJoyas #JoyeriaFina #BañoDeOro #AccesoriosSantiago,15% de descuento en aros y colgantes seleccionados,https://wa.me/56987654120,https://www.facebook.com/carminajoyeria,https://www.instagram.com/carmina_joyeria,https://www.tiktok.com/@carmina_joyeria,,,,,,,,https://www.carmina.cl,
550,Sólo Online,NO,SI,Chile,Región Metropolitana,Santiago,,Cosmética y cuidado personal,F049,Bálsamos del Bosque,#BalsamosDelBosque #CosmeticaBotanica #CuidadoLabial #ArtesanalChile,Envío sin costo en RM por compras superiores a $25.000 CLP,https://wa.me/56976543209,https://www.facebook.com/balsamosdelbosque,https://www.instagram.com/balsamosdelbosque,https://www.tiktok.com/@balsamosdelbosque,,,,,,,,https://www.balsamosdelbosque.cl,
551,También Online,NO,SI,Chile,Región Metropolitana,Santiago,,Moda femenina,F050,Sitka Semsch Chile,#SitkaSemsch #ModaDeAutor #DiseñoExclusivo #VestuarioFemenino,Hasta 40% de descuento en prendas de fin de temporada,https://wa.me/56998765430,https://www.facebook.com/sitkasemschchile,https://www.instagram.com/sitkasemsch,https://www.tiktok.com/@sitkasemsch,,,,,,,,https://www.sitkasemsch.cl,
552,También Online,SI,SI,Chile,Región Metropolitana,Santiago,,Calzado y marroquinería,F051,Giani Dafirenze Outlet,#GianiOutlet #CalzadoDeCuero #ZapatosMujer #LiquidacionCalzado,Hasta 50% de descuento en pares únicos de outlet,https://wa.me/56976543299,https://www.facebook.com/gianidafirenzeoutlet,https://www.instagram.com/gianidafirenze_outlet,https://www.tiktok.com/@gianidafirenze,,,,,,,,https://www.gianidafirenze.cl,
553,Sólo Online,SI,SI,Chile,Región Metropolitana,Santiago,,Cosmética y cuidado personal,F052,Enkanto Natural,#EnkantoNatural #CosmeticaSustentable #SkincareVegano #CuidadoFacial,10% de descuento en la primera orden con suscripción,https://wa.me/56981234567,https://www.facebook.com/enkantonatural,https://www.instagram.com/enkantonatural,https://www.tiktok.com/@enkantonatural,,,,,,,,https://www.enkantonatural.cl,
554,También Online,NO,SI,Chile,Región de Valparaíso,Viña del Mar,,Moda femenina,F053,Bazar La Pasión,#BazarLaPasion #ModaIndependiente #DiseñoPorteño #RopaMujer,Envío gratis en compras sobre $45.000 CLP,https://wa.me/56992345678,https://www.facebook.com/bazarlapasion,https://www.instagram.com/bazarlapasion,https://www.tiktok.com/@bazarlapasion,,,,,,,,https://www.bazarlapasion.cl,
555,Sólo Online,SI,NO,Chile,Región Metropolitana,Santiago,,Joyería y accesorios,F054,Aurelia Joyas,#AureliaJoyas #JoyasDePlata #OrfebreriaArtesanal #ArosPlata,15% de descuento en aros seleccionados,https://wa.me/56973456789,https://www.facebook.com/aureliajoyaschile,https://www.instagram.com/aureliajoyas_cl,https://www.tiktok.com/@aureliajoyas,,,,,,,,https://www.aureliajoyas.cl,
556,También Online,NO,SI,Chile,Región Metropolitana,Santiago,,Decoración del hogar,F055,Mingo Deco,#MingoDeco #CojinesDecorativos #TextilesHogar #DecoChile,Hasta 30% OFF en mantas y alfombras de lana,https://wa.me/56984567890,https://www.facebook.com/mingodecochile,https://www.instagram.com/mingodeco,https://www.tiktok.com/@mingodeco,,,,,,,,https://www.mingodeco.cl,
557,Sólo Online,NO,SI,Chile,Región del Biobío,Concepción,,Moda infantil,F056,Minitopos,#Minitopos #RopaBebeAlgodon #AjuarInfantil #ConcepcionNinos,10% OFF registrando tu correo en la tienda web,https://wa.me/56995678901,https://www.facebook.com/minitoposchile,https://www.instagram.com/minitopos_cl,https://www.tiktok.com/@minitopos_cl,,,,,,,,https://www.minitopos.cl,
558,También Online,SI,SI,Chile,Región Metropolitana,Santiago,,Calzado y marroquinería,F057,Bordadora Shoes,#BordadoraShoes #ZapatosBordados #DiseñoChileno #CalzadoUrbano,Descuentos de hasta 25% en calzado de temporada,https://wa.me/56976789012,https://www.facebook.com/bordadorashoes,https://www.instagram.com/bordadorashoes,https://www.tiktok.com/@bordadorashoes,,,,,,,,https://www.bordadora.cl,
559,Sólo Online,SI,SI,Chile,Región de Coquimbo,La Serena,,Cosmética y cuidado personal,F058,Papaya Cosmética,#PapayaCosmetica #FrutosDelElqui #AceitesNaturales #LaSerenaSkincare,Envío gratis a todo Chile en pedidos desde $40.000 CLP,https://wa.me/56987890123,https://www.facebook.com/papayacosmetica,https://www.instagram.com/papayacosmetica,https://www.tiktok.com/@papayacosmetica,,,,,,,,https://www.papayacosmetica.cl,
560,También Online,NO,SI,Chile,Región Metropolitana,Santiago,,Moda femenina,F059,Karyn Coo,#KarynCoo #AltaCosturaChilena #ModaDeLujo #DiseñoFemenino,Hasta 35% de descuento en colección verano,https://wa.me/56998901234,https://www.facebook.com/karyncoooficial,https://www.instagram.com/karyncoo,https://www.tiktok.com/@karyncoo,,,,,,,,https://www.karyncoo.com,
561,Sólo Online,SI,NO,Chile,Región de Valparaíso,Viña del Mar,,Joyería y accesorios,F060,Agua Clara Joyas,#AguaClaraJoyas #PiedrasSemipreciosas #JoyeriaDelMar #Plata925,10% de bienvenida al registrarte en el boletín,https://wa.me/56979012345,https://www.facebook.com/aguaclarajoyaschile,https://www.instagram.com/aguaclarajoyas,https://www.tiktok.com/@aguaclarajoyas,,,,,,,,https://www.aguaclarajoyas.cl,
562,También Online,NO,SI,Chile,Región Metropolitana,Santiago,,Decoración del hogar,F061,Dept51,#Dept51 #ObjetosDeDiseño #PapeleriaBonita #DecoracionNordica,Hasta 20% de descuento en lámparas de mesa,https://wa.me/56980123456,https://www.facebook.com/dept51chile,https://www.instagram.com/dept51,https://www.tiktok.com/@dept51,,,,,,,,https://www.dept51.com,
563,Sólo Online,NO,SI,Chile,Región del Biobío,San Pedro de la Paz,,Moda infantil,F062,Lulú Kids,#LuluKids #RopaParaJugar #VestidosNiñas #AlgodonChileno,Envío gratis en compras sobre $35.000 CLP,https://wa.me/56991234509,https://www.facebook.com/lulukidschile,https://www.instagram.com/lulukids_cl,https://www.tiktok.com/@lulukids,,,,,,,,https://www.lulukids.cl,
564,También Online,SI,SI,Chile,Región Metropolitana,Santiago,,Cosmética y cuidado personal,F063,Dulce Jardín Cosmética,#DulceJardin #CosmeticaArtesanal #CuidadoCapilarNatural #SantiagoVerde,10% OFF en tu primer pack facial,https://wa.me/56972345601,https://www.facebook.com/dulcejardincosmetica,https://www.instagram.com/dulcejardin_cl,https://www.tiktok.com/@dulcejardin_cl,,,,,,,,https://www.dulcejardin.cl,
565,También Online,NO,SI,Chile,Región Metropolitana,Santiago,,Calzado y marroquinería,F064,Camina Lindo,#CaminaLindo #ZapatosPlanos #MocasinesMujer #CalzadoComodo,15% de descuento en botines de media estación,https://wa.me/56983456712,https://www.facebook.com/caminalindochile,https://www.instagram.com/caminalindo_cl,https://www.tiktok.com/@caminalindo,,,,,,,,https://www.caminalindo.cl,
566,Sólo Online,NO,SI,Chile,Región de Valparaíso,Valparaíso,,Moda femenina,F065,Manos Porteñas,#ManosPorteñas #RopaUrbana #VestuarioTextil #ModaValparaiso,Envío gratis a comunas de la Quinta Región desde $30.000 CLP,https://wa.me/56994567823,https://www.facebook.com/manosportenas,https://www.instagram.com/manosportenas,https://www.tiktok.com/@manosportenas,,,,,,,,https://www.manosportenas.cl,
567,Sólo Online,SI,NO,Chile,Región Metropolitana,Santiago,,Joyería y accesorios,F066,Alquimia Joyas,#AlquimiaJoyas #PlataReciclada #JoyasConIntencion #DiseñoConsciente,10% de bienvenida en la primera orden online,https://wa.me/56975678934,https://www.facebook.com/alquimiajoyaschile,https://www.instagram.com/alquimiajoyas_cl,https://www.tiktok.com/@alquimiajoyas,,,,,,,,https://www.alquimiajoyas.cl,
568,También Online,NO,SI,Chile,Región Metropolitana,Santiago,,Decoración del hogar,F067,Canterano,#Canterano #MueblesRestaurados #CeramicaTradicional #DecoracionChile,Hasta 15% OFF en vajilla artesanal de gres,https://wa.me/56986789045,https://www.facebook.com/canteranodeco,https://www.instagram.com/canterano_deco,https://www.tiktok.com/@canteranodeco,,,,,,,,https://www.canterano.cl,
569,Sólo Online,SI,SI,Chile,Región Metropolitana,Santiago,,Moda infantil,F068,Tita & Tito,#TitaYTito #RopaBebeSustentable #AlgodonOrganicoChile #ModaInfantil,10% de descuento en packs de recién nacido,https://wa.me/56997890156,https://www.facebook.com/titaytitochile,https://www.instagram.com/titaytito_cl,https://www.tiktok.com/@titaytito,,,,,,,,https://www.titaytito.cl,
570,También Online,SI,SI,Chile,Región Metropolitana,Santiago,,Cosmética y cuidado personal,F069,Paz Cosmética Consciente,#PazCosmetica #SkincareClean #SerumFacial #CrueltyFreeConsciente,Envío gratis en compras sobre $30.000 CLP en Santiago,https://wa.me/56978901267,https://www.facebook.com/pazcosmeticaconsciente,https://www.instagram.com/pazcosmetica,https://www.tiktok.com/@pazcosmetica,,,,,,,,https://www.pazcosmetica.cl,
571,También Online,NO,SI,Chile,Región Metropolitana,Santiago,,Calzado y marroquinería,F070,Zapatos Jacinta,#ZapatosJacinta #CalzadoChileno #CueroGenuino #BotinesChile,Hasta 30% de descuento en calzado seleccionado de liquidación,https://wa.me/56989012378,https://www.facebook.com/zapatosjacintachile,https://www.instagram.com/zapatosjacinta,https://www.tiktok.com/@zapatosjacinta,,,,,,,,https://www.zapatosjacinta.cl,
572,Sólo Online,NO,SI,Chile,Región del Biobío,Concepción,,Moda femenina,F071,Loba Concepción,#LobaConcepcion #ModaUrbana #ChaquetasFemeninas #EstiloBiobio,15% de descuento en la colección de blazers,https://wa.me/56990123489,https://www.facebook.com/lobaconcepcion,https://www.instagram.com/loba_concepcion,https://www.tiktok.com/@loba_concepcion,,,,,,,,https://www.lobaconcepcion.cl,
573,Sólo Online,SI,NO,Chile,Región Metropolitana,Santiago,,Joyería y accesorios,F072,Maleza Joyería,#MalezaJoyeria #BotanicaEnPlata #JoyasDeLaNaturaleza #Orfebreria,10% OFF suscribiendo tu correo en la tienda,https://wa.me/56971234590,https://www.facebook.com/malezajoyeria,https://www.instagram.com/maleza_joyeria,https://www.tiktok.com/@malezajoyeria,,,,,,,,https://www.malezajoyeria.cl,
574,También Online,NO,SI,Chile,Región Metropolitana,Santiago,,Decoración del hogar,F073,Simple by Puro,#SimpleByPuro #DiseñoChileno #TextilesDeCocina #DecoSimple,Hasta 20% de descuento en toda la línea de mesa,https://wa.me/56982345601,https://www.facebook.com/simplebypuro,https://www.instagram.com/simplebypuro,https://www.tiktok.com/@simplebypuro,,,,,,,,https://www.simplebypuro.cl,
575,Sólo Online,NO,SI,Chile,Región de Valparaíso,Viña del Mar,,Moda infantil,F074,Bebé a Bordo Chile,#BebeABordo #AccesoriosBebe #PortabebesErgonomicos #CrianzaChile,Envío sin cargo en compras sobre $40.000 CLP,https://wa.me/56993456712,https://www.facebook.com/bebeabordochile,https://www.instagram.com/bebeabordo_cl,https://www.tiktok.com/@bebeabordo,,,,,,,,https://www.bebeabordo.cl,
576,También Online,SI,SI,Chile,Región Metropolitana,Santiago,,Cosmética y cuidado personal,F075,Emuná Natural,#EmunaNatural #AceitesEsenciales #CosmeticaPura #SkincareChile,10% de bienvenida con el código de newsletter,https://wa.me/56974567823,https://www.facebook.com/emunanatural,https://www.instagram.com/emunanatural,https://www.tiktok.com/@emunanatural,,,,,,,,https://www.emunanatural.cl,
577,También Online,NO,SI,Chile,Región Metropolitana,Santiago,,Calzado y marroquinería,F076,Paloma Zapatos,#PalomaZapatos #ManoDeObraChilena #SandaliasDeCuero #CalzadoLocal,Hasta 40% OFF en sección de últimas tallas,https://wa.me/56985678934,https://www.facebook.com/palomazapatoscl,https://www.instagram.com/palomazapatos,https://www.tiktok.com/@palomazapatos,,,,,,,,https://www.palomazapatos.cl,
578,Sólo Online,SI,SI,Chile,Región Metropolitana,Santiago,,Moda femenina,F077,Ropa de Género,#RopaDeGenero #DiseñoDeAutor #ModaLentaChile #PrendasUnicas,Envío gratis en pedidos superiores a $50.000 CLP,https://wa.me/56996789045,https://www.facebook.com/ropadegenerochile,https://www.instagram.com/ropadegenero,https://www.tiktok.com/@ropadegenero,,,,,,,,https://www.ropadegenero.cl,
579,Sólo Online,SI,NO,Chile,Región de Valparaíso,Quilpué,,Joyería y accesorios,F078,Lunaria Accesorios,#LunariaAccesorios #JoyasEnResina #PlataChile #AccesoriosBoho,15% de descuento en la segunda unidad de aros,https://wa.me/56977890156,https://www.facebook.com/lunariaaccesorioschile,https://www.instagram.com/lunaria_accesorios,https://www.tiktok.com/@lunariaaccesorios,,,,,,,,https://www.lunaria.cl,
580,También Online,NO,SI,Chile,Región Metropolitana,Santiago,,Decoración del hogar,F079,Área Design,#AreaDesign #MueblesModernos #DecoracionChilena #Interiorismo,Hasta 25% de descuento en lámparas colgantes,https://wa.me/56988901267,https://www.facebook.com/areadesignchile,https://www.instagram.com/areadesign,https://www.tiktok.com/@areadesign,,,,,,,,https://www.areadesign.cl,
581,Sólo Online,NO,SI,Chile,Región Metropolitana,Santiago,,Moda infantil,F080,Pollito Bohemio,#PollitoBohemio #ModaInfantilLenta #LinoParaNinos #RopaBohoKids,10% OFF en la primera compra web,https://wa.me/56999012378,https://www.facebook.com/pollitobohemio,https://www.instagram.com/pollitobohemio,https://www.tiktok.com/@pollitobohemio,,,,,,,,https://www.pollitobohemio.cl,
582,También Online,SI,SI,Chile,Región Metropolitana,Santiago,,Cosmética y cuidado personal,F081,Le Vert Cosmética,#LeVertCosmetica #CosmeticaSolida #ShampooSolido #CeroResiduos,Envío gratis en compras sobre $25.000 CLP en Santiago,https://wa.me/56970123489,https://www.facebook.com/levertcosmetica,https://www.instagram.com/levertcosmetica,https://www.tiktok.com/@levertcosmetica,,,,,,,,https://www.levert.cl,
583,También Online,NO,SI,Chile,Región Metropolitana,Santiago,,Calzado y marroquinería,F082,Bárbara Briones,#BarbaraBriones #ZapatosDeLujo #DiseñadoraChilena #CalzadoFino,Hasta 30% OFF en zapatos de fiesta seleccionados,https://wa.me/56981234590,https://www.facebook.com/barbarabrioneschile,https://www.instagram.com/barbarabriones,https://www.tiktok.com/@barbarabriones,,,,,,,,https://www.barbarabriones.com,
584,Sólo Online,NO,SI,Chile,Región del Maule,Talca,,Moda femenina,F083,Carmela Ropa,#CarmelaRopa #ModaTalca #VestuarioFemenino #EstiloCasualTalca,Envío gratis a Talca y Curicó por compras sobre $30.000 CLP,https://wa.me/56992345601,https://www.facebook.com/carmelaropachile,https://www.instagram.com/carmelaropa_cl,https://www.tiktok.com/@carmelaropa,,,,,,,,https://www.carmelaropa.cl,
585,Sólo Online,SI,NO,Chile,Región Metropolitana,Santiago,,Joyería y accesorios,F084,Vera Joyas Taller,#VeraJoyasTaller #OrfebreriaContemporanea #JoyasPlataPura #ArosDePlata,10% de bienvenida en la primera orden con suscripción,https://wa.me/56973456712,https://www.facebook.com/verajoyastaller,https://www.instagram.com/verajoyastaller,https://www.tiktok.com/@verajoyastaller,,,,,,,,https://www.verajoyastaller.cl,
586,También Online,NO,SI,Chile,Región Metropolitana,Santiago,,Decoración del hogar,F085,Casa Laporte,#CasaLaporte #AntiguedadesChile #DecoracionClasica #MenajeFino,Hasta 20% de descuento en espejos decorativos,https://wa.me/56984567823,https://www.facebook.com/casalaportedeco,https://www.instagram.com/casalaporte,https://www.tiktok.com/@casalaporte,,,,,,,,https://www.casalaporte.cl,
587,Sólo Online,SI,SI,Chile,Región de Valparaíso,Viña del Mar,,Moda infantil,F086,Cocot Baby,#CocotBaby #AjuarAlgodon #RopaBebeChilena #PimaPeruano,10% OFF en la primera compra registrándote en el sitio,https://wa.me/56995678934,https://www.facebook.com/cocotbabychile,https://www.instagram.com/cocotbaby_cl,https://www.tiktok.com/@cocotbaby,,,,,,,,https://www.cocotbaby.cl,
588,También Online,SI,SI,Chile,Región Metropolitana,Santiago,,Cosmética y cuidado personal,F087,Herbal Artesana,#HerbalArtesana #JabonNatural #FitoterapiaChile #SkincareHerbal,Envío gratis a todo el país en pedidos sobre $35.000 CLP,https://wa.me/56976789045,https://www.facebook.com/herbalartesanachile,https://www.instagram.com/herbalartesana,https://www.tiktok.com/@herbalartesana,,,,,,,,https://www.herbalartesana.cl,
589,También Online,NO,SI,Chile,Región Metropolitana,Santiago,,Calzado y marroquinería,F088,La Horma Calzados,#LaHormaCalzados #ZapatosComodos #CueroChileno #CalzadoUrbano,Hasta 25% de descuento en botines y mocasines,https://wa.me/56987890156,https://www.facebook.com/lahormacalzados,https://www.instagram.com/lahorma_calzados,https://www.tiktok.com/@lahormacalzados,,,,,,,,https://www.lahorma.cl,
590,Sólo Online,NO,SI,Chile,Región de Valparaíso,Viña del Mar,,Moda femenina,F089,Lupe Ropa,#LupeRopa #ModaFemeninaChile #PrendasBasicas #EstiloFresco,15% de descuento en camisas y blusas seleccionadas,https://wa.me/56998901267,https://www.facebook.com/luperopachile,https://www.instagram.com/luperopa_cl,https://www.tiktok.com/@luperopa,,,,,,,,https://www.luperopa.cl,
591,Sólo Online,SI,NO,Chile,Región Metropolitana,Santiago,,Joyería y accesorios,F090,Sideral Joyas,#SideralJoyas #PiedrasEnergeticas #JoyasCosmicas #AccesoriosMisticos,Envío gratis en compras sobre $45.000 CLP,https://wa.me/56979012378,https://www.facebook.com/sideraljoyaschile,https://www.instagram.com/sideraljoyas,https://www.tiktok.com/@sideraljoyas,,,,,,,,https://www.sideraljoyas.cl,
592,También Online,NO,SI,Chile,Región Metropolitana,Santiago,,Decoración del hogar,F091,Remade in Chile,#RemadeInChile #UpcyclingChile #DiseñoSustentable #MueblesReciclados,10% OFF en productos de iluminación ecológica,https://wa.me/56980123489,https://www.facebook.com/remadeinchile,https://www.instagram.com/remadeinchile,https://www.tiktok.com/@remadeinchile,,,,,,,,https://www.remade.cl,
593,Sólo Online,NO,SI,Chile,Región de Los Lagos,Puerto Montt,,Moda infantil,F092,Sur Kids Tejidos,#SurKids #LanaChilota #RopaInfantilSur #TejidosArtesanales,Envío gratis a todo Chile en pedidos desde $50.000 CLP,https://wa.me/56991234590,https://www.facebook.com/surkidstejidos,https://www.instagram.com/surkids_tejidos,https://www.tiktok.com/@surkids,,,,,,,,https://www.surkids.cl,
594,También Online,SI,SI,Chile,Región Metropolitana,Santiago,,Cosmética y cuidado personal,F093,Natural Detox Chile,#NaturalDetox #CosmeticaAntipolucion #SkincareSantiago #DetoxCapilar,15% de descuento de bienvenida en la primera compra,https://wa.me/56972345612,https://www.facebook.com/naturaldetoxchile,https://www.instagram.com/naturaldetox_cl,https://www.tiktok.com/@naturaldetox,,,,,,,,https://www.naturaldetox.cl,
595,También Online,NO,SI,Chile,Región Metropolitana,Santiago,,Calzado y marroquinería,F094,Atelier Cuero,#AtelierCuero #CarterasDeCuero #MarroquineriaFina #BolsosChile,Hasta 20% de descuento en totes y bandoleras,https://wa.me/56983456723,https://www.facebook.com/ateliercuerochile,https://www.instagram.com/ateliercuero,https://www.tiktok.com/@ateliercuero,,,,,,,,https://www.ateliercuero.cl,
596,Sólo Online,SI,SI,Chile,Región Metropolitana,Santiago,,Moda femenina,F095,Nala Tienda,#NalaTienda #ModaFemenina #VestidosCortos #EstiloJuvenilChile,Envío gratis en Santiago por compras superiores a $35.000 CLP,https://wa.me/56994567834,https://www.facebook.com/nalatiendachile,https://www.instagram.com/nalatienda_cl,https://www.tiktok.com/@nalatienda,,,,,,,,https://www.nalatienda.cl,
597,Sólo Online,SI,NO,Chile,Región de Valparaíso,Viña del Mar,,Joyería y accesorios,F096,Cereza Joyas,#CerezaJoyas #JoyasJuveniles #PlataYMostacilla #AccesoriosViña,10% de bienvenida al suscribirte a la comunidad web,https://wa.me/56975678945,https://www.facebook.com/cerezajoyaschile,https://www.instagram.com/cerezajoyas,https://www.tiktok.com/@cerezajoyas,,,,,,,,https://www.cerezajoyas.cl,
598,También Online,NO,SI,Chile,Región Metropolitana,Santiago,,Decoración del hogar,F097,Homy Taller Deco,#HomyTaller #CojinesDeAutor #CortinasChile #TextilesDecorativos,Hasta 30% OFF en manteles individuales y caminos de mesa,https://wa.me/56986789056,https://www.facebook.com/homytallerdeco,https://www.instagram.com/homytaller,https://www.tiktok.com/@homytaller,,,,,,,,https://www.homytaller.cl,
599,Sólo Online,NO,SI,Chile,Región Metropolitana,Santiago,,Moda infantil,F098,Pompón Ropa Bebé,#PomponRopaBebe #ModaRecienNacido #RopaSuave #PijamasInfantiles,Envío gratis en Santiago en compras sobre $30.000 CLP,https://wa.me/56997890167,https://www.facebook.com/pomponropabebe,https://www.instagram.com/pompon_ropabebe,https://www.tiktok.com/@pomponropabebe,,,,,,,,https://www.pompon.cl,
600,También Online,SI,SI,Chile,Región Metropolitana,Santiago,,Cosmética y cuidado personal,F099,Rosa Mosqueta Austral,#RosaMosquetaAustral #AceitePuro #CosmeticaPatagonica #RegeneradorFacial,10% OFF en packs de cuidado facial intensivo,https://wa.me/56978901278,https://www.facebook.com/rosamosquetaaustral,https://www.instagram.com/rosamosquetaaustral,https://www.tiktok.com/@rosamosquetaaustral,,,,,,,,https://www.rosamosquetaaustral.cl,
601,También Online,NO,SI,Chile,Región Metropolitana,Santiago,,Moda femenina,F100,Mo Store,#MoStore #DiseñoIndependiente #ModaUrbanaChile #VestuarioNacional,Hasta 40% de descuento en sección de fin de temporada,https://wa.me/56989012389,https://www.facebook.com/mostorechile,https://www.instagram.com/mostore,https://www.tiktok.com/@mostore,,,,,,,,https://www.mostore.cl,
602,También Online,SI,SI,Italia,Lombardía,Milán,,Cosmética y Cuidado Personal,G001,VeraLab,#veralab #estetistacinica #skincareroutine #beautyitalia,10% de descuento en el primer pedido al suscribirse a la newsletter,https://wa.me/390282956790,https://www.facebook.com/VeraLabOfficial,https://www.instagram.com/veralab/,https://www.tiktok.com/@veralab,,,,,,,,https://www.veralab.it,
603,También Online,SI,SI,Italia,Lombardía,Milán,,Moda,G002,Chiara Ferragni Brand,#chiaraferragnibrand #chiaraferragni #italianfashion #streetwear,Envío estándar gratuito en pedidos superiores a 150€,https://wa.me/390289052060,https://www.facebook.com/chiaraferragnibrand,https://www.instagram.com/chiaraferragnibrand/,https://www.tiktok.com/@chiaraferragnibrand,,,,,,,,https://www.chiaraferragnibrand.com,
604,También Online,SI,SI,Italia,Lombardía,Milán,,Moda,G003,The Attico,#theattico #gildambrosio #giorgiatordini #milanofashion,Envío exprés gratuito en compras superiores a 500€,https://wa.me/390236577800,https://www.facebook.com/theattico,https://www.instagram.com/the_attico/,https://www.tiktok.com/@theattico,,,,,,,,https://www.theattico.com,
605,También Online,SI,SI,Italia,Lacio,Roma,,Joyería y Accesorios,G004,Co.Ro. Jewels,#corojewels #architecturaljewelry #gioielleria #madeinitaly,10% de bienvenida en la primera compra online con newsletter,https://wa.me/390645664361,https://www.facebook.com/corojewels,https://www.instagram.com/corojewels/,https://www.tiktok.com/@corojewels,,,,,,,,https://www.corojewels.com,
606,También Online,SI,SI,Italia,Campania,Nápoles,,Joyería y Accesorios,G005,Rue Des Mille,#ruedesmille #princesstales #gioielliargento #napoli,Envío gratuito a toda Italia en pedidos superiores a 60€,https://wa.me/390815512411,https://www.facebook.com/ruedesmille,https://www.instagram.com/ruedesmille/,https://www.tiktok.com/@ruedesmille,,,,,,,,https://www.ruedesmille.com,
607,También Online,SI,SI,Italia,Lombardía,Milán,,Cosmética y Cuidado Personal,G006,Espressoh,#espressoh #ohbar #madeinitaly #caffeinelovers,15% de descuento en el primer pedido al registrarse en el club,https://wa.me/390284561230,https://www.facebook.com/espressoh.official,https://www.instagram.com/espressoh_official/,https://www.tiktok.com/@espressoh_official,,,,,,,,https://www.espressoh.shop,
608,También Online,SI,SI,Italia,Emilia-Romaña,Bolonia,,Moda,G007,Elisabetta Franchi,#elisabettafranchi #eflavers #luxuryfashion #bologna,Envío estándar de cortesía en compras superiores a 350€,https://wa.me/390516032111,https://www.facebook.com/ElisabettaFranchi.Official,https://www.instagram.com/elisabettafranchi/,https://www.tiktok.com/@elisabettafranchiofficial,,,,,,,,https://www.elisabettafranchi.com,
609,También Online,SI,SI,Italia,Lombardía,Milán,,Joyería y Accesorios,G008,Lil Milan,#lilmilan #solidgold #contemporaryjewelry #milano,Envío gratuito en Italia para órdenes superiores a 150€,https://wa.me/390236592230,https://www.facebook.com/lil.milan.jewelry,https://www.instagram.com/lilmilan/,https://www.tiktok.com/@lil.milan,,,,,,,,https://www.lilmilan.com,
610,También Online,SI,SI,Italia,Lombardía,Milán,,Moda,G009,Blazé Milano,#blazemilano #blazerlovers #sartorialelegance #milanofashion,Envío internacional gratuito en pedidos superiores a 600€,https://wa.me/390289764512,https://www.facebook.com/blazemilano,https://www.instagram.com/blazemilano/,https://www.tiktok.com/@blazemilano,,,,,,,,https://www.blaze-milano.com,
611,También Online,SI,SI,Italia,Piamonte,Turín,,Cosmética y Cuidado Personal,G010,Mulac Cosmetics,#mulaccosmetics #showyourart #crueltyfree #veganbeauty,Envío gratuito en pedidos nacionales a partir de 40€,https://wa.me/390112456789,https://www.facebook.com/MulacCosmetics,https://www.instagram.com/mulaccosmetics/,https://www.tiktok.com/@mulaccosmetics,,,,,,,,https://www.mulaccosmetics.com,
612,También Online,SI,SI,Italia,Lombardía,Milán,,Joyería y Accesorios,G011,Bea Bongiasca,#beabongiasca #babyvine #finejewelry #popjewelry,10% de descuento en la primera orden vía newsletter,https://wa.me/390236528701,https://www.facebook.com/beabongiascajewellery,https://www.instagram.com/beabongiasca/,https://www.tiktok.com/@beabongiasca,,,,,,,,https://www.beabongiasca.com,
613,También Online,SI,SI,Italia,Lacio,Roma,,Decoración del Hogar,G012,Marta Ray,#martaray #linenwear #homedecor #italiancraft,Envío estándar gratis en compras a partir de 120€,https://wa.me/390668808169,https://www.facebook.com/martarayroma,https://www.instagram.com/marta_ray_roma/,https://www.tiktok.com/@martarayroma,,,,,,,,https://www.martaray.it,
614,También Online,SI,SI,Italia,Véneto,Venecia,,Marroquinería y Calzado,G013,Bprime Bags,#bprimebags #madeinitaly #neoprenebag #venicedesign,10% de bienvenida para nuevos clientes suscritos a la newsletter,https://wa.me/390415321890,https://www.facebook.com/bprimebags,https://www.instagram.com/bprimebags/,https://www.tiktok.com/@bprimebags,,,,,,,,https://www.bprimebags.com,
615,También Online,SI,SI,Italia,Lombardía,Milán,,Moda,G014,Parosh,#parosh #contemporaryluxury #vintageredesign #milan,Envío exprés gratis a partir de 250€ en compras online,https://wa.me/390289073420,https://www.facebook.com/paroshofficial,https://www.instagram.com/parosh_official/,https://www.tiktok.com/@parosh_official,,,,,,,,https://www.parosh.com,
616,También Online,SI,SI,Italia,Toscana,Florencia,,Joyería y Accesorios,G015,Angela Caputi Giuggiù,#angelacaputi #giuggiu #resinajewelry #florencecraft,Envío estándar gratuito para pedidos superiores a 150€,https://wa.me/39055212972,https://www.facebook.com/AngelaCaputiGiuggiuOfficial,https://www.instagram.com/angelacaputigiuggiu/,https://www.tiktok.com/@angelacaputigiuggiu,,,,,,,,https://www.angelacaputi.com,
617,También Online,SI,SI,Italia,Lombardía,Milán,,Moda Infantil,G016,Il Gufo,#ilgufo #bambinifashion #childrenluxury #madeinitaly,10% de bienvenida en la primera colección online al registrarse,https://wa.me/390289096411,https://www.facebook.com/ilgufo,https://www.instagram.com/ilgufo_official/,https://www.tiktok.com/@ilgufo_official,,,,,,,,https://www.ilgufo.com,
618,También Online,SI,SI,Italia,Lombardía,Milán,,Cosmética y Cuidado Personal,G017,Cliomakeup,#cliomakeup #cliomakeupshop #beautylover #cosmetics,Envío gratis en toda la península italiana desde 39€,https://wa.me/390287178120,https://www.facebook.com/cliomakeup,https://www.instagram.com/cliomakeup_official/,https://www.tiktok.com/@cliomakeup,,,,,,,,https://www.cliomakeupshop.com,
619,También Online,SI,SI,Italia,Lacio,Roma,,Moda,G018,Ginevra Moretti,#ginevramoretti #altamodaroma #italianatelier #roma,15% de descuento en la sección outlet con código de bienvenida,https://wa.me/390669924510,https://www.facebook.com/ginevramorettiofficial,https://www.instagram.com/ginevramoretti/,https://www.tiktok.com/@ginevramorettiofficial,,,,,,,,https://www.ginevramoretti.com,
620,También Online,SI,SI,Italia,Lombardía,Milán,,Decoración del Hogar,G019,Lisa Corti,#lisacorti #hometextiles #blockprint #milanodesign,Envío estándar gratis a partir de 200€ en textiles de mesa,https://wa.me/390248020580,https://www.facebook.com/lisacortiofficial,https://www.instagram.com/lisacortiofficial/,https://www.tiktok.com/@lisacortiofficial,,,,,,,,https://www.lisacorti.com,
621,También Online,SI,SI,Italia,Toscana,Florencia,,Marroquinería y Calzado,G020,Gianni Chiarini,#giannichiarini #madeinflorence #leatherbags #tuscany,10% de descuento en la primera compra registrándote al boletín,https://wa.me/39055302481,https://www.facebook.com/giannichiariniofficial,https://www.instagram.com/giannichiarini/,https://www.tiktok.com/@giannichiarini,,,,,,,,https://www.giannichiarini.com,
622,También Online,SI,SI,Italia,Lombardía,Milán,,Joyería y Accesorios,G021,Giolina e Angelo,#giolinaeangelo #finejewelry #artisanmilan #golddesign,Envío gratuito en Italia en compras superiores a 250€,https://wa.me/390286450638,https://www.facebook.com/giolinaeangelo,https://www.instagram.com/giolinaeangelo/,https://www.tiktok.com/@giolinaeangelo,,,,,,,,https://www.giolinaeangelo.com,
623,También Online,SI,SI,Italia,Emilia-Romaña,Bolonia,,Moda,G022,La Perla,#laperla #lingeriehaute #luxurysilk #bologna,Envío estándar exprés de cortesía en órdenes a partir de 300€,https://wa.me/390516019111,https://www.facebook.com/LaPerlaOfficial,https://www.instagram.com/laperlalingerie/,https://www.tiktok.com/@laperlalingerie,,,,,,,,https://www.laperla.com,
624,También Online,SI,SI,Italia,Lacio,Roma,,Calzado,G023,L'Autre Chose,#lautrechose #shoelover #italianfootwear #leatherluxury,10% de descuento de bienvenida en la primera orden online,https://wa.me/390632120011,https://www.facebook.com/lautrechoseofficial,https://www.instagram.com/lautrechose/,https://www.tiktok.com/@lautrechose,,,,,,,,https://www.lautrechose.com,
625,También Online,SI,SI,Italia,Véneto,Verona,,Moda Infantil,G024,Monnalisa,#monnalisa #childrensfashion #romantickids #madeinitaly,Envío exprés gratuito en compras superiores a 150€,https://wa.me/39057598501,https://www.facebook.com/MonnalisaOfficialSite,https://www.instagram.com/monnalisa_official/,https://www.tiktok.com/@monnalisaofficial,,,,,,,,https://www.monnalisa.com,
626,También Online,SI,SI,Italia,Lombardía,Milán,,Cosmética y Cuidado Personal,G025,L'Erbolario,#lerbolario #fitocosmetica #erboristeria #lodimilano,Muestras gratis exclusivas en cada compra y envío gratis desde 29€,https://wa.me/3903714911,https://www.facebook.com/lerbolario,https://www.instagram.com/lerbolariolodi/,https://www.tiktok.com/@lerbolariolodi,,,,,,,,https://www.erbolario.com,
627,También Online,SI,SI,Italia,Lombardía,Milán,,Decoración del Hogar,G026,Funky Table,#funkytable #tabledecor #milanhome #eclecticinteriors,Envío estándar gratis en compras a partir de 150€,https://wa.me/390236599588,https://www.facebook.com/funkytablemilano,https://www.instagram.com/funkytable_milano/,https://www.tiktok.com/@funkytable_milano,,,,,,,,https://www.funkytable.it,
628,También Online,SI,SI,Italia,Toscana,Florencia,,Joyería y Accesorios,G027,Nove25,#nove25 #silverjewelry #urbanfashion #personalizedjewelry,10% de bienvenida para nuevos registros en el club VIP,https://wa.me/39028356191,https://www.facebook.com/nove25,https://www.instagram.com/nove25/,https://www.tiktok.com/@nove25,,,,,,,,https://www.nove25.net,
629,También Online,SI,SI,Italia,Lombardía,Milán,,Marroquinería y Calzado,G028,Salavetti,#salavetti #leatherbags #artisanjewelry #milanomoda,Envío estándar sin costo para pedidos superiores a 200€,https://wa.me/390276003214,https://www.facebook.com/salavettiofficial,https://www.instagram.com/salavetti/,https://www.tiktok.com/@salavetti,,,,,,,,https://www.salavetti.com,
630,También Online,SI,SI,Italia,Piamonte,Turín,,Moda,G029,Kristina Ti,#kristinati #bohemianchic #madeinturin #swimwearluxury,15% de descuento al suscribirte a la lista de correo privada,https://wa.me/390115629124,https://www.facebook.com/KristinaTiOfficial,https://www.instagram.com/kristina_ti/,https://www.tiktok.com/@kristina_ti,,,,,,,,https://www.kristinati.it,
631,También Online,SI,SI,Italia,Lombardía,Milán,,Moda,G030,La DoubleJ,#ladoublej #vintagemilan #maximalistprints #italianluxury,Envío estándar de cortesía en pedidos superiores a 300€,https://wa.me/390236577880,https://www.facebook.com/ladoublej,https://www.instagram.com/ladoublej/,https://www.tiktok.com/@ladoublej,,,,,,,,https://www.ladoublej.com,
632,También Online,SI,SI,Italia,Lacio,Roma,,Joyería y Accesorios,G031,Iosselliani,#iosselliani #contemporaryjewelry #madeinrome #bijoux,10% de descuento en tu primera joya con suscripción,https://wa.me/390645479870,https://www.facebook.com/iosselliani,https://www.instagram.com/iosselliani_official/,https://www.tiktok.com/@iossellianiofficial,,,,,,,,https://www.iosselliani.com,
633,También Online,SI,SI,Italia,Lombardía,Milán,,Marroquinería y Calzado,G032,Gedebe,#gedebe #crystalleather #luxuryclutch #madeinitaly,Envío exprés gratuito en todas las compras a partir de 250€,https://wa.me/390289053210,https://www.facebook.com/gedebeofficial,https://www.instagram.com/gedebe/,https://www.tiktok.com/@gedebe,,,,,,,,https://www.gedebe.it,
634,También Online,SI,SI,Italia,Véneto,Treviso,,Cosmética y Cuidado Personal,G033,Frais Monde,#fraismonde #termalcosmetics #naturalbeauty #skincareitaly,Envío gratuito a domicilio a partir de 35€ de compra,https://wa.me/390422896500,https://www.facebook.com/FraisMondeOfficial,https://www.instagram.com/fraismonde/,https://www.tiktok.com/@fraismonde,,,,,,,,https://www.fraismonde.com,
635,También Online,SI,SI,Italia,Lombardía,Milán,,Moda Infantil,G034,Nanan,#nanan #mondonanan #childrenfurniture #babyfashion,Envío gratis en compras de accesorios infantiles superiores a 80€,https://wa.me/390276008912,https://www.facebook.com/nananofficial,https://www.instagram.com/nananofficial/,https://www.tiktok.com/@nananofficial,,,,,,,,https://www.nanan.it,
636,También Online,SI,SI,Italia,Lacio,Roma,,Decoración del Hogar,G035,Laboratorio Olfattivo,#laboratorioolfattivo #homediffuser #nicheperfumery #roma,Muestras de fragancias gratuitas con compras superiores a 50€,https://wa.me/390668807890,https://www.facebook.com/laboratorio.olfattivo,https://www.instagram.com/laboratorioolfattivo/,https://www.tiktok.com/@laboratorioolfattivo,,,,,,,,https://www.laboratorioolfattivo.com,
637,También Online,SI,SI,Italia,Lombardía,Milán,,Moda,G036,Aniye By,#aniyeby #rockchic #madeinitaly #bohemiandress,10% de bono de bienvenida canjeable en el primer pedido web,https://wa.me/390596229111,https://www.facebook.com/aniyebyofficial,https://www.instagram.com/aniyeby/,https://www.tiktok.com/@aniyeby,,,,,,,,https://www.aniyeby.com,
638,También Online,SI,SI,Italia,Campania,Nápoles,,Moda,G037,Flores Nápoles,#floresnapoli #tailoringnapoli #womensuits #artisanfashion,Envío exprés gratis a toda Italia en pedidos superiores a 150€,https://wa.me/390817642190,https://www.facebook.com/floresnapoliofficial,https://www.instagram.com/floresnapoli/,https://www.tiktok.com/@floresnapoli,,,,,,,,https://www.floresnapoli.com,
639,También Online,SI,SI,Italia,Lombardía,Milán,,Calzado,G038,Le Silla,#lesilla #stilettos #luxuryshoes #madeinitaly,Envío estándar gratuito para toda Europa en compras superiores a 400€,https://wa.me/390276002130,https://www.facebook.com/lesillashoes,https://www.instagram.com/lesilla/,https://www.tiktok.com/@lesilla,,,,,,,,https://www.lesilla.com,
640,También Online,SI,SI,Italia,Toscana,Florencia,,Decoración del Hogar,G039,Loretta Caponi,#lorettacaponi #ricamo #florencetapestry #tablelinen,10% de bienvenida en la primera orden online mediante suscripción,https://wa.me/39055213668,https://www.facebook.com/lorettacaponiofficial,https://www.instagram.com/lorettacaponiofficial/,https://www.tiktok.com/@lorettacaponi,,,,,,,,https://www.lorettacaponi.com,
641,También Online,SI,SI,Italia,Lombardía,Milán,,Joyería y Accesorios,G040,Aliita,#aliita #minimaljewelry #madeinitaly #casitaaliita,Envío de cortesía a todo el mundo en órdenes superiores a 350€,https://wa.me/390236589140,https://www.facebook.com/aliita.official,https://www.instagram.com/aliita.official/,https://www.tiktok.com/@aliita.official,,,,,,,,https://www.aliita.com,
642,También Online,SI,SI,Italia,Piamonte,Turín,,Marroquinería y Calzado,G041,Re-Bello,#rebello #sustainableleather #ecofashion #madeinturin,10% de descuento en la colección básica registrándote a las noticias,https://wa.me/390117894560,https://www.facebook.com/rebellomilano,https://www.instagram.com/rebello_official/,https://www.tiktok.com/@rebello_official,,,,,,,,https://www.re-bello.com,
643,También Online,SI,SI,Italia,Lombardía,Milán,,Cosmética y Cuidado Personal,G042,Diego Dalla Palma,#diegodallapalma #italianbeauty #profumeria #milano,Envío gratuito en compras superiores a 39€ con 2 muestras de regalo,https://wa.me/390289073120,https://www.facebook.com/diegodallapalmaofficial,https://www.instagram.com/diegodallapalma_official/,https://www.tiktok.com/@diegodallapalma,,,,,,,,https://www.diegodallapalma.com,
644,También Online,SI,SI,Italia,Emilia-Romaña,Bolonia,,Joyería y Accesorios,G043,Giuzi Gioielli,#giuzi #gioielleria #goldartisan #bolognadesign,Envío estándar gratis a partir de 100€ en compras online,https://wa.me/39051264890,https://www.facebook.com/giuzigioielli,https://www.instagram.com/giuzigioielli/,https://www.tiktok.com/@giuzigioielli,,,,,,,,https://www.giuzigioielli.it,
645,También Online,SI,SI,Italia,Lombardía,Milán,,Moda,G044,Vivetta,#vivetta #surrealfashion #embroidery #milanofashionweek,Envío gratuito para Europa en pedidos a partir de 250€,https://wa.me/390289056780,https://www.facebook.com/vivettaofficial,https://www.instagram.com/vivetta/,https://www.tiktok.com/@vivetta,,,,,,,,https://www.vivetta.com,
646,También Online,SI,SI,Italia,Lacio,Roma,,Calzado,G045,Fragiacomo,#fragiacomo #romanshoes #craftsmanship #shoesluxury,Envío nacional gratuito en todos los pedidos sin monto mínimo,https://wa.me/390669922880,https://www.facebook.com/fragiacomoofficial,https://www.instagram.com/fragiacomo_official/,https://www.tiktok.com/@fragiacomoofficial,,,,,,,,https://www.fragiacomo.com,
647,También Online,SI,SI,Italia,Toscana,Florencia,,Moda Infantil,G046,Piccola Ludo,#piccolaludo #ceremoniabambina #madeinflorence #kidschic,Envío gratuito en pedidos de ceremonia infantil desde 120€,https://wa.me/39055489012,https://www.facebook.com/piccolaludo,https://www.instagram.com/piccolaludo/,https://www.tiktok.com/@piccolaludo,,,,,,,,https://www.piccolaludo.it,
648,También Online,SI,SI,Italia,Lombardía,Milán,,Marroquinería y Calzado,G047,Serapian,#serapian #mosaico #leathercouture #milanomade,Envío exprés gratuito en todo el mundo para compras de piel,https://wa.me/390272023561,https://www.facebook.com/serapianmilano,https://www.instagram.com/serapianmilano/,https://www.tiktok.com/@serapianmilano,,,,,,,,https://www.serapian.com,
649,También Online,SI,SI,Italia,Véneto,Venecia,,Decoración del Hogar,G048,LagunaB,#lagunab #muranoart #venetianglass #tablescaping,10% de bienvenida para nuevos coleccionistas vía newsletter,https://wa.me/390415234567,https://www.facebook.com/lagunaborcello,https://www.instagram.com/lagunab/,https://www.tiktok.com/@lagunab,,,,,,,,https://www.lagunab.com,
650,También Online,SI,SI,Italia,Lacio,Roma,,Cosmética y Cuidado Personal,G049,Acqua Madre Roma,#acquamadre #hammamroma #naturalwellness #skincareitaly,10% de descuento en el primer set de baño al suscribirse,https://wa.me/39066865826,https://www.facebook.com/acquamadrehammam,https://www.instagram.com/acquamadrehammam/,https://www.tiktok.com/@acquamadrehammam,,,,,,,,https://www.acquamadre.it,
651,También Online,SI,SI,Italia,Lombardía,Milán,,Moda,G050,Sara Battaglia,#sarabattaglia #rainbowfashion #tailoringmilano #colorblocking,Envío exprés gratuito en pedidos superiores a 350€,https://wa.me/390236598877,https://www.facebook.com/sarabattagliaofficial,https://www.instagram.com/sarabattaglia/,https://www.tiktok.com/@sarabattaglia,,,,,,,,https://www.sarabattaglia.com,
652,También Online,SI,SI,Italia,Lombardía,Milán,,Joyería y Accesorios,G051,PLV Milano,#plvmilano #gioiellipersonalizzati #madeinmilano #jewelrygram,10% de bienvenida en la primera compra online con newsletter,https://wa.me/390236589330,https://www.facebook.com/plvmilano,https://www.instagram.com/plv_milano/,https://www.tiktok.com/@plvmilano,,,,,,,,https://www.plvmilano.com,
653,También Online,SI,SI,Italia,Lombardía,Milán,,Cosmética y Cuidado Personal,G052,Skin First Cosmetics,#skinfirst #skinfirstcosmetics #dermatologycare #skincarecommunity,Envío gratuito a domicilio en pedidos superiores a 45€,https://wa.me/390282956799,https://www.facebook.com/skinfirstcosmetics,https://www.instagram.com/skinfirstcosmetics/,https://www.tiktok.com/@skinfirstcosmetics,,,,,,,,https://www.skinfirstcosmetics.it,
654,También Online,SI,SI,Italia,Lacio,Roma,,Marroquinería y Calzado,G053,La Portegna Roma,#laportegna #leathergoods #boccadileone #romaartisan,10% de descuento en el primer pedido al unirte a su lista de correo,https://wa.me/390669921470,https://www.facebook.com/laportegnaofficial,https://www.instagram.com/laportegna/,https://www.tiktok.com/@laportegna,,,,,,,,https://www.laportegna.com,
655,También Online,SI,SI,Italia,Lombardía,Milán,,Moda,G054,Parakian Paris Milano,#parakian #milanomoda #luxuryknitwear #artisanfashion,Envío exprés gratuito en pedidos superiores a 300€,https://wa.me/390276008810,https://www.facebook.com/parakianofficial,https://www.instagram.com/parakianofficial/,https://www.tiktok.com/@parakianofficial,,,,,,,,https://www.parakian.com,
656,También Online,SI,SI,Italia,Toscana,Florencia,,Cosmética y Cuidado Personal,G055,Officina de' Tornabuoni,#officinadetornabuoni #firenzebeauty #botanicalskincare #herbalist,Muestras exclusivas de cosmética de lujo con pedidos de más de 70€,https://wa.me/39055217430,https://www.facebook.com/officinadetornabuoni,https://www.instagram.com/officinadetornabuoni/,https://www.tiktok.com/@officinadetornabuoni,,,,,,,,https://www.tornabuoni.com,
657,También Online,SI,SI,Italia,Lombardía,Milán,,Joyería y Accesorios,G056,Elena Ghisellini,#elenaghisellini #sensoryjewelry #leatheraccessories #milanodesign,Envío estándar gratuito para Italia y la UE en compras de más de 250€,https://wa.me/390289053215,https://www.facebook.com/ElenaGhiselliniOfficial,https://www.instagram.com/elenaghisellini/,https://www.tiktok.com/@elenaghisellini,,,,,,,,https://www.elenaghisellini.com,
658,También Online,SI,SI,Italia,Véneto,Verona,,Moda,G057,Meimeij,#meimeij #contemporaryfashion #italiancouture #veronastyle,10% de bono de descuento en la primera compra suscribiéndote al newsletter,https://wa.me/390458902340,https://www.facebook.com/meimeijofficial,https://www.instagram.com/meimeij_official/,https://www.tiktok.com/@meimeij_official,,,,,,,,https://www.meimeij.it,
659,También Online,SI,SI,Italia,Lombardía,Milán,,Decoración del Hogar,G058,Laboratorio Paravicini,#laboratorioparavicini #handpaintedplates #milanotables #ceramics,Envío gratuito dentro de Europa para órdenes mayores a 350€,https://wa.me/390272021007,https://www.facebook.com/LaboratorioParavicini,https://www.instagram.com/laboratorioparavicini/,https://www.tiktok.com/@laboratorioparavicini,,,,,,,,https://www.paravicini.it,
660,También Online,SI,SI,Italia,Campania,Nápoles,,Joyería y Accesorios,G059,Sara Lubrano Gioielli,#saralubrano #gioiellinapoli #cerapersa #artisanluxury,10% de bienvenida en la primera joya de plata al suscribirse,https://wa.me/390810145280,https://www.facebook.com/saralubranogioielliartigianali,https://www.instagram.com/saralubranogioielli/,https://www.tiktok.com/@saralubranogioielli,,,,,,,,https://www.saralubrano.it,
661,También Online,SI,SI,Italia,Lombardía,Milán,,Marroquinería y Calzado,G060,Halmanera,#halmanera #shoesmadeinitaly #minimalfootwear #leathercraft,Envío estándar sin costo para pedidos que superen los 200€,https://wa.me/390734840420,https://www.facebook.com/halmanerashoes,https://www.instagram.com/halmanera_shoes/,https://www.tiktok.com/@halmanera_shoes,,,,,,,,https://www.halmanera.it,
662,También Online,SI,SI,Italia,Piamonte,Turín,,Cosmética y Cuidado Personal,G061,Reynaldi Farmaceutici,#cosmeticareynaldi #farmaciaturin #naturalcreams #greenbeauty,Envío gratuito a domicilio en toda Italia en compras desde 39€,https://wa.me/390116485011,https://www.facebook.com/dottoressareynaldi,https://www.instagram.com/dottoressareynaldi/,https://www.tiktok.com/@dottoressareynaldi,,,,,,,,https://www.reynaldi.it,
663,También Online,SI,SI,Italia,Lacio,Roma,,Moda Infantil,G062,Mon Cirque Roma,#moncirque #modabambini #romaatelier #kidscouture,10% de descuento en la colección de bautizo con registro online,https://wa.me/390668803450,https://www.facebook.com/moncirqueroma,https://www.instagram.com/moncirque_roma/,https://www.tiktok.com/@moncirque_roma,,,,,,,,https://www.moncirque.it,
664,También Online,SI,SI,Italia,Emilia-Romaña,Bolonia,,Moda,G063,Circus Hotel,#circushotel #knitwearlove #madeinitaly #colorlovers,Envío exprés gratuito en compras superiores a 250€,https://wa.me/39051860010,https://www.facebook.com/circushotel.official,https://www.instagram.com/circushotel/,https://www.tiktok.com/@circushotel,,,,,,,,https://www.circushotel.com,
665,También Online,SI,SI,Italia,Lombardía,Milán,,Joyería y Accesorios,G064,Madina Visconti,#madinavisconti #natureinspired #fineartjewels #milano,Envío internacional gratuito en compras superiores a 400€,https://wa.me/390289058740,https://www.facebook.com/madinaviscontidimadrone,https://www.instagram.com/madinavisconti/,https://www.tiktok.com/@madinavisconti,,,,,,,,https://www.madinavisconti.com,
666,También Online,SI,SI,Italia,Toscana,Florencia,,Marroquinería y Calzado,G065,Pelle Tessuta,#pelletessuta #florenceleather #tuscancraft #wovenbags,10% de descuento de bienvenida en la primera compra de bolsos,https://wa.me/39055289945,https://www.facebook.com/pelletessutaflorence,https://www.instagram.com/pelletessuta/,https://www.tiktok.com/@pelletessuta,,,,,,,,https://www.pelletessuta.com,
667,También Online,SI,SI,Italia,Lombardía,Milán,,Cosmética y Cuidado Personal,G066,Apoteca Natura,#apotecanatura #saluteebenessere #naturalremedies #organicskincare,Envío sin cargo en toda la península italiana para órdenes de más de 30€,https://wa.me/3905757461,https://www.facebook.com/ApotecaNaturaOfficial,https://www.instagram.com/apotecanatura/,https://www.tiktok.com/@apotecanatura,,,,,,,,https://www.apotecanatura.it,
668,También Online,SI,SI,Italia,Véneto,Venecia,,Decoración del Hogar,G067,Chiarastella Cattana,#chiarastellacattana #venetianlinen #jacquardtextiles #homedecor,Envío gratuito dentro de Italia en compras superiores a 180€,https://wa.me/390415224369,https://www.facebook.com/chiarastellacattanavenezia,https://www.instagram.com/chiarastellacattana/,https://www.tiktok.com/@chiarastellacattana,,,,,,,,https://www.chiarastellacattana.com,
669,También Online,SI,SI,Italia,Lombardía,Milán,,Moda,G068,Federica Tosi,#federicatosiofficial #rockandchic #contemporarytailoring #milanofashion,10% de bienvenida para nuevas suscriptoras del newsletter,https://wa.me/390289051180,https://www.facebook.com/federicatosi.official,https://www.instagram.com/federicatosi/,https://www.tiktok.com/@federicatosi,,,,,,,,https://www.federicatosi.it,
670,También Online,SI,SI,Italia,Lacio,Roma,,Joyería y Accesorios,G069,Flaminia Barosini,#flaminiabarosini #bronzejewelry #sculpturalrings #rome,Envío estándar gratis en compras nacionales mayores a 150€,https://wa.me/390632115590,https://www.facebook.com/flaminiabarosinijewellery,https://www.instagram.com/flaminiabarosini/,https://www.tiktok.com/@flaminiabarosini,,,,,,,,https://www.flaminiabarosini.com,
671,También Online,SI,SI,Italia,Piamonte,Turín,,Marroquinería y Calzado,G070,Benedetta Bruzziches,#benedettabruzziches #glitterclutch #crystalbags #luxurycraft,Envío de cortesía para envíos internacionales a partir de 500€,https://wa.me/390761750240,https://www.facebook.com/BenedettaBruzzichesOfficial,https://www.instagram.com/benedettabruzziches/,https://www.tiktok.com/@benedettabruzziches,,,,,,,,https://www.benedettabruzziches.com,
672,También Online,SI,SI,Italia,Emilia-Romaña,Bolonia,,Cosmética y Cuidado Personal,G071,Biofficina Toscana,#biofficinatoscana #ecobio #cosmeticabio #kmzero,Envío gratis para compras superiores a 38€ con muestras de regalo,https://wa.me/390586884044,https://www.facebook.com/BiofficinaToscana,https://www.instagram.com/biofficinatoscana/,https://www.tiktok.com/@biofficinatoscana,,,,,,,,https://www.biofficinatoscana.com,
673,También Online,SI,SI,Italia,Lombardía,Milán,,Moda Infantil,G072,La Stupenderia,#lastupenderia #childrenswear #ceremonialkids #milan,Envío exprés gratuito en compras de ropa infantil superiores a 200€,https://wa.me/390287391150,https://www.facebook.com/LaStupenderiaOfficial,https://www.instagram.com/lastupenderia/,https://www.tiktok.com/@lastupenderia,,,,,,,,https://www.lastupenderia.com,
674,También Online,SI,SI,Italia,Lombardía,Milán,,Decoración del Hogar,G073,Marni Home Market,#marnihomemarket #colourfulinterior #artisanbaskets #milandesign,Envío estándar gratuito para toda Europa a partir de 250€,https://wa.me/390276317332,https://www.facebook.com/marni,https://www.instagram.com/marni/,https://www.tiktok.com/@marni,,,,,,,,https://www.marni.com,
675,También Online,SI,SI,Italia,Toscana,Florencia,,Moda,G074,Société Anonyme,#societeanonyme #conceptstorefirenze #minimalstyle #streetwear,10% de descuento en la primera orden online vía boletín,https://wa.me/39055211536,https://www.facebook.com/societeanonymefirenze,https://www.instagram.com/societeanonymefirenze/,https://www.tiktok.com/@societeanonyme,,,,,,,,https://www.societeanonyme.it,
676,También Online,SI,SI,Italia,Campania,Nápoles,,Calzado,G075,Mario Valentino,#mariovalentino #napolileather #italianpumps #craftsmanship,Envío gratuito dentro de la península en compras superiores a 120€,https://wa.me/390815520840,https://www.facebook.com/mariovalentinoofficial,https://www.instagram.com/mariovalentinoofficial/,https://www.tiktok.com/@mariovalentino,,,,,,,,https://www.mariovalentino.it,
677,También Online,SI,SI,Italia,Lombardía,Milán,,Joyería y Accesorios,G076,Sabbadini Jewels,#sabbadini #viafrattina #finejewelry #milanofinecraft,Envío de seguridad asegurado gratuito en compras mayores a 1000€,https://wa.me/390276008982,https://www.facebook.com/SabbadiniMilano,https://www.instagram.com/sabbadiniofficial/,https://www.tiktok.com/@sabbadiniofficial,,,,,,,,https://www.sabbadini.com,
678,También Online,SI,SI,Italia,Lacio,Roma,,Cosmética y Cuidado Personal,G077,L'Amande Roma,#lamande #saponeantico #botanicalsoap #naturaloils,Envío gratuito sin costo de transporte en pedidos desde 39€,https://wa.me/39019851721,https://www.facebook.com/lamandeofficial,https://www.instagram.com/lamandeofficial/,https://www.tiktok.com/@lamandeofficial,,,,,,,,https://www.lamande.it,
679,También Online,SI,SI,Italia,Lombardía,Milán,,Marroquinería y Calzado,G078,Officine Creative,#officinecreative #vintageleather #handcraftedboots #milanocraft,10% de bienvenida en tu primera compra al suscribirte a la comunidad,https://wa.me/390734891110,https://www.facebook.com/officinecreativeofficial,https://www.instagram.com/officinecreative_official/,https://www.tiktok.com/@officinecreative,,,,,,,,https://www.officinecreative.store,
680,También Online,SI,SI,Italia,Véneto,Treviso,,Moda Infantil,G079,Baby Dior Italia,#babydior #luxurykids #venetoboutique #exclusivecouture,Envío exprés gratuito y empaque especial de regalo en todas las órdenes,https://wa.me/390422582100,https://www.facebook.com/Dior,https://www.instagram.com/dior/,https://www.tiktok.com/@dior,,,,,,,,https://www.dior.com,
681,También Online,SI,SI,Italia,Lombardía,Milán,,Decoración del Hogar,G080,Bitossi Home,#bitossihome #tavolacolorata #retrogang #interiortuscany,Envío gratis en accesorios de vajilla para compras desde 100€,https://wa.me/39057154511,https://www.facebook.com/bitossihome,https://www.instagram.com/bitossihome/,https://www.tiktok.com/@bitossihome,,,,,,,,https://www.bitossihome.net,
682,También Online,SI,SI,Italia,Emilia-Romaña,Bolonia,,Moda,G081,Souvenir Official,#souvenirofficial #bolognamoda #italianfastluxury #trendwear,10% de descuento en nueva colección registrándote online,https://wa.me/390516647890,https://www.facebook.com/souvenirofficial,https://www.instagram.com/souvenirofficial/,https://www.tiktok.com/@souvenirofficial,,,,,,,,https://www.souvenirofficial.com,
683,También Online,SI,SI,Italia,Lacio,Roma,,Joyería y Accesorios,G082,Bernard Delettrez,#bernarddelettrez #romejewelry #gothicluxury #finegoldcraft,Envío internacional gratuito asegurado en compras desde 450€,https://wa.me/390669925200,https://www.facebook.com/bernarddelettrezofficial,https://www.instagram.com/bernarddelettrez/,https://www.tiktok.com/@bernarddelettrez,,,,,,,,https://www.bernarddelettrez.com,
684,También Online,SI,SI,Italia,Piamonte,Turín,,Moda,G083,Yes Zee,#yeszee #turinfashion #urbanwear #outerwearbrand,Envío estándar gratis a toda la península a partir de 80€,https://wa.me/390119968410,https://www.facebook.com/yeszeeitalia,https://www.instagram.com/yeszeeitalia/,https://www.tiktok.com/@yeszeeitalia,,,,,,,,https://www.yeszee.it,
685,También Online,SI,SI,Italia,Toscana,Florencia,,Cosmética y Cuidado Personal,G084,Dr. Vranjes Firenze,#drvranjes #fragranzedambiente #rossofiorentino #firenzeluxury,Muestra de fragancia para el hogar gratis en pedidos de más de 80€,https://wa.me/39055490011,https://www.facebook.com/DrVranjesFirenzeOfficial,https://www.instagram.com/drvranjesfirenze/,https://www.tiktok.com/@drvranjesfirenze,,,,,,,,https://www.drvranjes.it,
686,También Online,SI,SI,Italia,Lombardía,Milán,,Marroquinería y Calzado,G085,Reptile's House,#reptileshouse #intrecciato #leatherart #milanotalleres,10% de bono de descuento en bolsos trenzados al suscribirse,https://wa.me/390234537119,https://www.facebook.com/reptileshousemilano,https://www.instagram.com/reptileshouseofficial/,https://www.tiktok.com/@reptileshouse,,,,,,,,https://www.reptileshouse.it,
687,También Online,SI,SI,Italia,Campania,Nápoles,,Moda,G086,Eles Couture,#elescouture #napolifashion #altamodaitaliana #partydresses,15% de descuento en tu primer vestido de fiesta vía cupón web,https://wa.me/390817618990,https://www.facebook.com/elescoutureofficial,https://www.instagram.com/elescouture/,https://www.tiktok.com/@elescouture,,,,,,,,https://www.elescouture.it,
688,También Online,SI,SI,Italia,Lacio,Roma,,Decoración del Hogar,G087,Chez Dédé Roma,#chezdede #grandtour #cushionsandlinen #romeinteriors,Envío exprés gratuito en órdenes decorativas mayores a 200€,https://wa.me/390688816650,https://www.facebook.com/chezdede,https://www.instagram.com/chezdede/,https://www.tiktok.com/@chezdede,,,,,,,,https://www.chezdede.com,
689,También Online,SI,SI,Italia,Lombardía,Milán,,Joyería y Accesorios,G088,Vhernier,#vhernier #sculpturalart #contemporaryrings #milanocouture,Envío asegurado de guante blanco gratuito en todas las colecciones,https://wa.me/39027771751,https://www.facebook.com/Vhernier,https://www.instagram.com/vhernier/,https://www.tiktok.com/@vhernier,,,,,,,,https://www.vhernier.com,
690,También Online,SI,SI,Italia,Véneto,Verona,,Calzado,G089,Brumar Shoes,#brumar #veronashoes #leathercomfort #stileitaliano,Envío gratis en compras de calzado superiores a 90€,https://wa.me/390458345220,https://www.facebook.com/brumarshoes,https://www.instagram.com/brumarshoes/,https://www.tiktok.com/@brumarshoes,,,,,,,,https://www.brumarshoes.com,
691,También Online,SI,SI,Italia,Lombardía,Milán,,Cosmética y Cuidado Personal,G090,Ayay Skin Care,#ayayskincare #intimatecare #pinkcosmetics #bodypositivity,15% de descuento en el pack de inicio con código de registro,https://wa.me/390236544710,https://www.facebook.com/ayayskincare,https://www.instagram.com/ayayskincare/,https://www.tiktok.com/@ayayskincare,,,,,,,,https://www.ayay.it,
692,También Online,SI,SI,Italia,Toscana,Florencia,,Moda Infantil,G091,I Pinco Pallino Firenze,#ipincopallino #bambiniluxury #altamodakids #tuscanychic,Envío estándar gratuito para compras infantiles superiores a 180€,https://wa.me/39055412890,https://www.facebook.com/ipincopallinoofficial,https://www.instagram.com/ipincopallino/,https://www.tiktok.com/@ipincopallino,,,,,,,,https://www.ipincopallino.it,
693,También Online,SI,SI,Italia,Emilia-Romaña,Bolonia,,Decoración del Hogar,G092,Borgo delle Tovaglie,#borgodelletovaglie #bolognadecor #linenluxury #tableware,10% de descuento en mantelería de lino al suscribirte al newsletter,https://wa.me/39051330900,https://www.facebook.com/borgodelletovaglie,https://www.instagram.com/borgodelletovaglie/,https://www.tiktok.com/@borgodelletovaglie,,,,,,,,https://www.borgodelletovaglie.com,
694,También Online,SI,SI,Italia,Lombardía,Milán,,Moda,G093,forte_forte,#forteforte #timelesschic #sensorialclothing #madeinitaly,Envío exprés gratuito en toda Europa a partir de 250€,https://wa.me/390424578111,https://www.facebook.com/forteforteofficial,https://www.instagram.com/forte_forte/,https://www.tiktok.com/@forte_forte,,,,,,,,https://www.forte-forte.com,
695,También Online,SI,SI,Italia,Lacio,Roma,,Joyería y Accesorios,G094,Delfina Delettrez,#delfinadelettrez #anatomicaljewelry #modernfinejewels #roma,Envío internacional asegurado gratuito para compras superiores a 400€,https://wa.me/390668134105,https://www.facebook.com/delfinadelettrez,https://www.instagram.com/delfinadelettrez/,https://www.tiktok.com/@delfinadelettrez,,,,,,,,https://www.delfinadelettrez.com,
696,También Online,SI,SI,Italia,Piamonte,Turín,,Cosmética y Cuidado Personal,G095,Alchimia Soap,#alchimiasoap #turinperfumes #artisanalsoap #vegetablebeauty,Envío sin costo en paquetes de higiene personal desde 35€,https://wa.me/390119652230,https://www.facebook.com/alchimiasoapofficial,https://www.instagram.com/alchimiasoap/,https://www.tiktok.com/@alchimiasoap,,,,,,,,https://www.alchimiasoap.it,
697,También Online,SI,SI,Italia,Lombardía,Milán,,Marroquinería y Calzado,G096,Fontana Milano 1915,#fontanamilano1915 #saddlerycraft #luxuryleather #viadellaspiga,Servicio de envío prioritario de cortesía en todas las colecciones,https://wa.me/390276022272,https://www.facebook.com/fontanamilano1915,https://www.instagram.com/fontanamilano1915/,https://www.tiktok.com/@fontanamilano1915,,,,,,,,https://www.fontanamilano1915.com,
698,También Online,SI,SI,Italia,Campania,Nápoles,,Moda,G097,Kiltie Nápoles,#kiltie #pantalonidonna #tailoringpants #madeinnapoli,10% de descuento en el primer par de pantalones vía newsletter,https://wa.me/390815598120,https://www.facebook.com/kiltieofficial,https://www.instagram.com/kiltie_official/,https://www.tiktok.com/@kiltie_official,,,,,,,,https://www.kiltie.it,
699,También Online,SI,SI,Italia,Véneto,Venecia,,Decoración del Hogar,G098,Giberto Venezia,#gibertovenezia #muranocrystal #venetianpalazzo #luxurydrinking,Envío seguro garantizado sin coste adicional en compras sobre 500€,https://wa.me/390412411234,https://www.facebook.com/gibertovenezia,https://www.instagram.com/gibertovenezia/,https://www.tiktok.com/@gibertovenezia,,,,,,,,https://www.giberto.it,
700,También Online,SI,SI,Italia,Lacio,Roma,,Moda Infantil,G099,Mariella Burani Kids,#mariellaburani #kidsfashionroma #romantickids #italianatelier,Envío exprés gratuito en toda Italia en compras desde 110€,https://wa.me/39063221940,https://www.facebook.com/mariellaburaniofficial,https://www.instagram.com/mariellaburanikids/,https://www.tiktok.com/@mariellaburani,,,,,,,,https://www.mariellaburani.com,
701,También Online,SI,SI,Italia,Lombardía,Milán,,Moda,G100,N°21 (Numero Ventuno),#numeroventuno #alessandrodellacqua #milanprêtàporter #madeinitaly,Envío exprés gratuito en todo el mundo para compras de más de 300€,https://wa.me/390276014496,https://www.facebook.com/numeroventuno,https://www.instagram.com/numeroventuno/,https://www.tiktok.com/@numeroventuno,,,,,,,,https://www.numeroventuno.com,
702,También Online,SI,SI,Francia,Île-de-France,París,,Moda femenina,H001,Sézane,#sezane #parisianstyle #frenchfashion #sustainablefashion,Envío estándar gratis a partir de 200€,https://wa.me/33189714856,https://www.facebook.com/sezane,https://www.instagram.com/sezane,https://www.tiktok.com/@sezane,,,,,,,,https://www.sezane.com,
703,También Online,SI,SI,Francia,Île-de-France,París,,Joyería y accesorios,H002,Louyetu,#louyetu #bijouxplaquegor #madeinfrance #jewelryparis,10% de descuento en el primer pedido al suscribirse a la newsletter,https://wa.me/33644641755,https://www.facebook.com/louyetuparis,https://www.instagram.com/louyetuparis,https://www.tiktok.com/@louyetu,,,,,,,,https://www.louyetu.fr,
704,También Online,SI,SI,Francia,Île-de-France,París,,Cosmética y cuidado personal,H003,Typology,#typology #veganskincare #cleanbeauty #madeinfrance,Muestra de tratamiento gratis con cada pedido,https://wa.me/33176410148,https://www.facebook.com/typologyparis,https://www.instagram.com/typologyparis,https://www.tiktok.com/@typologyparis,,,,,,,,https://www.typology.com,
705,También Online,SI,SI,Francia,Île-de-France,París,,Moda y accesorios,H004,Rouje,#rouje #lesfillesenrouje #frenchchic #parisianvibes,10% de bienvenida en la primera compra web,https://wa.me/33186760814,https://www.facebook.com/roujeparis,https://www.instagram.com/rouje,https://www.tiktok.com/@lesfillesenrouje,,,,,,,,https://www.rouje.com,
706,También Online,SI,SI,Francia,Île-de-France,París,,Cosmética y cuidado personal,H005,Oh My Cream!,#ohmycream #cleanbeauty #skincareroutine #soinsvisage,Bolsa de muestras seleccionadas gratis en pedidos superiores a 60€,https://wa.me/33176410887,https://www.facebook.com/ohmycream,https://www.instagram.com/ohmycream,https://www.tiktok.com/@ohmycream,,,,,,,,https://www.ohmycream.com,
707,También Online,SI,SI,Francia,Île-de-France,París,,Calzado y marroquinería,H006,Bobbies,#bobbies #parisianshoes #leathergoods #chaussuresparis,Entrega y devoluciones gratis en compras mayores a 150€,https://wa.me/33184177402,https://www.facebook.com/bobbies,https://www.instagram.com/bobbies,https://www.tiktok.com/@bobbiesparis,,,,,,,,https://www.bobbies.com,
708,También Online,SI,SI,Francia,Île-de-France,París,,Joyería y accesorios,H007,Atelier Paulin,#atelierpaulin #bijouxpersonnalises #artisanatparis #goldwirejewelry,Grabado de tarjeta personalizado de regalo en la primera compra,https://wa.me/33142777122,https://www.facebook.com/atelierpaulin,https://www.instagram.com/atelierpaulin,https://www.tiktok.com/@atelierpaulin,,,,,,,,https://www.atelierpaulin.com,
709,También Online,SI,SI,Francia,Île-de-France,París,,Cosmética y cuidado personal,H008,AIME,#aimeskincare #frenchglow #probioticskincare #cleanbeauty,10% de descuento en el primer pedido al registrarse al club,https://wa.me/33182885994,https://www.facebook.com/aimeskincare,https://www.instagram.com/aimeskincare,https://www.tiktok.com/@aime,,,,,,,,https://www.aime.co,
710,También Online,SI,SI,Francia,Île-de-France,París,,Cosmética y cuidado personal,H009,Respire,#respire #ecobeauty #zerodechet #soinnaturel,Envío gratis en pedidos a partir de 40€,https://wa.me/33978450123,https://www.facebook.com/respirenaturel,https://www.instagram.com/respirenaturel,https://www.tiktok.com/@respirenaturel,,,,,,,,https://www.respire.co,
711,También Online,SI,SI,Francia,Île-de-France,París,,Moda femenina,H010,Soi Paris,#soiparis #imprimesexclusifs #modeethique #soieparis,15€ de regalo de bienvenida al suscribirse al newsletter,https://wa.me/33186952277,https://www.facebook.com/soiparis,https://www.instagram.com/soiparis,https://www.tiktok.com/@soiparis,,,,,,,,https://www.soi-paris.com,
712,También Online,SI,SI,Francia,Île-de-France,París,,Decoración del hogar,H011,NV GALLERY,#nvgallery #homedecor #designinterieur #parisiandecor,50€ de descuento en compras superiores a 500€ con código bienvenida,https://wa.me/33184884488,https://www.facebook.com/nvgallerydesign,https://www.instagram.com/nvgallery,https://www.tiktok.com/@nvgallery,,,,,,,,https://www.nvgallery.com,
713,También Online,SI,SI,Francia,Île-de-France,París,,Moda íntima y baño,H012,Ysé Paris,#yseparis #lingeriefrancaise #maillotsdebain #femininite,Pouch de viaje de lino gratis a partir de 120€ de compra,https://wa.me/33184886675,https://www.facebook.com/yseparis,https://www.instagram.com/pantheoneparis,https://www.tiktok.com/@yseparis,,,,,,,,https://www.yse-paris.com,
714,También Online,SI,SI,Francia,Île-de-France,París,,Joyería y accesorios,H013,Luj Paris,#lujparis #bijouxcreateur #goldplated #joaillerieparis,10% de descuento en la primera orden vía newsletter,https://wa.me/33142333456,https://www.facebook.com/lujparisbijoux,https://www.instagram.com/lujparis,https://www.tiktok.com/@lujparis,,,,,,,,https://www.lujparis.com,
715,También Online,SI,SI,Francia,Auvergne-Rhône-Alpes,Lyon,,Cosmética y cuidado personal,H014,Les Petits Prödiges,#lespetitsprodiges #zerodechet #ecocosmetiques #cleanbeauty,10% de descuento en tu primera compra con newsletter,https://wa.me/33478901234,https://www.facebook.com/lespetitsprodiges,https://www.instagram.com/lespetitsprodiges,https://www.tiktok.com/@lespetitsprodiges,,,,,,,,https://www.lespetitsprodiges.com,
716,También Online,SI,SI,Francia,Île-de-France,París,,Moda infantil,H015,Tajinebanane,#tajinebanane #allaiterpartouttoutletemps #momlife #modeallaitement,Envío estándar gratuito a partir de 90€,https://wa.me/33556001122,https://www.facebook.com/tajinebanane,https://www.instagram.com/tajinebanane,https://www.tiktok.com/@tajinebanane,,,,,,,,https://www.tajinebanane.fr,
717,También Online,SI,SI,Francia,Île-de-France,París,,Moda femenina y calzado,H016,M. Moustache,#mmoustache #chaussureecolo #sneakersparis #frenchstyle,Bolsa de tela de algodón orgánico con cada compra web,https://wa.me/33186950890,https://www.facebook.com/m.moustache.paris,https://www.instagram.com/m_moustache,https://www.tiktok.com/@mmoustacheparis,,,,,,,,https://www.m-moustache.com,
718,También Online,SI,SI,Francia,Île-de-France,París,,Joyería y accesorios,H017,PDPAOLA Paris,#pdpaolaparis #finejewelry #goldjewelry #contemporaryjewels,10% de descuento en tu pedido suscribiéndote al club,https://wa.me/33176542109,https://www.facebook.com/pdpaolajewelry,https://www.instagram.com/pdpaola_jewelry,https://www.tiktok.com/@pdpaola,,,,,,,,https://www.pdpaola.com,
719,También Online,SI,SI,Francia,Île-de-France,París,,Decoración del hogar,H018,The Socialite Family,#thesocialitefamily #decorationinterieur #decohome #mobilierdesign,Flete gratis en accesorios deco en compras mayores a 100€,https://wa.me/33182287880,https://www.facebook.com/thesocialitefamily,https://www.instagram.com/thesocialitefamily,https://www.tiktok.com/@thesocialitefamily,,,,,,,,https://www.thesocialitefamily.com,
720,También Online,SI,SI,Francia,Île-de-France,París,,Moda femenina,H019,Balzac Paris,#balzacparis #toujoursplusresponsable #parisianstyle #modeethique,Envío gratis en puntos de recogida a partir de 150€,https://wa.me/33186760599,https://www.facebook.com/balzacparis,https://www.instagram.com/balzacparis,https://www.tiktok.com/@balzacparis,,,,,,,,https://www.balzac-paris.com,
721,También Online,SI,SI,Francia,Île-de-France,París,,Joyería y accesorios,H020,Monsieur Paris,#monsieurparis #bijouxfaitsmain #artisanatfrancais #orrecycle,Estuche de viaje gratis en compras superiores a 250€,https://wa.me/33145084443,https://www.facebook.com/monsieurparisbijoux,https://www.instagram.com/monsieurparis,https://www.tiktok.com/@monsieurparis,,,,,,,,https://www.monsieur-paris.com,
722,También Online,SI,SI,Francia,Provence-Alpes-Côte d'Azur,Marsella,,Cosmética y cuidado personal,H021,La Corvette Marseille,#lacorvette #savondemarseille #soinnaturel #madeinprovence,Jabón de tocador tradicional gratis en pedidos sobre 35€,https://wa.me/33491605400,https://www.facebook.com/lacorvettesavondemarseille,https://www.instagram.com/lacorvette_marseille,https://www.tiktok.com/@lacorvettemarseille,,,,,,,,https://www.la-corvette.com,
723,También Online,SI,SI,Francia,Île-de-France,París,,Moda infantil y calzado,H022,Collégien Paris,#collegien #chaussonsenfants #madeinfrance #chaussettescoton,Envío gratis a partir de 60€ de compra nacional,https://wa.me/33563584859,https://www.facebook.com/collegienofficiel,https://www.instagram.com/collegien_officiel,https://www.tiktok.com/@collegien_officiel,,,,,,,,https://www.collegien-shop.com,
724,También Online,SI,SI,Francia,Auvergne-Rhône-Alpes,Lyon,,Joyería y accesorios,H023,Agatha Paris,#agathaparis #bijouxparis #fashionjewelry #frenchstyle,10% de bienvenida al crear tu cuenta de cliente online,https://wa.me/33153579000,https://www.facebook.com/agathaparis,https://www.instagram.com/agatha_paris,https://www.tiktok.com/@agathaparisofficiel,,,,,,,,https://www.agatha.fr,
725,También Online,SI,SI,Francia,Nouvelle-Aquitaine,Burdeos,,Cosmética y cuidado personal,H024,Caudalie,#caudalie #vinotherapie #cleanbeauty #soinsantirides,Kit de minitallas de viaje gratis por compras sobre 59€,https://wa.me/33170707490,https://www.facebook.com/caudalie,https://www.instagram.com/caudalie,https://www.tiktok.com/@caudalie,,,,,,,,https://www.caudalie.com,
726,También Online,SI,SI,Francia,Île-de-France,París,,Marroquinería y accesorios,H025,Tammy & Benjamin,#tammyandbenjamin #leatherbags #parisiandesign #maroquinerie,Envío gratuito estándar en todos los bolsos a partir de 180€,https://wa.me/33142361009,https://www.facebook.com/tammyandbenjamin,https://www.instagram.com/tammyandbenjamin,https://www.tiktok.com/@tammyandbenjamin,,,,,,,,https://www.tammyandbenjamin.com,
727,También Online,SI,SI,Francia,Île-de-France,París,,Moda femenina,H026,Maje,#majeparis #frenchfashion #bohochic #parisianwardrobe,10% adicional de bienvenida al unirte al club Maje,https://wa.me/33142967000,https://www.facebook.com/majeparis,https://www.instagram.com/majeparis,https://www.tiktok.com/@majeparis,,,,,,,,https://www.maje.com,
728,También Online,SI,SI,Francia,Île-de-France,París,,Moda femenina,H027,Ba&sh,#bashparis #borntobeready #frenchluxury #chicparisien,10% de descuento en la primera compra vía suscripción,https://wa.me/33143542289,https://www.facebook.com/bashparis,https://www.instagram.com/bashparis,https://www.tiktok.com/@bashparis,,,,,,,,https://www.ba-sh.com,
729,También Online,SI,SI,Francia,Île-de-France,París,,Decoración del hogar,H028,Maison Sarah Lavoine,#maisonsarahlavoine #designinterieur #bleusarah #homedecor,Flete sin cargo en pedidos de objetos deco desde 150€,https://wa.me/33142604340,https://www.facebook.com/maisonsarahlavoine,https://www.instagram.com/maisonsarahlavoine,https://www.tiktok.com/@maisonsarahlavoine,,,,,,,,https://www.maisonsarahlavoine.com,
730,También Online,SI,SI,Francia,Île-de-France,París,,Joyería y accesorios,H029,Gwapita,#gwapita #bijouxboheme #bijouxfemme #frenchdesigner,Envío gratis en compras superiores a 70€,https://wa.me/33612345678,https://www.facebook.com/gwapita,https://www.instagram.com/gwapita_paris,https://www.tiktok.com/@gwapita,,,,,,,,https://www.gwapita.com,
731,También Online,SI,SI,Francia,Provence-Alpes-Côte d'Azur,Aix-en-Provence,,Decoración del hogar,H030,Rose et Marius,#roseetmarius #hauteparfumerie #bougiesparfumees #artdevivreprovence,Mini jabón artesanal perfumado de obsequio con cada pedido,https://wa.me/33442351488,https://www.facebook.com/roseetmarius,https://www.instagram.com/roseetmarius,https://www.tiktok.com/@roseetmarius,,,,,,,,https://www.roseetmarius.com,
732,También Online,SI,SI,Francia,Occitanie,Toulouse,,Cosmética y cuidado personal,H031,Graine de Pastel,#grainedepastel #soinnaturel #cosmetiquebio #madeinfrance,10% de descuento en tu primer pedido con suscripción,https://wa.me/33561570089,https://www.facebook.com/grainedepastel,https://www.instagram.com/grainedepastel,https://www.tiktok.com/@grainedepastel,,,,,,,,https://www.grainedepastel.com,
733,También Online,SI,SI,Francia,Île-de-France,París,,Moda íntima y baño,H032,Livy,#livystudio #luxurylingerie #lingerieparis #bodywear,Envío gratuito a domicilio en compras superiores a 150€,https://wa.me/33186950290,https://www.facebook.com/livystudio,https://www.instagram.com/livystudio,https://www.tiktok.com/@livystudio,,,,,,,,https://www.intothelivy.com,
734,También Online,SI,SI,Francia,Île-de-France,París,,Joyería y accesorios,H033,Waekura,#waekura #bijouxresistanseau #plaqueor #jewelryparis,10% de descuento inmediato al suscribirte al boletín,https://wa.me/33140261122,https://www.facebook.com/waekuraparis,https://www.instagram.com/waekura,https://www.tiktok.com/@waekura,,,,,,,,https://www.waekura.com,
735,También Online,SI,SI,Francia,Île-de-France,París,,Moda femenina,H034,Claudie Pierlot,#claudiepierlot #parisianchic #elegancefrancaise #modeparis,Envío y devolución estándar sin costo en toda la colección,https://wa.me/33142967001,https://www.facebook.com/claudiepierlotofficiel,https://www.instagram.com/claudiepierlot,https://www.tiktok.com/@claudiepierlot,,,,,,,,https://www.claudiepierlot.com,
736,También Online,SI,SI,Francia,Île-de-France,París,,Cosmética y cuidado personal,H035,Huygens Paris,#huygensparis #cleanbeauty #aromatherapy #organiccosmetics,Tres muestras orgánicas a elección gratis con cada compra,https://wa.me/33144882750,https://www.facebook.com/huygensparis,https://www.instagram.com/huygensparis,https://www.tiktok.com/@huygensparis,,,,,,,,https://www.huygens.fr,
737,También Online,SI,SI,Francia,Île-de-France,París,,Calzado y marroquinería,H036,Carel Paris,#carelparis #chaussuresfemme #iconicshoes #parisianshoes,10% de descuento en el primer par tras registrarte,https://wa.me/33145486976,https://www.facebook.com/carelparis,https://www.instagram.com/carelparis,https://www.tiktok.com/@carelparis,,,,,,,,https://www.carel.fr,
738,También Online,SI,SI,Francia,Provence-Alpes-Côte d'Azur,Niza,,Joyería y accesorios,H037,Les Néréides,#lesnereides #bijouxemaux #hautefantaisie #frenchjewelry,10% de descuento de bienvenida en tu primera compra web,https://wa.me/33180505100,https://www.facebook.com/lesnereidesparis,https://www.instagram.com/lesnereidesparis,https://www.tiktok.com/@lesnereidesparis,,,,,,,,https://www.lesnereides.com,
739,También Online,SI,SI,Francia,Île-de-France,París,,Moda infantil,H038,Bonton,#bontonparis #modeenfant #kidsfashion #universbebe,Envío estándar gratis a domicilio en pedidos mayores a 100€,https://wa.me/33142227349,https://www.facebook.com/bontonparis,https://www.instagram.com/bonton,https://www.tiktok.com/@bontonparis,,,,,,,,https://www.bonton.fr,
740,También Online,SI,SI,Francia,Île-de-France,París,,Decoración del hogar,H039,Caravane Paris,#caravaneparis #lingedemaison #artdevivre #artisanatdumonde,Bolsa guardapolvo de lino de regalo con compras seleccionadas,https://wa.me/33144610420,https://www.facebook.com/caravaneparis,https://www.instagram.com/caravaneparis,https://www.tiktok.com/@caravaneparis,,,,,,,,https://www.caravane.fr,
741,También Online,SI,SI,Francia,Île-de-France,París,,Joyería y accesorios,H040,Astrid & Miyu Paris,#astridandmiyu #earstacking #piercingparis #platedjewelry,10% de descuento al unirte a la newsletter oficial,https://wa.me/33140263388,https://www.facebook.com/astridandmiyu,https://www.instagram.com/astridandmiyu,https://www.tiktok.com/@astridandmiyu,,,,,,,,https://www.astridandmiyu.com,
742,También Online,SI,SI,Francia,Île-de-France,París,,Marroquinería y calzado,H041,Polène Paris,#poleneparis #leathergoods #maroquineriedeluxe #handcraftedbags,Servicio de mantenimiento de piel incluido en piezas seleccionadas,https://wa.me/33142218000,https://www.facebook.com/poleneparis,https://www.instagram.com/polene_paris,https://www.tiktok.com/@poleneparis,,,,,,,,https://www.polene-paris.com,
743,También Online,SI,SI,Francia,Hauts-de-France,Lille,,Cosmética y cuidado personal,H042,Mademoiselle Biloba,#mademoisellebiloba #cosmetiquenaturelle #ateliercosmetique #skincarebio,Envío gratis en compras a partir de 49€,https://wa.me/33320546688,https://www.facebook.com/mademoisellebiloba,https://www.instagram.com/mademoisellebiloba,https://www.tiktok.com/@mademoisellebiloba,,,,,,,,https://www.mademoisellebiloba.fr,
744,También Online,SI,SI,Francia,Île-de-France,París,,Cosmética y cuidado personal,H043,Kure Bazaar,#kurebazaar #ecolacquer #vernisbio #cleanmanicure,Esmalte mini de tratamiento en compras superiores a 50€,https://wa.me/33145484800,https://www.facebook.com/kurebazaar,https://www.instagram.com/kurebazaar,https://www.tiktok.com/@kurebazaar,,,,,,,,https://www.kurebazaar.com,
745,También Online,SI,SI,Francia,Provence-Alpes-Côte d'Azur,Marsella,,Cosmética y cuidado personal,H044,Panier des Sens,#panierdessens #madeinfrance #soinsprovence #naturalcosmetics,10% de bienvenida al registrarte en la tienda online,https://wa.me/33491357500,https://www.facebook.com/panierdessens,https://www.instagram.com/panierdessens,https://www.tiktok.com/@panierdessens,,,,,,,,https://www.panierdessens.com,
746,También Online,SI,SI,Francia,Île-de-France,París,,Decoración del hogar,H045,Madura,#maduraparis #rideauxsurmesure #homedecor #coussinsdeco,15% de descuento en la segunda unidad de cojines seleccionados,https://wa.me/33142345678,https://www.facebook.com/madurahome,https://www.instagram.com/madurahome,https://www.tiktok.com/@madurahome,,,,,,,,https://www.madura.com,
747,También Online,SI,SI,Francia,Île-de-France,París,,Moda femenina y baño,H046,Albertine,#albertineswim #maillotdebain #loungewear #moderesponsable,Envío gratuito estándar en compras a partir de 150€,https://wa.me/33558436080,https://www.facebook.com/albertineswim,https://www.instagram.com/albertineswim,https://www.tiktok.com/@albertineswim,,,,,,,,https://www.albertine-swim.com,
748,También Online,SI,SI,Francia,Île-de-France,París,,Joyería y accesorios,H047,Titlee,#titleeparis #bijouxparis #dorureorfin #hypoallergenique,10% de descuento en tu primer pedido suscribiéndote al boletín,https://wa.me/33148065099,https://www.facebook.com/titleeparis,https://www.instagram.com/titleeparis,https://www.tiktok.com/@titleeparis,,,,,,,,https://www.titlee.com,
749,También Online,SI,SI,Francia,Île-de-France,París,,Moda infantil,H048,Emile et Ida,#emileetida #vetementsenfants #frenchkidsfashion #douceur,10% de bienvenida para nuevos usuarios registrados,https://wa.me/33140268800,https://www.facebook.com/emileetida,https://www.instagram.com/emileetida,https://www.tiktok.com/@emileetida,,,,,,,,https://www.emileetida.com,
750,También Online,SI,SI,Francia,Auvergne-Rhône-Alpes,Lyon,,Decoración del hogar,H049,Bensimon Home,#bensimonparis #artdevivre #colorfulliving #homedecor,10% de descuento de bienvenida en la primera compra,https://wa.me/33145440050,https://www.facebook.com/bensimonparis,https://www.instagram.com/bensimonparis,https://www.tiktok.com/@bensimonparis,,,,,,,,https://www.bensimon.com,
751,También Online,SI,SI,Francia,Île-de-France,París,,Cosmética y cuidado personal,H050,Laboratoires de Biarritz,#laboratoiresdebiarritz #cremesolairebio #soinsocean #cleanbeauty,Bálsamo labial protector de regalo en compras mayores a 45€,https://wa.me/33559232300,https://www.facebook.com/laboratoiresdebiarritz,https://www.instagram.com/laboratoires_biarritz,https://www.tiktok.com/@laboratoires_biarritz,,,,,,,,https://www.laboratoires-biarritz.com,
752,También Online,SI,SI,Francia,Île-de-France,París,,Moda femenina,H051,Musier Paris,#musierparis #annelauremais #parisianstyle #frenchfashion,10% de descuento en la primera compra al suscribirse al newsletter,https://wa.me/33140268950,https://www.facebook.com/musierparis,https://www.instagram.com/musierparis,https://www.tiktok.com/@musierparis,,,,,,,,https://www.musier-paris.com,
753,También Online,SI,SI,Francia,Occitanie,Toulouse,,Moda y accesorios,H052,Maison Stella & Suzie,#stellasuzie #modefrancaise #bohochic #toulousefashion,10€ de bienvenida en pedidos superiores a 80€,https://wa.me/33534406120,https://www.facebook.com/stellasuzie,https://www.instagram.com/maisonstellaetsuzie,https://www.tiktok.com/@stellasuzie,,,,,,,,https://www.stellaetsuzie.com,
754,También Online,SI,SI,Francia,Île-de-France,París,,Moda y marroquinería,H053,Petite Mendigote,#petitemendigote #maroquinerieparis #frenchstyle #chaussuresfemme,10% de descuento al unirte a la newsletter,https://wa.me/33144780580,https://www.facebook.com/petitemendigote,https://www.instagram.com/petitemendigote,https://www.tiktok.com/@petitemendigote,,,,,,,,https://www.petitemendigote.fr,
755,También Online,SI,SI,Francia,Île-de-France,París,,Moda femenina,H054,Des Petits Hauts,#despetitshauts #maillefrancaise #douceur #frenchknitwear,Envío gratuito a domicilio a partir de 150€ de compra,https://wa.me/33140290510,https://www.facebook.com/despetitshauts,https://www.instagram.com/despetitshauts,https://www.tiktok.com/@despetitshauts,,,,,,,,https://www.despetitshauts.com,
756,También Online,SI,SI,Francia,Île-de-France,París,,Moda femenina y accesorios,H055,Sœur,#soeurparis #frenchwardrobe #tailoring #parisianminimalism,Envío estándar gratis en compras a partir de 200€,https://wa.me/33144550100,https://www.facebook.com/soeurparis,https://www.instagram.com/soeurparis,https://www.tiktok.com/@soeurparis,,,,,,,,https://www.soeur.fr,
757,También Online,SI,SI,Francia,Île-de-France,París,,Joyería y accesorios,H056,Charlotte Chesnais,#charlottechesnais #sculpturaljewelry #finejewelry #vermeil,Limpieza y pulido de cortesía con certificado de garantía,https://wa.me/33142333060,https://www.facebook.com/charlottechesnaisjewelry,https://www.instagram.com/charlottechesnais,https://www.tiktok.com/@charlottechesnais,,,,,,,,https://www.charlottechesnais.fr,
758,También Online,SI,SI,Francia,Île-de-France,París,,Joyería y accesorios,H057,Aurélie Bidermann,#aureliebidermann #bijouxparis #luxurydesign #goldplated,10% de descuento en el primer pedido vía boletín oficial,https://wa.me/33140502010,https://www.facebook.com/aureliebidermannjewelry,https://www.instagram.com/aureliebidermann,https://www.tiktok.com/@aureliebidermann,,,,,,,,https://www.aureliebidermann.com,
759,También Online,SI,SI,Francia,Île-de-France,París,,Joyería y accesorios,H058,Gas Bijoux,#gasbijoux #marseilleparis #artisanatfrancais #solarfashion,Envío gratuito estándar para pedidos superiores a 120€,https://wa.me/33142611600,https://www.facebook.com/gasbijouxofficiel,https://www.instagram.com/gasbijoux,https://www.tiktok.com/@gasbijoux,,,,,,,,https://www.gasbijoux.com,
760,También Online,SI,SI,Francia,Occitanie,Castres,,Joyería y accesorios,H059,Une A Une,#bijouxuneanue #pierresnaturelles #gemstonejewelry #bohochic,10% de descuento de bienvenida en la primera orden,https://wa.me/33563721010,https://www.facebook.com/bijouxuneanue,https://www.instagram.com/bijoux_uneanue,https://www.tiktok.com/@bijouxuneanue,,,,,,,,https://www.uneanue.com,
761,También Online,SI,SI,Francia,Île-de-France,París,,Joyería y accesorios,H060,PDPAOLA Paris,#letiquetteparis #parisianchic #bijouxcreateur #frenchtrend,Envío sin costo en compras superiores a 75€,https://wa.me/33142211990,https://www.facebook.com/bijouxparisfr,https://www.instagram.com/bijouxparis,https://www.tiktok.com/@bijouxparis,,,,,,,,https://www.letiquette.fr,
762,También Online,SI,SI,Francia,Île-de-France,París,,Calzado femenino,H061,Patricia Blanchet,#patriciablanchet #bottinesparis #chaussurespaillettes #frenchshoes,Entrega gratis a domicilio a partir de 180€,https://wa.me/33142361661,https://www.facebook.com/patriciablanchetofficiel,https://www.instagram.com/patriciablanchet,https://www.tiktok.com/@patriciablanchet,,,,,,,,https://www.patriciablanchet.com,
763,También Online,SI,SI,Francia,Île-de-France,París,,Calzado femenino,H062,Jonak,#jonakparis #shoesaddict #leatherboots #chaussuresfemme,10% de bienvenida al registrarte en el programa de fidelidad,https://wa.me/33148876400,https://www.facebook.com/jonakparis,https://www.instagram.com/jonak,https://www.tiktok.com/@jonakparis,,,,,,,,https://www.jonak.fr,
764,También Online,SI,SI,Francia,Île-de-France,París,,Cosmética y cuidado personal,H063,Seasonly,#seasonly #cleanbeauty #gymduvisage #glowingskin,10% de descuento en tu primer tratamiento o pedido web,https://wa.me/33142602330,https://www.facebook.com/seasonlyparis,https://www.instagram.com/seasonly,https://www.tiktok.com/@seasonly,,,,,,,,https://www.seasonly.fr,
765,También Online,SI,SI,Francia,Île-de-France,París,,Cosmética y cuidado personal,H064,La Bouche Rouge,#laboucherougeparis #sustainableluxury #refillablelipstick #cleanbeauty,Grabado personalizado de estuche de cuero sin costo adicional,https://wa.me/33140260290,https://www.facebook.com/laboucherougeparis,https://www.instagram.com/laboucherougeparis,https://www.tiktok.com/@laboucherougeparis,,,,,,,,https://www.laboucherougeparis.com,
766,También Online,SI,SI,Francia,Provence-Alpes-Côte d'Azur,Marsella,,Cosmética y cuidado personal,H065,Comme Avant,#commeavantbio #zerodechet #savonnaturel #cosmetiquesolide,Envío gratuito a domicilio en pedidos desde 49€,https://wa.me/33484890989,https://www.facebook.com/commeavantbio,https://www.instagram.com/commeavantbio,https://www.tiktok.com/@commeavantbio,,,,,,,,https://www.comme-avant.bio,
767,También Online,SI,SI,Francia,Auvergne-Rhône-Alpes,Lyon,,Cosmética y cuidado personal,H066,Endro Cosmétiques,#endrocosmetiques #zerodechet #bocauxverre #cosmetiquebio,Jabón exfoliante de regalo por compras superiores a 50€,https://wa.me/33296201010,https://www.facebook.com/endrocosmetiques,https://www.instagram.com/endrocosmetiques,https://www.tiktok.com/@endrocosmetiques,,,,,,,,https://www.endro-cosmetiques.com,
768,También Online,SI,SI,Francia,Île-de-France,París,,Cosmética y cuidado personal,H067,Meme Cosmetics,#memecosmetics #dermocosmetique #soindouceur #skincaresensible,Neceser de viaje gratis en compras mayores a 60€,https://wa.me/33142681020,https://www.facebook.com/memecosmeticsparis,https://www.instagram.com/memecosmetics,https://www.tiktok.com/@memecosmetics,,,,,,,,https://www.meme-cosmetics.com,
769,También Online,SI,SI,Francia,Île-de-France,París,,Cosmética y cuidado personal,H068,Oden Paris,#odenparis #huilesvegetales #madeinfrance #botanicalskincare,10% de descuento en la primera orden suscribiéndote al newsletter,https://wa.me/33176440210,https://www.facebook.com/odenparisfr,https://www.instagram.com/oden_paris,https://www.tiktok.com/@oden_paris,,,,,,,,https://www.oden.fr,
770,También Online,SI,SI,Francia,Île-de-France,París,,Cosmética y cuidado personal,H069,On The Wild Side,#onthewildside #cleanbeauty #wildplants #organiccosmetics,Muestra de sérum botánico incluida con cada pedido,https://wa.me/33145260190,https://www.facebook.com/onthewildsidephilosophy,https://www.instagram.com/onthewildside_philosophy,https://www.tiktok.com/@onthewildside_,,,,,,,,https://www.onthewildside.com,
771,También Online,SI,SI,Francia,Île-de-France,París,,Decoración del hogar,H070,Plum Living,#plumliving #ikeahack #designinterieur #interiordecor,Muestras de acabado gratis con el código de bienvenida,https://wa.me/33189714800,https://www.facebook.com/plumlivingparis,https://www.instagram.com/plum.living,https://www.tiktok.com/@plumliving,,,,,,,,https://www.plum-living.com,
772,También Online,SI,SI,Francia,Île-de-France,París,,Decoración del hogar,H071,Maison Baluchon,#maisonbaluchon #motifsartisanaux #pochettesdeco #interiortextiles,Envío estándar gratis a partir de 80€,https://wa.me/33142680102,https://www.facebook.com/maisonbaluchon,https://www.instagram.com/maisonbaluchon,https://www.tiktok.com/@maisonbaluchon,,,,,,,,https://www.maisonbaluchon.com,
773,También Online,SI,SI,Francia,Île-de-France,París,,Decoración del hogar,H072,Selency,#selency #brocantevintage #artdevivre #mobilierdesign,15€ de descuento en la primera compra de muebles o deco desde 100€,https://wa.me/33184886868,https://www.facebook.com/selencyparis,https://www.instagram.com/selency,https://www.tiktok.com/@selency,,,,,,,,https://www.selency.fr,
774,También Online,SI,SI,Francia,Île-de-France,París,,Decoración del hogar,H073,Maison Sarah Lavoine Lifestyle,#bleusarah #decorationparis #artisanatdeco #homestyle,10% de bienvenida en textiles de hogar con newsletter,https://wa.me/33142604345,https://www.facebook.com/sarahlavoinelifestyle,https://www.instagram.com/sarahlavoine,https://www.tiktok.com/@sarahlavoinestudio,,,,,,,,https://www.sarahlavoine.com,
775,También Online,SI,SI,Francia,Île-de-France,París,,Decoración y papelería,H074,Season Paper Collection,#seasonpaper #motifsfrancais #papeteriedeco #illustrationparis,10% de descuento en el primer carrito de compra,https://wa.me/33148060190,https://www.facebook.com/seasonpapercollection,https://www.instagram.com/seasonpapercollection,https://www.tiktok.com/@seasonpaper,,,,,,,,https://www.seasonpapercollection.com,
776,También Online,SI,SI,Francia,Provence-Alpes-Côte d'Azur,Aix-en-Provence,,Decoración del hogar,H075,Kave Home France,#kavehomefrance #mediterraneandesign #furniture #decointerieur,20€ de descuento en compras superiores a 200€ al registrarte,https://wa.me/33442901010,https://www.facebook.com/kavehomefrance,https://www.instagram.com/kavehome_fr,https://www.tiktok.com/@kavehome,,,,,,,,https://www.kavehome.com/fr/fr/,
777,También Online,SI,SI,Francia,Île-de-France,París,,Moda femenina,H076,Antik Batik,#antikbatik #bohochic #broderiemain #bohemianstyle,10% de descuento inmediato con la suscripción web,https://wa.me/33148870090,https://www.facebook.com/antikbatikparis,https://www.instagram.com/antikbatikparis,https://www.tiktok.com/@antikbatikparis,,,,,,,,https://www.antikbatik.com,
778,También Online,SI,SI,Francia,Île-de-France,París,,Moda íntima y baño,H077,Lingerie Dément,#lingeriedement #lingerieaimantee #lingerieparis #dentellefrancaise,Envío gratuito estándar en compras mayores a 100€,https://wa.me/33142780088,https://www.facebook.com/lingeriedement,https://www.instagram.com/lingeriedement,https://www.tiktok.com/@lingeriedement,,,,,,,,https://www.dement.fr,
779,También Online,SI,SI,Francia,Île-de-France,París,,Moda femenina,H078,Vanessa Bruno,#vanessabruno #cabasvanessabruno #frenchchic #parisianwardrobe,Envío y devolución express gratuita en pedidos superiores a 200€,https://wa.me/33142778990,https://www.facebook.com/vanessabrunoparis,https://www.instagram.com/vanessabrunoparis,https://www.tiktok.com/@vanessabruno,,,,,,,,https://www.vanessabruno.fr,
780,También Online,SI,SI,Francia,Île-de-France,París,,Moda y accesorios,H079,Chloé,#chloegirls #frenchluxury #bohemianluxury #parisfashion,Flete express internacional gratuito a partir de 400€,https://wa.me/33147230008,https://www.facebook.com/chloe,https://www.instagram.com/chloe,https://www.tiktok.com/@chloe,,,,,,,,https://www.chloe.com,
781,También Online,SI,SI,Francia,Île-de-France,París,,Moda femenina,H080,Isabel Marant,#isabelmarant #marantetoile #parisiancool #effortlesschic,Envío estándar gratis en todas las compras de temporada,https://wa.me/33142974400,https://www.facebook.com/isabelmarant,https://www.instagram.com/isabelmarant,https://www.tiktok.com/@isabelmarant,,,,,,,,https://www.isabelmarant.com,
782,También Online,SI,SI,Francia,Île-de-France,París,,Moda femenina,H081,Roseanna,#roseannaparis #modecontemporaine #frenchdesigner #parisianwardrobe,10% de descuento en tu primer pedido al suscribirte,https://wa.me/33142330999,https://www.facebook.com/roseannaparis,https://www.instagram.com/roseanna_paris,https://www.tiktok.com/@roseannaparis,,,,,,,,https://www.roseanna.fr,
783,También Online,SI,SI,Francia,Île-de-France,París,,Moda infantil y mujer,H082,Louise Misha,#louisemisha #bohemiankids #frenchfashion #dentelleboheme,Bolsita de tela estampada con cada compra superior a 150€,https://wa.me/33142360210,https://www.facebook.com/louisemisha,https://www.instagram.com/louisemisha,https://www.tiktok.com/@louisemisha,,,,,,,,https://www.louisemisha.com,
784,También Online,SI,SI,Francia,Île-de-France,París,,Moda infantil,H083,Arsène et les pipelettes,#arseneetlespipelettes #modeenfant #paysbasque #cotonbio,Envío gratis en compras web superiores a 80€,https://wa.me/33559260102,https://www.facebook.com/arseneetlespipelettes,https://www.instagram.com/arseneetlespipelettes,https://www.tiktok.com/@arseneetlespipelettes,,,,,,,,https://www.arseneetlespipelettes.com,
785,También Online,SI,SI,Francia,Île-de-France,París,,Moda infantil,H084,Rive Droite Paris,#rivedroiteparis #upcycling #sacsresponsables #kidsandmoms,10% de bienvenida en la primera compra de bolsos y accesorios,https://wa.me/33184803322,https://www.facebook.com/rivedroiteparis,https://www.instagram.com/rivedroite_paris,https://www.tiktok.com/@rivedroiteparis,,,,,,,,https://www.rivedroite-paris.com,
786,También Online,SI,SI,Francia,Île-de-France,París,,Moda infantil,H085,Studio Bohème Paris,#studiobohemeparis #ecokids #cotonbiologique #bebeboheme,10% de bienvenida tras suscribirte a la newsletter,https://wa.me/33142890100,https://www.facebook.com/studiobohemeparis,https://www.instagram.com/studiobohemeparis,https://www.tiktok.com/@studiobohemeparis,,,,,,,,https://www.studiobohemeparis.com,
787,También Online,SI,SI,Francia,Île-de-France,París,,Joyería y accesorios,H086,Médecine Douce,#bijouxmedicinedouce #artisanatparis #plaqueor #canalstmartin,Envío gratis a partir de 90€ de compra,https://wa.me/33148035728,https://www.facebook.com/bijouxmedicinedouce,https://www.instagram.com/bijouxmedicinedouce,https://www.tiktok.com/@bijouxmedicinedouce,,,,,,,,https://www.bijouxmedicinedouce.com,
788,También Online,SI,SI,Francia,Île-de-France,París,,Joyería y accesorios,H087,Anémone Jewelry Paris,#bijouxanemone #goldvermeil #joaillerieparis #frenchcreator,Estuche de gamuza protectora gratis con cada pedido,https://wa.me/33140551010,https://www.facebook.com/anemoneparisbijoux,https://www.instagram.com/anemone_jewelry,https://www.tiktok.com/@anemonejewelry,,,,,,,,https://www.anemone-paris.com,
789,También Online,SI,SI,Francia,Île-de-France,París,,Marroquinería y accesorios,H088,Fauvette Paris,#fauvetteparis #cuirfrancais #maroquineriefaitemain #parisleather,Grabado de iniciales en piel gratuito en pedidos seleccionados,https://wa.me/33142784560,https://www.facebook.com/fauvetteparis,https://www.instagram.com/fauvette_paris,https://www.tiktok.com/@fauvetteparis,,,,,,,,https://www.fauvette-paris.com,
790,También Online,SI,SI,Francia,Île-de-France,París,,Marroquinería y calzado,H089,Craie Boutique,#craieboutique #maroquineriemodulable #cuirmetallise #frenchbag,Envío gratis a domicilio en pedidos desde 120€,https://wa.me/33478902030,https://www.facebook.com/craieboutique,https://www.instagram.com/craie_studio,https://www.tiktok.com/@craiestudio,,,,,,,,https://www.craie-studio.com,
791,También Online,SI,SI,Francia,Provence-Alpes-Côte d'Azur,Marsella,,Moda y marroquinería,H090,Sessùn,#sessun #marseillefashion #parisianchic #bohostyle,10% de bienvenida al registrarte en el boletín online,https://wa.me/33491540020,https://www.facebook.com/sessunofficiel,https://www.instagram.com/sessun,https://www.tiktok.com/@sessun,,,,,,,,https://www.sessun.com,
792,También Online,SI,SI,Francia,Île-de-France,París,,Moda femenina,H091,Tara Jarmon,#tarajarmon #colorfulluxury #frenchcouture #parisianelegance,10% de descuento en la primera compra de temporada con newsletter,https://wa.me/33153384848,https://www.facebook.com/tarajarmonparis,https://www.instagram.com/tarajarmon,https://www.tiktok.com/@tarajarmon,,,,,,,,https://www.tarajarmon.com,
793,También Online,SI,SI,Francia,Île-de-France,París,,Cosmética y cuidado personal,H092,Laboratoire Nuxe,#nuxeparis #huileprodigieuse #phytotherapie #naturalcosmetics,Bolsa de viaje con tres miniaturas en pedidos desde 45€,https://wa.me/33155304000,https://www.facebook.com/nuxefrance,https://www.instagram.com/nuxe,https://www.tiktok.com/@nuxe,,,,,,,,https://www.fr.nuxe.com,
794,También Online,SI,SI,Francia,Île-de-France,París,,Cosmética y cuidado personal,H093,Sisley Paris,#sisleyparis #phytocosmetology #frenchluxury #skincareexcellence,Dos muestras de lujo a elección gratis con cada compra,https://wa.me/33149553500,https://www.facebook.com/sisleyparisfrance,https://www.instagram.com/sisleyparisofficial,https://www.tiktok.com/@sisleyparis,,,,,,,,https://www.sisley-paris.com,
795,También Online,SI,SI,Francia,Île-de-France,París,,Cosmética y cuidado personal,H094,Garancia,#garanciaparis #pschittmagique #botanicalcosmetics #soinantiage,Miniatura de tratamiento icónico gratis en compras sobre 50€,https://wa.me/33145445050,https://www.facebook.com/garanciaparis,https://www.instagram.com/garanciaparis,https://www.tiktok.com/@garanciaparis,,,,,,,,https://www.garancia-beauty.com,
796,También Online,SI,SI,Francia,Île-de-France,París,,Cosmética y cuidado personal,H095,Pai Skincare Paris,#paiskincare #sensitiveskin #organicbeauty #certifiebio,15% de descuento en el primer pedido vía suscripción,https://wa.me/33170701020,https://www.facebook.com/paiskincare,https://www.instagram.com/paiskincare,https://www.tiktok.com/@paiskincare,,,,,,,,https://www.paiskincare.fr,
797,También Online,SI,SI,Francia,Île-de-France,París,,Decoración del hogar,H096,Jamini Design,#jaminidesign #blockprint #textilesindiens #artdevivreparis,10% de descuento en textiles con suscripción al boletín,https://wa.me/33142260200,https://www.facebook.com/jaminidesign,https://www.instagram.com/jaminidesign,https://www.tiktok.com/@jaminidesign,,,,,,,,https://www.jaminidesign.com,
798,También Online,SI,SI,Francia,Île-de-France,París,,Decoración del hogar,H097,La Cerise sur le Gâteau,#lacerisesurlegateau #lingedemaison #cotonbiologique #madeinfrance,Envío sin costo en compras superiores a 90€,https://wa.me/33297520010,https://www.facebook.com/lacerisesurlegateau,https://www.instagram.com/lacerisesurlegateau_,https://www.tiktok.com/@lacerisesurlegateau,,,,,,,,https://www.la-cerise-sur-le-gateau.com,
799,También Online,SI,SI,Francia,Île-de-France,París,,Moda íntima y baño,H098,Lingerie Henriette H,#henrietteh #culottebrodee #lingeriefrancaise #broderiepersonnalisee,Bordado de iniciales sin cargo en pedidos superiores a 120€,https://wa.me/33142330101,https://www.facebook.com/henriettehparis,https://www.instagram.com/henrietteh,https://www.tiktok.com/@henrietteh,,,,,,,,https://www.henrietteh.com,
800,También Online,SI,SI,Francia,Île-de-France,París,,Moda femenina y novias,H099,Lorafolk,#lorafolk #robedemarieeparis #dentellecalais #frenchcouture,Funda protectora de viaje de algodón incluida con cada vestido,https://wa.me/33142360248,https://www.facebook.com/lorafolkparis,https://www.instagram.com/lorafolk,https://www.tiktok.com/@lorafolk,,,,,,,,https://www.lorafolk.com,
801,También Online,SI,SI,Francia,Île-de-France,París,,Moda femenina,H100,Manoush,#manoushparis #bohemianluxury #parisianstyle #colorfullife,10% de bienvenida al suscribirte a la comunidad online,https://wa.me/33142333030,https://www.facebook.com/manoushofficiel,https://www.instagram.com/manoush_officiel,https://www.tiktok.com/@manoush,,,,,,,,https://www.manoush.com,
802,También Online,SI,SI,Corea del Sur,Seúl,Seúl,,Moda Femenina,I001,Stylenanda,#stylenanda #koreanfashion #seoulstyle #kfashion,"Envío gratis en compras nacionales superiores a 50,000 KRW",,.,https://www.instagram.com/stylenanda_korea,.,,,,,,,https://pf.kakao.com/_xgmDPl,https://stylenanda.com,
803,También Online,SI,NO,Corea del Sur,Seúl,Seúl,,Cosmética y Maquillaje,I002,Jung Saem Mool,#jungsaemmool #jsmbeauty #kbeauty #koreanmakeup,"Regalo especial de muestras con compras superiores a 30,000 KRW",,.,https://www.instagram.com/jsmbeauty_,.,,,,,,,https://pf.kakao.com/_xkZcxcC,https://www.jsmbeauty.com,
804,También Online,SI,SI,Corea del Sur,Seúl,Seúl,,Joyería y Accesorios,I003,Numbering,#numberingjewelry #koreanjewelry #seouldesign #silverjewelry,10% de descuento en el primer pedido al registrarse como miembro,,.,https://www.instagram.com/numbering_official,.,,,,,,,https://pf.kakao.com/_xjpxnxl,https://numberingseoul.com,
805,También Online,SI,SI,Corea del Sur,Seúl,Seúl,,Cosmética / Cuidado Personal,I004,Laka,#lakacosmetics #genderneutralbeauty #kbeauty #koreancosmetics,"Descuento de 3,000 KRW al suscribirse al boletín oficial",,.,https://www.instagram.com/laka.official,.,,,,,,,https://pf.kakao.com/_xiExexl,https://laka.co.kr,
806,También Online,SI,SI,Corea del Sur,Seúl,Seúl,,Moda Femenina,I005,Matin Kim,#matinkim #seoulstreetwear #kfashion #contemporaryfashion,"Envío gratuito en pedidos superiores a 100,000 KRW",,.,https://www.instagram.com/matinkim_magazine,.,,,,,,,https://pf.kakao.com/_xlxgvuxb,https://matinkim.com,
807,También Online,SI,SI,Corea del Sur,Seúl,Seúl,,Moda Femenina,I006,Minjukim,#minjukim #koreandesigner #seoulfashion #runwayfashion,10% de descuento de bienvenida en la primera compra web,,.,https://www.instagram.com/minjukimofficial,.,,,,,,,https://pf.kakao.com/_xbxjxeG,https://minjukim.co,
808,También Online,SI,SI,Corea del Sur,Seúl,Seúl,,Moda Femenina y Denim,I007,Instantfunk,#instantfunk #kfashionstyle #seouldenim #streetcasual,Cupón de descuento de bienvenida del 5% tras el registro,,.,https://www.instagram.com/instantfunk_official,.,,,,,,,https://pf.kakao.com/_xmxbuxd,https://instantfunk.co.kr,
809,También Online,SI,SI,Corea del Sur,Seúl,Seúl,,Moda Femenina Contemporánea,I008,Andersson Bell,#anderssonbell #koreancontemporary #seoulconcept #kfashion,"Envío sin costo adicional en órdenes mayores a 80,000 KRW",,.,https://www.instagram.com/anderssonbell,.,,,,,,,https://pf.kakao.com/_xkxnlvC,https://anderssonbell.com,
810,También Online,SI,SI,Corea del Sur,Seúl,Seúl,,Marroquinería y Bolsos,I009,Osoi,#osoibags #koreandesignerbags #leatheraccessories #minimalbag,5% de descuento en el primer pedido al crear cuenta web,,.,https://www.instagram.com/osoi_official,.,,,,,,,https://pf.kakao.com/_xgpxmxd,https://osoi.co.kr,
811,También Online,SI,SI,Corea del Sur,Seúl,Seúl,,Calzado Femenino,I010,Salondeju,#salondeju #koreanshoes #designershoes #seoulheels,"Envío nacional gratis en compras superiores a 150,000 KRW",,.,https://www.instagram.com/salondeju_official,.,,,,,,,https://pf.kakao.com/_xixdxdxb,https://salondeju.com,
812,También Online,SI,SI,Corea del Sur,Seúl,Seúl,,Moda Femenina,I011,EENK,#eenk #koreandesigner #luxuryreadytowear #seoullook,10% de descuento exclusivo para miembros en nueva colección,,.,https://www.instagram.com/eenk_official,.,,,,,,,https://pf.kakao.com/_cxexdxb,https://eenk.co.kr,
813,También Online,SI,SI,Corea del Sur,Seúl,Seúl,,Cosmética / Cuidado Personal,I012,Hince,#hincemakeup #moodnarrative #kbeautyglow #koreancosmetics,"Set de miniaturas de regalo en pedidos superiores a 40,000 KRW",,.,https://www.instagram.com/hince_official,.,,,,,,,https://pf.kakao.com/_xnxexbl,https://hince.co.kr,
814,También Online,SI,SI,Corea del Sur,Seúl,Seúl,,Moda Femenina,I013,Grove Store,#grovestore #seoulchic #casualcontemporary #kfashionwomen,"Cupón de 5,000 KRW de bienvenida tras registro en web",,.,https://www.instagram.com/grovestore,.,,,,,,,https://pf.kakao.com/_Jpxhxb,https://grovestore.com,
815,También Online,SI,SI,Corea del Sur,Seúl,Seúl,,Moda Femenina,I014,Sienne,#sienneboutique #parisianchic #koreancasual #vintageinspired,"Envío gratis en todas las compras a partir de 70,000 KRW",,.,https://www.instagram.com/sienne.boutique,.,,,,,,,https://pf.kakao.com/_xhxdnxb,https://sienneboutique.com,
816,También Online,SI,SI,Corea del Sur,Seúl,Seúl,,Cosmética y Fragancias,I015,Nonfiction,#nonfictionbeauty #koreanfragrance #bodycare #seoulperfume,"Bolsa de tela de regalo con compras superiores a 60,000 KRW",,.,https://www.instagram.com/o_nonfiction,.,,,,,,,https://pf.kakao.com/_mxmxuxl,https://nonfiction-beauty.com,
817,También Online,SI,SI,Corea del Sur,Seúl,Seúl,,Moda Femenina,I016,Theopen Product,#theopenproduct #koreanstreetwear #modernchic #contemporarybrand,10% de descuento en la primera compra tras suscripción,,.,https://www.instagram.com/theopen_product,.,,,,,,,https://pf.kakao.com/_JgexgK,https://theopenproduct.com,
818,También Online,SI,SI,Corea del Sur,Seúl,Seúl,,Moda Femenina,I017,Re Rhee,#rerhee #seoulfashionweek #koreandesigner #contemporarychic,"Envío gratuito nacional en órdenes mayores a 100,000 KRW",,.,https://www.instagram.com/rerhee_official,.,,,,,,,https://pf.kakao.com/_xpxfuxl,https://rerhee.com,
819,También Online,SI,SI,Corea del Sur,Seúl,Seúl,,Marroquinería y Bolsos,I018,Minitmute,#minitmute #leathercraft #koreandesignerbag #compactbag,"Regalo de guardapolvo premium con compras superiores a 150,000 KRW",,.,https://www.instagram.com/minitmute_official,.,,,,,,,https://pf.kakao.com/_pxmxixl,https://minitmute.com,
820,También Online,SI,SI,Corea del Sur,Seúl,Seúl,,Moda Femenina,I019,Kijun,#kijun #koreancouture #retromodern #seoulstyle,5% de descuento al suscribirse a las noticias del sitio web,,.,https://www.instagram.com/kijun_official,.,,,,,,,https://pf.kakao.com/_axaxgxb,https://kijun.co,
821,También Online,SI,SI,Corea del Sur,Seúl,Seúl,,Moda Femenina,I020,Lookast,#lookast #kfashiononline #koreancoat #casualchic,"Cupón de bienvenida de 10,000 KRW al registrarse en el sitio",,.,https://www.instagram.com/lookast,.,,,,,,,https://pf.kakao.com/_NxoAxl,https://lookast.com,
822,También Online,SI,SI,Corea del Sur,Seúl,Seúl,,Cosmética y Labiales,I021,Muzigae Mansion,#muzigaemansion #vegancosmetics #kbeautytrends #objectliquid,Descuento del 10% en el primer pedido en la tienda online,,.,https://www.instagram.com/muzigae_mansion,.,,,,,,,https://pf.kakao.com/_xixbxkG,https://muzigae-mansion.com,
823,También Online,SI,SI,Corea del Sur,Seúl,Seúl,,Moda Femenina,I022,Threetimes,#threetimes #y2kfashion #koreanstyle #trendywear,"Envío gratuito en pedidos nacionales superiores a 80,000 KRW",,.,https://www.instagram.com/threetimes.co.kr,.,,,,,,,https://pf.kakao.com/_kxkxoxb,https://threetimes.co.kr,
824,También Online,SI,SI,Corea del Sur,Seúl,Seúl,,Marroquinería y Bolsos,I023,Find Kapoor,#findkapoor #designerhandbag #koreanitbag #fashionaccessories,Hasta 30% de descuento en la sección de temporada seleccionada,,.,https://www.instagram.com/findkapoor,.,,,,,,,https://pf.kakao.com/_nxexdxl,https://findkapoor.com,
825,También Online,SI,SI,Corea del Sur,Seúl,Seúl,,Cosmética / Cuidado Personal,I024,Abib,#abib #cleanbeauty #koreanskincare #minimalisticskincare,"Envío sin costo a partir de 30,000 KRW de compra",,.,https://www.instagram.com/abib.official,.,,,,,,,https://pf.kakao.com/_xfuxgxb,https://abib.com,
826,También Online,SI,SI,Corea del Sur,Seúl,Seúl,,Decoración del Hogar y Papelería,I025,Kitty Bunny Pony,#kittybunnypony #koreantextile #fabricdesign #homeaccessories,"Envío gratis nacional en compras que superen los 50,000 KRW",,.,https://www.instagram.com/kittybunnypony,.,,,,,,,https://pf.kakao.com/_xmxdxdl,https://kittybunnypony.com,
827,También Online,SI,SI,Corea del Sur,Seúl,Seúl,,Decoración del Hogar y Vajilla,I026,Polabath,#polabath #koreanceramics #tablesetting #interiorlifestyle,5% de descuento al suscribirse al boletín informativo,,.,https://www.instagram.com/polabath_official,.,,,,,,,https://pf.kakao.com/_Zxnuxb,https://polabath.com,
828,También Online,SI,NO,Corea del Sur,Seúl,Seúl,,Moda Femenina,I027,Dunst,#dunst #genderlessfashion #minimalfashion #seoulstreetstyle,10% de descuento en la primera orden al registrarse,,.,https://www.instagram.com/dunst_official,.,,,,,,,https://pf.kakao.com/_Kxaxuxb,https://dunststudio.com,
829,También Online,SI,SI,Corea del Sur,Seúl,Seúl,,Cosmética / Skincare,I028,Dear Dahlia,#deardahlia #veganbeauty #luxurycosmetics #crueltyfreebeauty,"Set especial de regalo por compras superiores a 50,000 KRW",,.,https://www.instagram.com/deardahlia_beauty,.,,,,,,,https://pf.kakao.com/_fxnxixb,https://deardahlia.com,
830,También Online,SI,SI,Corea del Sur,Seúl,Seúl,,Moda Femenina y Accesorios,I029,Margarin Fingers,#margarinfingers #girlishmood #koreangirlstyle #retrochic,"Cupón de bienvenida de 3,000 KRW para nuevos miembros",,.,https://www.instagram.com/margarinfingers,.,,,,,,,https://pf.kakao.com/_pxaxcxb,https://margarinfingers.com,
831,También Online,SI,SI,Corea del Sur,Seúl,Seúl,,Calzado Femenino,I030,Suecomma Bonnie,#suecommabonnie #designershoes #koreansneakers #luxuryfootwear,Cupón de 10% de descuento en la app oficial de la marca,,.,https://www.instagram.com/suecommabonnie,.,,,,,,,https://pf.kakao.com/_hxaxbxb,https://kolonmall.com,
832,También Online,SI,SI,Corea del Sur,Seúl,Seúl,,Moda Femenina,I031,Cahiers,#cahiers #koreandesigner #femininecouture #seoulfashionweek,"Envío nacional gratuito en compras superiores a 100,000 KRW",,.,https://www.instagram.com/cahiers_official,.,,,,,,,https://pf.kakao.com/_gxgxaxb,https://cahiers.co.kr,
833,También Online,SI,SI,Corea del Sur,Seúl,Seúl,,Joyería y Accesorios,I032,Vintage Hollywood,#vintagehollywood #kpopjewelry #seoulaccessories #pearlnecklace,"Envío gratis en compras que alcancen los 50,000 KRW",,.,https://www.instagram.com/vintagehollywood2,.,,,,,,,https://pf.kakao.com/_Vxlxbxb,https://vintagehollywood.co.kr,
834,También Online,SI,SI,Corea del Sur,Seúl,Seúl,,Joyería Fina y Plata,I033,Hei Jewelry,#heijewelry #silveraccessories #dailyearrings #koreanjewelry,5% de descuento en la primera compra tras darse de alta,,.,https://www.instagram.com/hei_jewelry,.,,,,,,,https://pf.kakao.com/_fxnxbxd,https://heijewelry.com,
835,También Online,SI,SI,Corea del Sur,Seúl,Seúl,,Moda Femenina,I034,Bemuse Mansion,#bemusemansion #contemporarywear #classicmood #femininedetail,10% de descuento de bienvenida en la primera orden,,.,https://www.instagram.com/bemusemansion,.,,,,,,,https://pf.kakao.com/_hxaxmxd,https://bemusemansion.com,
836,También Online,SI,SI,Corea del Sur,Seúl,Seúl,,Moda Femenina,I035,Etmon,#etmon #romanticlook #contemporarychic #resortwear,"Envío gratis a nivel nacional en pedidos mayores a 70,000 KRW",,.,https://www.instagram.com/etmon_official,.,,,,,,,https://pf.kakao.com/_Lxlxbxb,https://etmon.co.kr,
837,También Online,SI,SI,Corea del Sur,Seúl,Seúl,,Moda Femenina,I036,Nothing Written,#nothingwritten #understatedchic #quietluxury #koreanminimalism,"Envío gratis a partir de compras de 100,000 KRW",,.,https://www.instagram.com/nothingwritten.kr,.,,,,,,,https://pf.kakao.com/_mxexaxb,https://nothing-written.com,
838,También Online,SI,SI,Corea del Sur,Seúl,Seúl,,Cosmética y Fragancias,I037,Tamburins,#tamburins #sensorialperfume #koreanfragrance #luxuryperfume,Muestra exclusiva de crema de manos en compras seleccionadas,,.,https://www.instagram.com/tamburinsofficial,.,,,,,,,https://pf.kakao.com/_xgmDPl,https://tamburins.com,
839,También Online,SI,SI,Corea del Sur,Seúl,Seúl,,Moda Femenina,I038,Recto,#recto #contemporaryfashion #seouldesigner #modernclassic,"Envío estándar gratuito en compras superiores a 200,000 KRW",,.,https://www.instagram.com/recto_officiel,.,,,,,,,https://pf.kakao.com/_txnxmxb,https://recto.co,
840,También Online,SI,SI,Corea del Sur,Seúl,Seúl,,Moda Infantil,I039,Monbebe,#monbebe #koreanbabyclothing #neutraltones #babyromper,"Envío gratis a partir de compras superiores a 50,000 KRW",,.,https://www.instagram.com/monbebe_official,.,,,,,,,https://pf.kakao.com/_lxjxbxb,https://monbebe.co.kr,
841,También Online,SI,SI,Corea del Sur,Seúl,Seúl,,Moda Infantil,I040,Aosta,#aostakids #koreanbabywear #linenclothing #kidsfashion,5% de descuento al registrar una nueva cuenta web,,.,https://www.instagram.com/aosta_official,.,,,,,,,https://pf.kakao.com/_Jxexbxb,https://aostakids.com,
842,También Online,SI,SI,Corea del Sur,Seúl,Seúl,,Moda Infantil,I041,Lala Market,#lalamarket #koreankidsstyle #toddlerfashion #dailykidslook,"Cupón de bienvenida de 3,000 KRW tras registro de membresía",,.,https://www.instagram.com/lala__official,.,,,,,,,https://pf.kakao.com/_vxkxdxb,https://lalamarket.kr,
843,También Online,SI,SI,Corea del Sur,Gyeonggi-do,Seongnam,,Cosmética / Cuidado Personal,I042,Dr. Ceuracle,#drceuracle #vegankombucha #dermatologycare #kbeautybrand,20% de descuento en la primera compra para nuevos suscriptores,,.,https://www.instagram.com/dr.ceuracle_global,.,,,,,,,https://pf.kakao.com/_zxlxbxb,https://drceuracle.com,
844,También Online,SI,SI,Corea del Sur,Seúl,Seúl,,Cosmética / Skincare,I043,Klairs,#dearklairs #veganskincare #sensitiveskin #crueltyfreebeauty,"Envío gratuito para pedidos locales a partir de 30,000 KRW",,.,https://www.instagram.com/klairs.global,.,,,,,,,https://pf.kakao.com/_bxaxcxb,https://klairs.com,
845,También Online,SI,SI,Corea del Sur,Seúl,Seúl,,Cosmética / Skincare,I044,Beauty of Joseon,#beautyofjoseon #hanbangskincare #glowserum #kbeautyskincare,Muestras de sueros tradicionales gratuitas con cada pedido,,.,https://www.instagram.com/beautyofjoseon_official,.,,,,,,,https://pf.kakao.com/_gxjxbxb,https://beautyofjoseon.com,
846,También Online,SI,SI,Corea del Sur,Seúl,Seúl,,Moda Femenina y Tejidos,I045,Misu A Barbe,#misuabarbe #crochetart #handmadestore #koreanaccessories,10% de descuento en compras web con código de suscripción,,.,https://www.instagram.com/misuabarbe,.,,,,,,,https://pf.kakao.com/_Kxixaxb,https://misuabarbe.com,
847,También Online,SI,SI,Corea del Sur,Seúl,Seúl,,Marroquinería y Bolsos,I046,Samo Ondoh,#samoondoh #pillowbag #contemporarybags #seoulaccessories,"Envío gratis en compras que alcancen los 70,000 KRW",,.,https://www.instagram.com/samo_ondoh,.,,,,,,,https://pf.kakao.com/_Qxnxbxb,https://samoondoh.com,
848,También Online,SI,SI,Corea del Sur,Seúl,Seúl,,Moda Femenina,I047,Treemingbird,#treemingbird #kfashionlook #baggypants #koreanstreetwear,Cupón de descuento de bienvenida del 5% al registrarse,,.,https://www.instagram.com/treemingbird_official,.,,,,,,,https://pf.kakao.com/_Vxnxmxd,https://treemingbird.com,
849,También Online,SI,SI,Corea del Sur,Seúl,Seúl,,Moda Femenina,I048,Sunburnproject,#sunburnproject #leatherapparel #koreantrend #contemporarydaily,"Envío nacional gratis en pedidos mayores a 100,000 KRW",,.,https://www.instagram.com/sunburnproject,.,,,,,,,https://pf.kakao.com/_jxdxdxb,https://sunburnproject.com,
850,También Online,SI,SI,Corea del Sur,Seúl,Seúl,,Decoración del Hogar y Accesorios,I049,Wiggle Wiggle,#wigglewiggle #colorfulhome #cuteaccessories #lifestylebrand,"Envío gratis en compras de accesorios mayores a 30,000 KRW",,.,https://www.instagram.com/wigglewiggle.ny,.,,,,,,,https://pf.kakao.com/_gxeAxl,https://wiggle-wiggle.com,
851,También Online,SI,SI,Corea del Sur,Seúl,Seúl,,Decoración del Hogar y Textiles,I050,Dropdropdrop,#dropdropdrop #graphicpattern #koreantextile #livinginterior,"Cupón de 3,000 KRW de descuento al suscribirse como miembro",,.,https://www.instagram.com/dropdropdrop_story,.,,,,,,,https://pf.kakao.com/_axnxbxd,https://dropdropdrop.com,
852,También Online,SI,SI,Corea del Sur,Seúl,Seúl,,Moda Femenina,I051,DINT,#dint #dintkorea #koreanfashion #luxurystyle,Envío express mundial gratuito en compras mayores a 300 SGD,,,https://www.instagram.com/dint_official,,,,,,,,https://pf.kakao.com/_xnxexdxb,https://dintkorea.com,
853,También Online,SI,SI,Corea del Sur,Seúl,Seúl,,Cosmética y Maquillaje,I052,TIRTIR,#tirtir #cushionfoundation #maskfitredcushion #kbeauty,"Regalo de mini cushion en compras web superiores a 40,000 KRW",,,https://www.instagram.com/tirtir_official,,,,,,,,https://pf.kakao.com/_kxbkxb,https://tirtir.co.kr,
854,También Online,SI,SI,Corea del Sur,Seúl,Seúl,,Cosmética / Maquillaje,I053,Dasique,#dasique #eyeshadowpalette #kbeautylovers #koreanmakeup,5% de descuento en el primer pedido tras crear cuenta web,,,https://www.instagram.com/dasique_official,,,,,,,,https://pf.kakao.com/_exbxnxb,https://dasique.co.kr,
855,También Online,SI,SI,Corea del Sur,Seúl,Seúl,,Cosmética / Cuidado Personal,I054,Haruharu Wonder,#haruharuwonder #blackricehyaluronic #veganskincare #kbeauty,"Envío gratuito a partir de 30,000 KRW de compra nacional",,,https://www.instagram.com/haruharuwonder_official,,,,,,,,https://pf.kakao.com/_ixdxnxb,https://haruharu.co.kr,
856,También Online,SI,SI,Corea del Sur,Seúl,Seúl,,Cosmética / Skincare,I055,AXIS-Y,#axisy #climateinspiredskincare #darkspotserum #vegankbeauty,10% de descuento en el primer pedido al unirse al newsletter,,,https://www.instagram.com/axisy_official,,,,,,,,https://pf.kakao.com/_lxbxdxb,https://axis-y.com,
857,También Online,SI,SI,Corea del Sur,Seúl,Seúl,,Marroquinería y Bolsos,I056,Marhen.J,#marhenj #veganleatherbag #ecobag #koreancanvasbag,Cupón de descuento del 10% para nuevos miembros registrados,,,https://www.instagram.com/marhen.j,,,,,,,,https://pf.kakao.com/_txcxexb,https://marhenj.com,
858,También Online,SI,SI,Corea del Sur,Seúl,Seúl,,Marroquinería y Bolsos,I057,Joseph & Stacey,#josephandstacey #pleatsbag #koreandesignerbag #knitbag,"Envío gratis nacional en compras que alcancen los 50,000 KRW",,,https://www.instagram.com/josephandstacey,,,,,,,,https://pf.kakao.com/_zxbxdxb,https://josephandstacey.com,
859,También Online,SI,SI,Corea del Sur,Seúl,Seúl,,Marroquinería y Bolsos,I058,Pleats Mama,#pleatsmama #recycledfashion #ecofriendlybag #sustainablekorea,"Cupón de bienvenida de 3,000 KRW tras suscripción en web",,,https://www.instagram.com/pleatsmama,,,,,,,,https://pf.kakao.com/_ixbxaxb,https://pleatsmama.com,
860,También Online,SI,SI,Corea del Sur,Seúl,Seúl,,Marroquinería y Accesorios,I059,Fennec,#fennec #fennecseoul #leatherwallet #minibag,"Envío gratis en compras que superen los 60,000 KRW",,,https://www.instagram.com/fennecseoul,,,,,,,,https://pf.kakao.com/_axfxmxd,https://fennec.co.kr,
861,También Online,SI,SI,Corea del Sur,Seúl,Seúl,,Joyería y Accesorios,I060,Monday Edition,#mondayedition #koreanjewelry #pearldesign #statementjewelry,Descuento del 5% en la primera compra de bienvenida,,,https://www.instagram.com/mondayeditionseoul,,,,,,,,https://pf.kakao.com/_uxixcxb,https://monday-edition.co.kr,
862,También Online,SI,SI,Corea del Sur,Seúl,Seúl,,Joyería Fina y Accesorios,I061,J.Estina,#jestina #jestinajewelry #tiara #koreanjewelry,Hasta 20% de descuento en piezas seleccionadas de temporada,,,https://www.instagram.com/j.estina_official,,,,,,,,https://pf.kakao.com/_gxbxlxb,https://jestina.co.kr,
863,También Online,SI,SI,Corea del Sur,Seúl,Seúl,,Moda Femenina,I062,Kye,#kyeseoul #kfashiondesigner #seoulfashionweek #streetluxe,10% de descuento en la tienda web oficial para nuevos clientes,,,https://www.instagram.com/kye_official,,,,,,,,https://pf.kakao.com/_axnxbxd,https://eykye.com,
864,También Online,SI,SI,Corea del Sur,Seúl,Seúl,,Moda Femenina y Sastrería,I063,Beside You,#besideyou #koreantailoring #seoulminimalism #contemporarywomen,"Envío nacional gratis en pedidos mayores a 100,000 KRW",,,https://www.instagram.com/besideyou_official,,,,,,,,https://pf.kakao.com/_nxexmxb,https://besideyou.co.kr,
865,También Online,SI,SI,Corea del Sur,Seúl,Seúl,,Marroquinería y Bolsos,I064,Dierneas,#dierneas #koreandesignerbags #ecoleather #seoulstyle,10% de descuento de bienvenida en la primera orden,,,https://www.instagram.com/dierneas.official,,,,,,,,https://pf.kakao.com/_mxixbxb,https://dierneas.com,
866,También Online,SI,SI,Corea del Sur,Seúl,Seúl,,Marroquinería y Bolsos,I065,Alice Martha,#alicemartha #minimalbag #koreanveganbag #dailybag,"Envío gratis en compras nacionales a partir de 40,000 KRW",,,https://www.instagram.com/alicemartha_official,,,,,,,,https://pf.kakao.com/_dxhxbxb,https://alicemartha.com,
867,También Online,SI,SI,Corea del Sur,Seúl,Seúl,,Calzado Femenino,I066,Rachel Cox,#rachelcox #koreanshoes #designerpumps #classicfootwear,"Cupón de descuento de 10,000 KRW al registrarse como socio",,,https://www.instagram.com/rachelcox_official,,,,,,,,https://pf.kakao.com/_qxbxlxb,https://rachelcox.co.kr,
868,También Online,SI,SI,Corea del Sur,Seúl,Seúl,,Calzado Femenino,I067,Chaussure Lapin,#chaussurelapin #handmadeshoes #koreanshoes #retroshoes,"Envío nacional gratuito en compras superiores a 150,000 KRW",,,https://www.instagram.com/chaussurelapin_official,,,,,,,,https://pf.kakao.com/_xxmxbxb,https://chaussurelapin.com,
869,También Online,SI,SI,Corea del Sur,Seúl,Seúl,,Moda Femenina,I068,Notia,#notia #koreanminimal #cleanwear #contemporarylook,"Cupón de 5,000 KRW tras registro de membresía oficial",,,https://www.instagram.com/notia.official,,,,,,,,https://pf.kakao.com/_pxaxmxb,https://notia.co.kr,
870,También Online,SI,SI,Corea del Sur,Seúl,Seúl,,Moda Femenina,I069,Open Yy,#openyy #contemporarykorea #sisterdesigners #seoulstreetwear,"Envío gratuito en compras superiores a 120,000 KRW",,,https://www.instagram.com/openyy_official,,,,,,,,https://pf.kakao.com/_lxexaxb,https://openyy-official.com,
871,También Online,SI,SI,Corea del Sur,Seúl,Seúl,,Cosmética / Skincare,I070,Yadah,#yadahcosmetics #greenteacleansingbalm #sensitiveskincare #cleanbeauty,"Regalo de mini bálsamo limpiador con compras mayores a 30,000 KRW",,,https://www.instagram.com/yadah_korea,,,,,,,,https://pf.kakao.com/_zxbxdxb,https://yadah.co.kr,
872,También Online,SI,SI,Corea del Sur,Seúl,Seúl,,Cosmética y Fragancias,I071,Granhand,#granhand #koreanfragrance #perfumesachet #seoulscent,Muestra de perfume botánico en compras web oficiales,,,https://www.instagram.com/granhand_official,,,,,,,,https://pf.kakao.com/_dxbxmxb,https://granhand.com,
873,También Online,SI,SI,Corea del Sur,Seúl,Seúl,,Cosmética / Cuidado Personal,I072,Sioris,#sioris #freshskincare #cleanbeautykorea #organicfarming,"Envío sin costo adicional a partir de 30,000 KRW",,,https://www.instagram.com/sioris_official,,,,,,,,https://pf.kakao.com/_kxdxdxb,https://sioris.co.kr,
874,También Online,SI,SI,Corea del Sur,Seúl,Seúl,,Cosmética y Cuidado Capilar,I073,Aromatica,#aromatica #sustainablecosmetics #cleanhaircare #aromatherapy,15% de descuento en el primer pedido al suscribirse,,,https://www.instagram.com/aromatica.life,,,,,,,,https://pf.kakao.com/_hxhxdxl,https://aromatica.co.kr,
875,También Online,SI,SI,Corea del Sur,Seúl,Seúl,,Moda Femenina,I074,Avam,#avam #avamapparel #morningandnight #dailycontemporary,Cupón de descuento de bienvenida del 5% tras el registro,,,https://www.instagram.com/avam_korea,,,,,,,,https://pf.kakao.com/_fxaxmxb,https://avam.kr,
876,También Online,SI,SI,Corea del Sur,Seúl,Seúl,,Moda Femenina,I075,Pain or Pleasure,#painorpleasure #balletcore #koreantrend #subtlefeminine,"Envío nacional gratis en órdenes mayores a 80,000 KRW",,,https://www.instagram.com/painorpleasure_official,,,,,,,,https://pf.kakao.com/_uxfxbxb,https://painorpleasure.co.kr,
877,También Online,SI,SI,Corea del Sur,Seúl,Seúl,,Moda Femenina,I076,The Barnnet,#thebarnnet #vintageclassics #seoulfashion #romanticwardrobe,"Envío gratuito nacional en compras a partir de 100,000 KRW",,,https://www.instagram.com/thebarnnet,,,,,,,,https://pf.kakao.com/_xxixaxb,https://thebarnnet.com,
878,También Online,SI,SI,Corea del Sur,Seúl,Seúl,,Moda Femenina,I077,Ganni Lab (Leey),#leey #seouldesigner #koreangrunge #y2kseoul,10% de descuento en la primera compra de temporada,,,https://www.instagram.com/leey.official,,,,,,,,https://pf.kakao.com/_uxbxbxb,https://theleey.com,
879,También Online,SI,SI,Corea del Sur,Seúl,Seúl,,Moda Femenina y Tejidos,I078,Diagonal,#diagonalseoul #knitwearbrand #koreanstreetwear #modernfemme,"Cupón de 3,000 KRW tras registro en tienda online",,,https://www.instagram.com/diagonal_official,,,,,,,,https://pf.kakao.com/_nxnxixb,https://diagonal.co.kr,
880,También Online,SI,SI,Corea del Sur,Seúl,Seúl,,Moda Femenina,I079,Moia,#moia #linenlook #seoulminimal #quietchic,"Envío gratuito en compras superiores a 100,000 KRW",,,https://www.instagram.com/moiastudios,,,,,,,,https://pf.kakao.com/_uxbxmxb,https://moia.co.kr,
881,También Online,SI,SI,Corea del Sur,Seúl,Seúl,,Moda Femenina,I080,Depound,#depound #canvasbag #seoullifestyle #frenchchic,"Bolsa de compras con diseño exclusivo en órdenes mayores a 70,000 KRW",,,https://www.instagram.com/depound,,,,,,,,https://pf.kakao.com/_dxhxixb,https://depound.com,
882,También Online,SI,SI,Corea del Sur,Seúl,Seúl,,Joyería y Accesorios,I081,Portrait Report,#portraitreport #koreanjewelry #contemporaryearrings #seouldesign,"Envío gratis en todas las compras a partir de 80,000 KRW",,,https://www.instagram.com/portrait_report,,,,,,,,https://pf.kakao.com/_mxaxcxb,https://portraitreport.com,
883,También Online,SI,SI,Corea del Sur,Seúl,Seúl,,Joyería Fina y Accesorios,I082,1064 Studio,#1064studio #sculpturaljewelry #seouldesigner #artisticjewelry,10% de descuento en primera orden para usuarios registrados,,,https://www.instagram.com/1064_studio,,,,,,,,https://pf.kakao.com/_cxexaxb,https://1064studio.com,
884,También Online,SI,SI,Corea del Sur,Seúl,Seúl,,Joyería de Diseño,I083,Space Oddity,#spaceoddityjewelry #koreansilver #uniquegems #handcrafted,5% de descuento en suscripción al newsletter de novedades,,,https://www.instagram.com/spaceoddity_official,,,,,,,,https://pf.kakao.com/_lxixbxb,https://space-oddity.co.kr,
885,También Online,SI,SI,Corea del Sur,Seúl,Seúl,,Joyería y Accesorios,I084,Alainn,#alainnjewelry #kpopstyle #dailyjewelry #goldplated,"Envío gratis a partir de compras de 40,000 KRW",,,https://www.instagram.com/alainn_kr,,,,,,,,https://pf.kakao.com/_fxixaxb,https://alainn.kr,
886,También Online,SI,SI,Corea del Sur,Seúl,Seúl,,Decoración del Hogar y Cerámica,I085,Warmgreytail,#warmgreytail #koreanillustration #homedecor #artprint,"Envío nacional gratis en compras mayores a 50,000 KRW",,,https://www.instagram.com/warmgreytail,,,,,,,,https://pf.kakao.com/_ixdxbxb,https://warmgreytail.com,
887,También Online,SI,SI,Corea del Sur,Seúl,Seúl,,Decoración del Hogar y Textiles,I086,Inus Home,#inushome #livingtextile #koreanhomedecor #fabricposter,"Cupón de 3,000 KRW de descuento al suscribirse como cliente nuevo",,,https://www.instagram.com/inushome_official,,,,,,,,https://pf.kakao.com/_pxmxdxb,https://inushome.com,
888,También Online,SI,SI,Corea del Sur,Seúl,Seúl,,Decoración y Estilo de Vida,I087,Rooming,#roomingseoul #designfurniture #livinginterior #seoulhome,5% de descuento en accesorios de diseño tras registro web,,,https://www.instagram.com/rooming_official,,,,,,,,https://pf.kakao.com/_cxaxmxb,https://rooming.co.kr,
889,También Online,SI,SI,Corea del Sur,Seúl,Seúl,,Decoración y Papelería de Diseño,I088,Ohyoufancyhuh,#ohyoufancyhuh #stationerydesign #objectdesign #koreanlifestyle,"Envío gratis en compras que alcancen los 40,000 KRW",,,https://www.instagram.com/ohyoufancyhuh,,,,,,,,https://pf.kakao.com/_zxbxixb,https://fancyhuh.com,
890,También Online,SI,SI,Corea del Sur,Seúl,Seúl,,Moda Infantil,I089,Bien a Bien,#bienabien #koreanbabywear #kidsbasics #seoulkidsfashion,"Envío nacional gratis en órdenes mayores a 50,000 KRW",,,https://www.instagram.com/bienabien_official,,,,,,,,https://pf.kakao.com/_nxixaxb,https://bienabien.com,
891,También Online,SI,SI,Corea del Sur,Seúl,Seúl,,Moda Infantil,I090,BeneBene,#benebene #classicchildhood #koreankidsstyle #linenbabywear,10% de descuento en la colección de temporada para socios web,,,https://www.instagram.com/benebene_official,,,,,,,,https://pf.kakao.com/_axfxaxb,https://benebene.co.kr,
892,También Online,SI,SI,Corea del Sur,Seúl,Seúl,,Moda Infantil,I091,Anggo,#anggokids #koreantoddler #neutralbaby #aestheticbabyclothes,"Cupón de 3,000 KRW de descuento tras completar registro",,,https://www.instagram.com/anggo_official,,,,,,,,https://pf.kakao.com/_uxbxlxb,https://anggo.kr,
893,También Online,SI,SI,Corea del Sur,Seúl,Seúl,,Moda Infantil,I092,Lala & More,#lalaandmore #childrenswear #organicbaby #koreankidsboutique,"Envío sin costo adicional a partir de 60,000 KRW",,,https://www.instagram.com/lalaandmore_official,,,,,,,,https://pf.kakao.com/_mxixmxb,https://lalaandmore.com,
894,También Online,SI,SI,Corea del Sur,Seúl,Seúl,,Moda Femenina y Baño,I093,Agnel,#agnel #corsetswimwear #koreanswimwear #resortlook,10% de descuento en trajes de baño al registrar cuenta,,,https://www.instagram.com/agnel_official,,,,,,,,https://pf.kakao.com/_pxaxbxb,https://agnel.co.kr,
895,También Online,SI,SI,Corea del Sur,Seúl,Seúl,,Moda Femenina y Baño,I094,Qua Vino,#quavino #swimwearcouture #resortcollection #koreanbeachwear,"Envío gratuito en compras nacionales superiores a 70,000 KRW",,,https://www.instagram.com/quavino,,,,,,,,https://pf.kakao.com/_hxbxlxb,https://quavino.com,
896,También Online,SI,SI,Corea del Sur,Seúl,Seúl,,Cosmética / Skincare,I095,Purito,#puritoseoul #sensitiveskincare #centellagreen #cleankbeauty,"Envío gratuito nacional en compras a partir de 30,000 KRW",,,https://www.instagram.com/purito_official,,,,,,,,https://pf.kakao.com/_jxdxnxb,https://purito.co.kr,
897,También Online,SI,SI,Corea del Sur,Seúl,Seúl,,Cosmética y Mascarillas,I096,Mediheal,#mediheal #sheetmask #dermacosmetics #kbeautymask,"Pack de 2 mascarillas de ampolla gratis en órdenes de 30,000 KRW",,,https://www.instagram.com/mediheal_official,,,,,,,,https://pf.kakao.com/_kxaxexb,https://mediheal.com,
898,También Online,SI,SI,Corea del Sur,Seúl,Seúl,,Moda Femenina,I097,Looknone,#looknone #modernfemme #seoulchic #dailymoodwear,"Cupón de bienvenida de 5,000 KRW para nuevos usuarios",,,https://www.instagram.com/looknone_official,,,,,,,,https://pf.kakao.com/_yxaxcxb,https://looknone.co.kr,
899,También Online,SI,SI,Corea del Sur,Seúl,Seúl,,Calzado Femenino,I098,Karen White,#karenwhite #koreanshoes #handmadeshoes #modernleatherboots,"Envío nacional gratis en compras mayores a 100,000 KRW",,,https://www.instagram.com/karenwhite_official,,,,,,,,https://pf.kakao.com/_ixaxdxb,https://karenwhite.co.kr,
900,También Online,SI,SI,Corea del Sur,Seúl,Seúl,,Moda Femenina,I099,Your Name Here,#yournamehere #koreanskirt #femininecasual #seouldesigner,"Envío sin costo en compras superiores a 80,000 KRW",,,https://www.instagram.com/yournamehere.official,,,,,,,,https://pf.kakao.com/_uxfxixb,https://yournamehere.co.kr,
901,También Online,SI,SI,Corea del Sur,Seúl,Seúl,,Marroquinería y Bolsos,I100,Nuer,#nuer #nuerbag #architecturalbag #koreandesignerbag,5% de descuento en el primer pedido al crear cuenta,,,https://www.instagram.com/nuer_official,,,,,,,,https://pf.kakao.com/_cxmxaxb,https://nuer.kr,
902,También Online,SI,NO,Japón,Tokio,Tokio,,Moda Femenina y Estilo de Vida,J001,Her lip to,#herlipto #harunakojima #tokyofashion #japanesestyle,"Envío gratis en compras nacionales superiores a 15,000 JPY",,*,https://www.instagram.com/herlipto/,,https://x.com/Herlipto_info,,,,,https://lin.ee/herlipto,,https://herlipto.jp/,
903,También Online,SI,SI,Japón,Tokio,Tokio,,Bolsos y Accesorios de Piel,J002,Motherhouse,#motherhouse #erikoymaguchi #leathergoods #ethicalfashion,"Envío gratuito dentro de Japón en pedidos mayores a 10,000 JPY",,*,https://www.instagram.com/motherhouse_official/,,https://x.com/motherhouse_jp,,,,,https://lin.ee/motherhouse,,https://www.mother-house.jp/,
904,También Online,SI,SI,Japón,Tokio,Tokio,,Cosmética y Cuidado Personal,J003,Shiro,#shirocosmetics #japaneseskincare #hiroechimai #cleanbeauty,Cupón de 500 JPY de bienvenida registrándose en el newsletter,,*,https://www.instagram.com/shiro_japan/,,https://x.com/shiro_jp,,,,,https://lin.ee/shiro,,https://shiro-shiro.jp/,
905,También Online,SI,NO,Japón,Tokio,Tokio,,Moda Femenina y Casual Contemporáneo,J004,Ameri VINTAGE,#amerivintage #naokukuroishi #japanfashion #tokyomoda,"Envío sin costo a partir de 20,000 JPY en la web oficial",,*,https://www.instagram.com/amerivintage/,,https://x.com/ameri_vintage,,,,,https://lin.ee/amerivintage,,https://amerivintage.co.jp/,
906,También Online,SI,NO,Japón,Tokio,Tokio,,Cosmética y Cuidado de la Piel,J005,hince Japan,#hince #makeupjapan #moodnarrative #cosmetics,"Regalo de minitalla en compras superiores a 5,000 JPY",,*,https://www.instagram.com/hince_official_jp/,,https://x.com/hince_jp,,,,,https://lin.ee/hince,,https://hince.jp/,
907,También Online,SI,NO,Japón,Tokio,Tokio,,Moda y Calzado Femenino,J006,CLANE,#clane #enaena #clanestyles #modatokio,"Envío gratuito en compras nacionales a partir de 15,000 JPY",,*,https://www.instagram.com/clane_official/,,https://x.com/clane_official,,,,,https://lin.ee/clane,,https://clane-design.com/,
908,También Online,SI,NO,Japón,Tokio,Tokio,,Cosmética Orgánica y Maquillaje,J007,Celvoke,#celvoke #cleanbeauty #japanesecosmetics #yukinakagaki,Muestras exclusivas gratuitas en cada pedido online,,*,https://www.instagram.com/celvoke.jp/,,https://x.com/celvoke_jp,,,,,https://lin.ee/celvoke,,https://celvoke.com/,
909,También Online,SI,SI,Japón,Tokio,Tokio,,Joyería Fina Contemporánea,J008,HASUNA,#hasuna #ethicaljewelry #natsukoshiraki #japangems,Consulta y ajuste de medidas sin costo en primera orden,,*,https://www.instagram.com/hasuna_official/,,https://x.com/hasuna_jp,,,,,https://lin.ee/hasuna,,https://hasuna.com/,
910,También Online,SI,NO,Japón,Tokio,Tokio,,Joyería y Accesorios de Moda,J009,Jouete,#jouete #japanjewelry #accessories #silver925,Bolsa de regalo de tela gratuita en pedidos de joyería selecta,,*,https://www.instagram.com/joueteofficial/,,https://x.com/jouete_official,,,,,https://lin.ee/jouete,,https://www.jouete.com/,
911,También Online,SI,NO,Japón,Tokio,Tokio,,Moda Femenina Minimalista,J010,RIM.ARK,#rimark #reikaminari #tokyofashion #minimalwear,"Envío nacional sin costo a partir de 11,000 JPY",,*,https://www.instagram.com/rim.ark/,,https://x.com/rim_ark,,,,,https://lin.ee/rimark,,https://www.rim-ark.jp/,
912,También Online,SI,NO,Japón,Tokio,Tokio,,Bolsos y Accesorios de Lona,J011,Ayako Bag,#ayakobag #gypsohila #canvasbag #japanaccessories,Descuento especial por registro temprano en lanzamientos web,,*,https://www.instagram.com/ayako_bag/,,https://x.com/ayako_bag,,,,,https://lin.ee/ayakobag,,https://ayakobag.com/,
913,También Online,SI,NO,Japón,Tokio,Tokio,,Moda Femenina y Estilo Sofisticado,J012,Gypsohila,#gypsohila #ayakotanaka #japanesefashion #womenswear,"Envío gratuito en pedidos superiores a 25,000 JPY",,*,https://www.instagram.com/gypsohila_official/,,https://x.com/gypsohila,,,,,https://lin.ee/gypsohila,,https://gypsohila.com/,
914,También Online,SI,NO,Japón,Tokio,Tokio,,Cosmética y Uñas,J013,uka,#ukaco #kihoatanabe #tokyonailexpress #organiccare,"Envío sin costo en pedidos web que superen los 5,500 JPY",,*,https://www.instagram.com/ukacojp/,,https://x.com/uka_tokyo,,,,,https://lin.ee/ukajapan,,https://uka.co.jp/,
915,También Online,SI,NO,Japón,Tokio,Tokio,,Moda Femenina y Ropa de Trabajo,J014,Stola.,#stola #womenssuits #tokyochic #japanbrand,"Cupón de 1,000 JPY por nueva membresía en la plataforma web",,*,https://www.instagram.com/stola.jp/,,https://x.com/stola_official,,,,,https://lin.ee/stola,,https://stola.jp/,
916,También Online,SI,NO,Japón,Tokio,Tokio,,Moda Femenina e Invitada,J015,Kaene,#kaene #partywear #japanfashion #occasiondress,Envío nacional gratuito en prendas de vestir seleccionadas,,*,https://www.instagram.com/kaene_official/,,https://x.com/kaene_official,,,,,https://lin.ee/kaene,,https://kaene.jp/,
917,También Online,SI,NO,Japón,Tokio,Tokio,,Joyería Fina y Minimalista,J016,e.m.,#emjewelry #tokyojewelry #silveraccessories #japanstyle,"Envío gratis dentro de Japón a partir de 22,000 JPY",,*,https://www.instagram.com/e.m.portrait/,,https://x.com/em_group,,,,,https://lin.ee/emweb,,https://www.em-webshop.com/,
918,También Online,SI,NO,Japón,Tokio,Tokio,,Moda Femenina Urbana,J017,Ungrid,#ungrid #azusaonuma #casualfashion #bohostyle,Puntos dobles de compra acumulables al registrarse en el club,,*,https://www.instagram.com/ungrid_official/,,https://x.com/ungrid_,,,,,https://lin.ee/ungrid,,https://ungrid.jp/,
919,También Online,SI,NO,Japón,Tokio,Tokio,,Moda Femenina y Accesorios,J018,COCO DEAL,#cocodeal #girlyfashion #tokyomall #jfashion,"Envío nacional sin costo en órdenes a partir de 10,000 JPY",,*,https://www.instagram.com/cocodeal_official/,,https://x.com/cocodeal_jp,,,,,https://lin.ee/cocodeal,,https://cocodeal.jp/,
920,También Online,SI,NO,Japón,Tokio,Tokio,,Moda Femenina Elegante,J019,Lillian Carat,#lilliancarat #kawaiistyle #japanbrand #pastelfashion,Descuento del 10% en primera compra en la tienda online,,*,https://www.instagram.com/lilliancarat_official/,,https://x.com/lilliancarat,,,,,https://lin.ee/lilliancarat,,https://lillian-carat.jp/,
921,También Online,SI,NO,Japón,Tokio,Tokio,,Calzado de Diseño,J020,Daniella & GEMMA,#daniellagemma #tokyoshoes #loafers #leathercraft,Ajuste de talla o cambio gratuito en el primer pedido online,,*,https://www.instagram.com/daniella_and_gemma/,,https://x.com/danigemma_jp,,,,,https://lin.ee/danigem,,https://danigemma.com/,
922,También Online,SI,NO,Japón,Tokio,Tokio,,Calzado Femenino Confort,J021,ORiental TRaffic,#orientaltraffic #tokyoshoes #heels #pumps,Devolución y cambio de talla gratuito a domicilio,,*,https://www.instagram.com/orientaltraffic_official/,,https://x.com/orientaltraffic,,,,,https://lin.ee/orientaltraffic,,https://ec.wa-jp.com/,
923,También Online,SI,NO,Japón,Tokio,Tokio,,Moda Femenina Bohemio-Chic,J022,FRAY I.D,#frayid #mashstylelab #tokyofashion #workwear,"Envío sin cargo en pedidos web superiores a 7,000 JPY",,*,https://www.instagram.com/fray_id/,,https://x.com/frayid_official,,,,,https://lin.ee/frayid,,https://fray-id.com/,
924,También Online,SI,NO,Japón,Tokio,Tokio,,Moda y Accesorios Femeninos,J023,Mila Owen,#milaowen #tokyobasics #wardrobe #japanstyle,"Envío gratis en compras mayores a 7,000 JPY en toda la web",,*,https://www.instagram.com/milaowen_official/,,https://x.com/milaowen_japan,,,,,https://lin.ee/milaowen,,https://milaowen.com/,
925,También Online,SI,NO,Japón,Tokio,Tokio,,Moda Romántica y Elegante,J024,CELFORD,#celford #classicdress #weddingguest #firstlady,"Cupón de bienvenida de 1,000 JPY mediante suscripción digital",,*,https://www.instagram.com/celford_official/,,https://x.com/celford_jp,,,,,https://lin.ee/celford,,https://celford.com/,
926,También Online,SI,NO,Japón,Tokio,Tokio,,Cosmética y Aceites Esenciales,J025,FEMMUE Japan,#femmue #flowertherapy #koreanjapanbeauty #skincare,Kit de 3 muestras botánicas de regalo en cualquier orden web,,*,https://www.instagram.com/femmue_japan/,,https://x.com/femmue_japan,,,,,https://lin.ee/femmue,,https://femmue.jp/,
927,También Online,SI,SI,Japón,Tokio,Tokio,,Decoración y Cerámica para el Hogar,J026,Francfranc,#francfranc #homedecor #interiorstyling #tokyolife,"Envío gratis a domicilio en pedidos a partir de 5,000 JPY",,*,https://www.instagram.com/francfranc_official/,,https://x.com/Francfranc_web,,,,,https://lin.ee/francfranc,,https://francfranc.com/,
928,También Online,SI,NO,Japón,Tokio,Tokio,,Moda Femenina Vanguardista,J027,EMODA,#emoda #enamatsumoto #modeltrend #galstyle,Descuento directo del 10% al suscribirse al canal de novedades,,*,https://www.instagram.com/emoda_official/,,https://x.com/emoda_official,,,,,https://lin.ee/emoda,,https://runway-webstore.com/emoda/,
929,También Online,SI,NO,Japón,Tokio,Tokio,,Moda Femenina Sexy-Casual,J028,MURUA,#murua #momokootsubo #tokyostreet #coolfeminine,"Envío nacional sin costo en compras superiores a 12,000 JPY",,*,https://www.instagram.com/murua_official/,,https://x.com/murua_fashion,,,,,https://lin.ee/murua,,https://runway-webstore.com/murua/,
930,También Online,SI,NO,Japón,Tokio,Tokio,,Lencería y Ropa de Casa,J029,PEACH JOHN,#peachjohn #mikaoguchi #lingerie #loungewear,Envío gratis en el primer pedido al crear cuenta de usuario,,*,https://www.instagram.com/peachjohn_official/,,https://x.com/peach_john,,,,,https://lin.ee/peachjohn,,https://www.peachjohn.co.jp/,
931,También Online,SI,NO,Japón,Tokio,Tokio,,Cosmética Natural y Cuidado Facial,J030,Chant a charm,#chantacharm #naturaglace #organiccosmetics #skincare,Muestras de loción hidratante incluidas en envíos online,,*,https://www.instagram.com/chantacharm_japan/,,https://x.com/chantacharm,,,,,https://lin.ee/chantacharm,,https://online.naturaglace.com.jp/chantacharm/,
932,También Online,SI,NO,Japón,Tokio,Tokio,,Maquillaje Natural y Mineral,J031,Naturaglace,#naturaglace #mineralcosmetics #naturalbeauty #japanmakeup,"Envío gratuito para órdenes web superiores a 3,300 JPY",,*,https://www.instagram.com/naturaglace_official/,,https://x.com/naturaglace,,,,,https://lin.ee/naturaglace,,https://online.naturaglace.com.jp/,
933,También Online,SI,SI,Japón,Kioto,Kioto,,Cosmética Tradicional Japonesa,J032,Yojiya,#yojiya #kyotocosmetics #oilblottingpaper #geishabeauty,Descuento especial en lotes de temporada y sets de regalo,,*,https://www.instagram.com/yojiya_official/,,https://x.com/yojiya1904,,,,,https://lin.ee/yojiya,,https://www.yojiya.co.jp/,
934,También Online,SI,NO,Japón,Tokio,Tokio,,Moda Infantil y Bebés,J033,MARLMARL,#marlmarl #babygift #japanesekids #stylishbaby,Servicio de bordado de nombre con descuento en pedidos web,,*,https://www.instagram.com/marlmarl_tokyo/,,https://x.com/marlmarl_tokyo,,,,,https://lin.ee/marlmarl,,https://www.marlmarl.com/,
935,También Online,SI,SI,Japón,Tokio,Tokio,,Moda Femenina y Estilo de Vida,J034,Maison de FLEUR,#maisondefleur #frenchchic #totebag #ribbon,"Envío nacional sin cargo por compras a partir de 10,000 JPY",,*,https://www.instagram.com/maisondefleur_press/,,https://x.com/maisondefleur1,,,,,https://lin.ee/maisondefleur,,https://stripe-club.com/maisondefleur/,
936,También Online,SI,NO,Japón,Tokio,Tokio,,Moda y Accesorios Kawaii,J035,Ank Rouge,#ankrouge #japanesekawaii #tokyostyle #harajukufashion,10% de descuento en la primera compra mediante cupón de app,,*,https://www.instagram.com/ankrouge_official/,,https://x.com/ankrouge,,,,,https://lin.ee/ankrouge,,https://ailand-store.jp/ankrouge/,
937,También Online,SI,NO,Japón,Tokio,Tokio,,Moda Femenina Dulce y Romántica,J036,evelyn,#evelyn #girlylook #tokyotrend #sweetstyle,Liquidación de mitad de temporada con hasta 30% de descuento,,*,https://www.instagram.com/evelyn.order/,,https://x.com/evelyn_tokyo,,,,,https://lin.ee/evelyn,,https://evelyn.tokyo.jp/,
938,También Online,SI,SI,Japón,Osaka,Osaka,,Bolsos y Accesorios de Piel,J037,Creed Japan,#creedbag #leatheraccessories #osakafashion #craftsmanship,Envío gratuito en todas las compras dentro del territorio japonés,,*,https://www.instagram.com/creed_japan/,,https://x.com/creed_press,,,,,https://lin.ee/creedjapan,,https://creed-online.com/,
939,También Online,SI,NO,Japón,Tokio,Tokio,,Lencería de Diseño y Confort,J038,une nana cool,#unenanacool #tokyolingerie #wacoal #cottonbra,Envío sin costo a tiendas físicas para retiro sin monto mínimo,,*,https://www.instagram.com/unenanacool_official/,,https://x.com/une_nana_cool,,,,,https://lin.ee/unenanacool,,https://www.une-nana-cool.com/,
940,También Online,SI,NO,Japón,Tokio,Tokio,,Accesorios y Joyería de Moda,J039,Lattice,#lattice #lesignes #accessories #tokyoshopping,Accesorios en tendencia con precios a partir de 330 JPY,,*,https://www.instagram.com/lattice_lessignes/,,https://x.com/lattice_news,,,,,https://lin.ee/lattice,,https://www.palcloset.jp/lattice/,
941,También Online,SI,NO,Japón,Tokio,Tokio,,Decoración y Artículos para el Hogar,J040,3COINS,#3coins #lifestylegoods #japanhome #smartliving,"Envío sin cargo en toda la web a partir de 5,000 JPY",,*,https://www.instagram.com/3coins_official/,,https://x.com/3COINS_news,,,,,https://lin.ee/3coins,,https://www.palcloset.jp/3coins/,
942,También Online,SI,SI,Japón,Tokio,Tokio,,Joyería y Piedras Naturales,J041,ARTIDA OUD,#artidaoud #rawgems #ethicaljewelry #bohemianluxury,Donación benéfica automática y envío gratuito en compras seleccionadas,,*,https://www.instagram.com/artidaoud/,,https://x.com/artidaoud,,,,,https://lin.ee/artidaoud,,https://www.artidaoud.com/,
943,También Online,SI,NO,Japón,Tokio,Tokio,,Moda y Calzado Femenino,J042,EVOL,#evolshoes #japanesepumps #sandals #womensshoes,Cambio de número o talla sin cargo en el primer pedido,,*,https://www.instagram.com/evol_official0/,,https://x.com/evol_official,,,,,https://lin.ee/evolshoes,,https://evol-store.net/,
944,También Online,SI,NO,Japón,Tokio,Tokio,,Moda Femenina y Complementos,J043,LAGUNAMOON,#lagunamoon #dresses #chicstyle #weddingattire,"Envío sin costo en pedidos que superen los 10,000 JPY",,*,https://www.instagram.com/lagunamoon_com/,,https://x.com/lagunamoon_com,,,,,https://lin.ee/lagunamoon,,https://runway-webstore.com/lagunamoon/,
945,También Online,SI,NO,Japón,Tokio,Tokio,,Moda Femenina Urbana y Denim,J044,dazzlin,#dazzlin #japanesecasual #retrogirl #denimstyle,"Rebajas especiales de temporada con prendas desde 2,900 JPY",,*,https://www.instagram.com/dazzlin_official/,,https://x.com/dazzlin_com,,,,,https://lin.ee/dazzlin,,https://runway-webstore.com/dazzlin/,
946,También Online,SI,NO,Japón,Tokio,Tokio,,Moda Femenina Clásica,J045,Noela,#noela #femininedress #flowerprint #sweetcasual,Cupón de 500 JPY tras suscripción y registro de perfil,,*,https://www.instagram.com/noela_official/,,https://x.com/noela_official,,,,,https://lin.ee/noela,,https://store.noela.jp/,
947,También Online,SI,NO,Japón,Tokio,Tokio,,Moda y Calzado Urbano,J046,RANDA,#randashoes #camillashoes #comfortshoes #tokyoheels,"Envío nacional sin costo a partir de 11,000 JPY",,*,https://www.instagram.com/randa_pic/,,https://x.com/randa_shoes,,,,,https://lin.ee/randa,,https://www.randa.jp/,
948,También Online,SI,NO,Japón,Tokio,Tokio,,Moda Femenina y Accesorios,J047,And Couture,#andcouture #tokyodress #femininefashion #elegantwear,"Envío gratis en compras que superen los 8,000 JPY",,*,https://www.instagram.com/andcouture/,,https://x.com/and_couture,,,,,https://lin.ee/andcouture,,https://www.burnedestrose.com/shop/c/c2004/,
949,También Online,SI,NO,Japón,Tokio,Tokio,,Moda Femenina Contemporánea,J048,Swingle,#swingle #officelook #tokyolady #skirtstyle,"Envío gratuito a todo Japón a partir de 10,000 JPY",,*,https://www.instagram.com/swingle_official/,,https://x.com/swingle_offi,,,,,https://lin.ee/swingle,,https://www.burnedestrose.com/shop/c/c2003/,
950,También Online,SI,NO,Japón,Tokio,Tokio,,Moda Femenina Elegante,J049,RESEXXY,#resexxy #tokyocool #partyoutfit #glamstyle,Hasta 20% de descuento adicional en combos de 2 o más prendas,,*,https://www.instagram.com/resexxy_official/,,https://x.com/RESEXXY,,,,,https://lin.ee/resexxy,,https://runway-webstore.com/resexxy/,
951,También Online,SI,NO,Japón,Tokio,Tokio,,Moda Infantil y Canastilla Bebé,J050,10mois,#10mois #ficelle #japanbaby #cottontextiles,"Envío nacional gratuito en pedidos superiores a 5,500 JPY",,*,https://www.instagram.com/10mois_japan/,,https://x.com/10mois_official,,,,,https://lin.ee/10mois,,https://www.10mois.com/,
952,También Online,SI,NO,Japón,Tokio,Tokio,,Moda Femenina y Estilo de Vida,J051,TODAYFUL,#todayful #lifes203 #reikayoshida #casualchic,"Envío gratuito a todo Japón en compras superiores a 20,000 JPY",,,https://www.instagram.com/todayful_official/,,https://x.com/TODAYFUL_,,,,,https://lin.ee/todayful,,https://lifes-203.com/,
953,También Online,SI,NO,Japón,Tokio,Tokio,,Moda Femenina y Sastrería,J052,Louren,#louren #suzukosato #tokyofashion #minimalwear,"Envío nacional sin costo a partir de 25,000 JPY en web oficial",,,https://www.instagram.com/louren__official/,,https://x.com/louren__tokyo,,,,,https://lin.ee/louren,,https://louren.jp/,
954,También Online,SI,NO,Japón,Tokio,Tokio,,Moda Femenina Contemporánea,J053,L'Or,#lorlifestyle #asamakajiko #tokyoelegance #dresses,"Envío gratis en compras nacionales a partir de 20,000 JPY",,,https://www.instagram.com/lor_official_/,,https://x.com/lor__official,,,,,https://lin.ee/lorofficial,,https://lor-official.com/,
955,También Online,SI,NO,Japón,Tokio,Tokio,,Moda y Accesorios Femeninos,J054,ACYM,#acym #akikooishi #japanesemoda #tokyocasual,10% de descuento en la primera orden registrándose en el newsletter,,,https://www.instagram.com/acym_official/,,https://x.com/acym_official,,,,,https://lin.ee/acym,,https://www.acym.jp/,
956,También Online,SI,SI,Japón,Tokio,Tokio,,Bolsos y Accesorios de Piel,J055,VASIC Japan,#vasic #vasicnewyork #kanokoinaba #leatherbags,Envío gratuito en pedidos web dentro de Japón sin compra mínima,,,https://www.instagram.com/vasic_japan/,,https://x.com/vasic_japan,,,,,https://lin.ee/vasicjapan,,https://www.vasic-newyork.jp/,
957,También Online,SI,NO,Japón,Tokio,Tokio,,Bolsos y Marroquinería de Diseño,J056,ch!iii bag,#chiiibag #reikooouchi #japanleather #artisanalbags,Envío nacional gratuito en lanzamientos de temporada seleccionados,,,https://www.instagram.com/chiiiibag/,,https://x.com/chiiii_bag,,,,,https://lin.ee/chiiibag,,https://chiiiibag.com/,
958,También Online,SI,SI,Japón,Tokio,Tokio,,Joyería Fina y Minimalista,J057,Hirotaka,#hirotakajewelry #tokyominimal #finejewelry #japanesepearls,"Envío de cortesía a todo Japón en compras superiores a 30,000 JPY",,,https://www.instagram.com/hirotakajewelry/,,https://x.com/HirotakaJewelry,,,,,https://lin.ee/hirotaka,,https://store.hiro-taka.com/,
959,También Online,SI,NO,Japón,Tokio,Tokio,,Joyería Contemporánea y Accesorios,J058,TEN.,#tenjewelry #silver925 #unisexjewelry #tokyocraft,Mantenimiento y pulido de piezas de plata sin costo en compras web,,,https://www.instagram.com/ten.online/,,https://x.com/ten_online_,,,,,https://lin.ee/tenjewelry,,https://www.online-ten.com/,
960,También Online,SI,SI,Japón,Tokio,Tokio,,Joyería de Diseño en Oro y Perlas,J059,Enasoluna,#enasoluna #mayumisada #japanfinejewelry #soluna,"Envío gratis nacional en compras web a partir de 22,000 JPY",,,https://www.instagram.com/enasolunaofficial/,,https://x.com/enasoluna_pr,,,,,https://lin.ee/enasoluna,,https://enasoluna.com/,
961,También Online,SI,NO,Japón,Tokio,Tokio,,Joyería Fina en Plata y Oro,J060,Soierie,#soierie #japanjewelry #vintagechic #costumejewelry,"Envío sin costo en pedidos superiores a 15,000 JPY",,,https://www.instagram.com/soierie_official/,,https://x.com/Soierie_JP,,,,,https://lin.ee/soierie,,https://soierie-web.com/,
962,También Online,SI,NO,Japón,Tokio,Tokio,,Cosmética y Color,J061,rihka,#rihka #mirane #japanesecosmetics #nailpolish,"Bolsa de algodón de edición limitada en pedidos superiores a 6,000 JPY",,,https://www.instagram.com/rihka_official/,,https://x.com/rihka_official,,,,,https://lin.ee/rihka,,https://rihka.com/,
963,También Online,SI,SI,Japón,Tokio,Tokio,,Cosmética Natural y Cuidado Facial,J062,OSAJI,#osajibeauty #japaneseskins #sensitiveskin #organicbeauty,"Set de minitallas de regalo en pedidos que superen los 6,600 JPY",,,https://www.instagram.com/osaji__/,,https://x.com/OSAJI_official,,,,,https://lin.ee/osaji,,https://osaji.net/,
964,También Online,SI,SI,Japón,Tokio,Tokio,,Cuidado de la Piel y Protección,J063,athletia,#athletiabeauty #cleanbeauty #japanesewellness #activecare,"Envío gratuito dentro de Japón para órdenes web a partir de 5,500 JPY",,,https://www.instagram.com/athletiabeauty/,,https://x.com/athletiabeauty,,,,,https://lin.ee/athletia,,https://www.athletia-beauty.com/jp/ja/,
965,También Online,SI,NO,Japón,Tokio,Tokio,,Cosmética y Maquillaje,J064,SNIDEL BEAUTY,#snidelbeauty #cleanmakeup #naturalglow #tokyoorganics,"3 muestras gratuitas a elección en compras mayores a 4,400 JPY",,,https://www.instagram.com/snidelbeauty/,,https://x.com/SNIDEL_BEAUTY,,,,,https://lin.ee/snidelbeauty,,https://snidelbeauty.com/,
966,También Online,SI,NO,Japón,Tokio,Tokio,,Cosmética Vegana y Cuidado Labial,J065,MIRAGEM,#miragem #yunonon #vegancosmetics #lipcarejapan,"Envío nacional sin costo en compras superiores a 3,000 JPY",,,https://www.instagram.com/miragem_official/,,https://x.com/miragem_jp,,,,,https://lin.ee/miragem,,https://miragem.jp/,
967,También Online,SI,NO,Japón,Tokio,Tokio,,Lencería Fina y Ropa Íntima,J066,Chut! INTIMATES,#chutintimates #tokyolingerie #sheerlace #frenchchic,"Cupón de descuento de 1,000 JPY al registrarse como nuevo socio",,,https://www.instagram.com/chut_intimates/,,https://x.com/chut_intimates,,,,,https://lin.ee/chutintimates,,https://www.chut-intimates.com/,
968,También Online,SI,NO,Japón,Tokio,Tokio,,Lencería de Diseño Ergonómico,J067,Intimissimi Japan,#intimissimijapan #silklingerie #brafitting #undergarments,Envío a domicilio sin cargo para miembros del programa de lealtad,,,https://www.instagram.com/intimissimiofficial/,,https://x.com/IntimissimiJP,,,,,https://lin.ee/intimissimijp,,https://www.intimissimi.com/jp/,
969,También Online,SI,NO,Japón,Tokio,Tokio,,Ropa de Estar y Lencería Confort,J068,Priv. Spoons Club,#privspoonsclub #silkpyjamas #bedlinen #loungewear,"Envío gratuito nacional en compras a partir de 11,000 JPY",,,https://www.instagram.com/privspoonsclub/,,https://x.com/PrivSpoonsClub,,,,,https://lin.ee/privspoonsclub,,https://www.privspoonsclub.com/,
970,También Online,SI,NO,Japón,Tokio,Tokio,,Calzado de Diseño Femenino,J069,Le Talon,#letalon #tokyoshoes #flatsandpumps #baycrews,"Envío gratis en compras que superen los 5,000 JPY en la web oficial",,,https://www.instagram.com/letalon_jp/,,https://x.com/LeTalon_jp,,,,,https://lin.ee/letalon,,https://letalon.jp/,
971,También Online,SI,NO,Japón,Tokio,Tokio,,Calzado Confort y Moda,J070,TEMPERATE,#temperateshoes #rainshoes #waterproofheels #tokyoflat,Bolsa impermeable para zapatos de regalo en primera compra,,,https://www.instagram.com/temperate_footwear/,,https://x.com/TEMPERATE_shoe,,,,,https://lin.ee/temperate,,https://www.temperate-footwear.com/,
972,También Online,SI,NO,Japón,Tokio,Tokio,,Calzado Femenino y Sandalias,J071,TSURU by Mariko Oikawa,#tsurubymarikooikawa #marikooikawa #pumps #bridalshoes,"Envío nacional sin costo en compras web superiores a 30,000 JPY",,,https://www.instagram.com/tsurubymarikooikawa/,,https://x.com/TSURU_Mariko,,,,,https://lin.ee/tsurumariko,,https://tsurubymarikooikawa.jp/,
973,También Online,SI,NO,Japón,Tokio,Tokio,,Calzado Clásico Femenino,J072,DIANA Shoes,#dianashoes #ginzadiana #japanesepumps #elegance,Ajuste de plantilla y cambio de número gratis en el primer pedido,,,https://www.instagram.com/dianashoespress/,,https://x.com/dianashoespress,,,,,https://lin.ee/dianashoes,,https://www.dianashoes.com/,
974,También Online,SI,NO,Japón,Tokio,Tokio,,Moda Infantil y Moda Familiar,J073,petit main,#petitmain #narumiya #japanesekids #stylishbaby,"Precios especiales de temporada con camisetas desde 1,200 JPY",,,https://www.instagram.com/petitmain_official/,,https://x.com/petitmain_,,,,,https://lin.ee/petitmain,,https://www.narumiya-online.jp/shop/brand/25/,
975,También Online,SI,NO,Japón,Tokio,Tokio,,Moda Infantil y Niñas,J074,mezzo piano,#mezzopiano #sweetkids #narumiya #kawaiikids,"Bolsa térmica con estampado de temporada de regalo por 15,000 JPY",,,https://www.instagram.com/mezzopiano_official/,,https://x.com/mezzopiano_jp,,,,,https://lin.ee/mezzopiano,,https://www.narumiya-online.jp/shop/brand/11/,
976,También Online,SI,NO,Japón,Tokio,Tokio,,Moda Infantil y Complementos,J075,branshes,#branshes #kidswear #osakakids #childrenfashion,Cupón de bienvenida de 500 JPY al registrarse en la aplicación móvil,,,https://www.instagram.com/branshes/,,https://x.com/branshes_japan,,,,,https://lin.ee/branshes,,https://www.branshes.com/,
977,También Online,SI,SI,Japón,Tokio,Tokio,,Decoración del Hogar y Cerámica,J076,ACTUS,#actus #scandinaviantokyo #interiordesign #nordicliving,"Envío sin costo de muebles y textiles a partir de 10,000 JPY",,,https://www.instagram.com/actus_press/,,https://x.com/actus_press,,,,,https://lin.ee/actusjp,,https://www.actus-interior.com/,
978,También Online,SI,NO,Japón,Tokio,Tokio,,Decoración y Menaje de Cocina,J077,Afternoon Tea LIVING,#afternoontealiving #tearoomdecor #japangifts #interiorgoods,"Envío gratuito dentro de Japón en pedidos mayores a 4,400 JPY",,,https://www.instagram.com/afternoontealiving_official/,,https://x.com/AfternoonTea_LE,,,,,https://lin.ee/afternoontea,,https://shop.afternoon-tea.net/,
979,También Online,SI,NO,Japón,Tokio,Tokio,,Moda y Accesorios Femeninos,J078,Kastane,#kastane #palcloset #girlscasual #tokyostyle,"Envío nacional sin costo en compras web superiores a 5,000 JPY",,,https://www.instagram.com/kastane_/,,https://x.com/kastane_,,,,,https://lin.ee/kastane,,https://www.palcloset.jp/kastane/,
980,También Online,SI,NO,Japón,Tokio,Tokio,,Moda Femenina y Ropa de Fiesta,J079,Chico,#chicojapan #whoswhochico #palgroup #girlystyle,"Cupón de descuento directo de 1,000 JPY en la app de Pal Closet",,,https://www.instagram.com/chico.official_/,,https://x.com/whoswho_chico,,,,,https://lin.ee/chicopal,,https://www.palcloset.jp/chico/,
981,También Online,SI,NO,Japón,Tokio,Tokio,,Moda Femenina Clásica y Trenchs,J080,mystic,#mystictokyo #girlytrend #layeredlook #casualchic,"Prendas básicas de punto con precios a partir de 4,500 JPY",,,https://www.instagram.com/mystic_pr/,,https://x.com/mystic_pr,,,,,https://lin.ee/mysticpal,,https://www.palcloset.jp/mystic/,
982,También Online,SI,NO,Japón,Tokio,Tokio,,Moda Femenina y Accesorios,J081,Discoat,#discoat #familycasual #everydaywear #palcloset,"Envío gratis en compras que superen los 5,000 JPY en tienda online",,,https://www.instagram.com/discoat.official/,,https://x.com/Discoat_,,,,,https://lin.ee/discoat,,https://www.palcloset.jp/discoat/,
983,También Online,SI,NO,Japón,Tokio,Tokio,,Moda Femenina Urbana y Monocromática,J082,JEANASIS,#jeanasis #dotst #monochrome #edgyfashion,Acumulación de doble puntuación en la plataforma .st durante el mes,,,https://www.instagram.com/jeanasis_official/,,https://x.com/JEANASIS_jp,,,,,https://lin.ee/jeanasis,,https://www.dot-st.com/jeanasis/,
984,También Online,SI,NO,Japón,Tokio,Tokio,,Moda Femenina y Casual Suave,J083,LOWRYS FARM,#lowrysfarm #dotst #tokyocasual #everydayfashion,"Envío nacional gratuito en pedidos superiores a 4,000 JPY",,,https://www.instagram.com/lowrysfarm_official/,,https://x.com/LOWRYSTWITTER,,,,,https://lin.ee/lowrysfarm,,https://www.dot-st.com/lowrysfarm/,
985,También Online,SI,NO,Japón,Tokio,Tokio,,Moda Femenina y Abrigos,J084,apart by lowrys,#apartbylowrys #adultcasual #knitwear #tokyomoda,"Envío sin costo en compras web superiores a 4,000 JPY",,,https://www.instagram.com/apartbylowrys/,,https://x.com/apartbylowrys,,,,,https://lin.ee/apartbylowrys,,https://www.dot-st.com/apartbylowrys/,
986,También Online,SI,NO,Japón,Tokio,Tokio,,Moda Femenina Dulce y Sofisticada,J085,MISCH MASCH,#mischmasch #sweetlady #officecasual #pasteldress,Cupón de 500 JPY por suscripción a la lista de correo oficial,,,https://www.instagram.com/mischmasch_official/,,https://x.com/mischmasch_jp,,,,,https://lin.ee/mischmasch,,https://www.mischmasch.jp/,
987,También Online,SI,NO,Japón,Tokio,Tokio,,Moda Femenina y Abrigos con Pelo,J086,Apuweiser-riche,#apuweiserriche #arpegestory #ladyfashion #dresstrend,Envío gratis en todas las compras realizadas a través de la app oficial,,,https://www.instagram.com/apuweiser_official/,,https://x.com/apuweiser_blog,,,,,https://lin.ee/apuweiserriche,,https://apuweiser-riche.jp/,
988,También Online,SI,NO,Japón,Tokio,Tokio,,Moda Femenina de Trabajo,J087,JUSGLITTY,#jusglitty #arpegestory #careerwoman #officestyle,Envío nacional gratuito sin monto mínimo durante fines de semana,,,https://www.instagram.com/jusglitty_official/,,https://x.com/jusglitty,,,,,https://lin.ee/jusglitty,,https://jusglitty.jp/,
989,También Online,SI,NO,Japón,Tokio,Tokio,,Moda Femenina Elegante y Faldas,J088,Rirandture,#rirandture #arpegestory #flarepants #feminineclothing,"Puntos de bienvenida canjeables por 1,000 JPY de descuento inicial",,,https://www.instagram.com/rirandture_official/,,https://x.com/rirandture_blog,,,,,https://lin.ee/rirandture,,https://rirandture.jp/,
990,También Online,SI,NO,Japón,Tokio,Tokio,,Moda Casual y Minimalista,J089,Mystrada,#mystrada #arpegestory #elegancecasual #tokyolook,"Envío gratuito a todo Japón en compras superiores a 15,000 JPY",,,https://www.instagram.com/mystrada_official/,,https://x.com/mystrada_blog,,,,,https://lin.ee/mystrada,,https://mystrada.jp/,
991,También Online,SI,NO,Japón,Tokio,Tokio,,Moda Femenina Bohemio-Romántica,J090,MERCURYDUO,#mercuryduo #girlylook #elegantdresses #markstyler,Descuento especial del 10% reservando prendas de nueva colección,,,https://www.instagram.com/mercuryduo_com/,,https://x.com/mercuryduo_com,,,,,https://lin.ee/mercuryduo,,https://runway-webstore.com/mercuryduo/,
992,También Online,SI,NO,Japón,Tokio,Tokio,,Moda Femenina y Tendencia Gyaru-Chic,J091,GYDA,#gyda #gydastyle #denimcasual #tokyosexy,Liquidación con descuentos de hasta 50% en sección Outlet,,,https://www.instagram.com/gyda__official/,,https://x.com/GYDA_com,,,,,https://lin.ee/gydajp,,https://runway-webstore.com/gyda/,
993,También Online,SI,NO,Japón,Tokio,Tokio,,Moda Femenina Casual y Urbano,J092,EVRIS,#evris #sakiutsugi #streetstyle #tokyotrends,"Envío gratuito en compras nacionales a partir de 10,000 JPY",,,https://www.instagram.com/evris_official/,,https://x.com/evris_official,,,,,https://lin.ee/evris,,https://runway-webstore.com/evris/,
994,También Online,SI,NO,Japón,Tokio,Tokio,,Moda Femenina y Estilo Retro-Pop,J093,jouetie,#jouetie #amixamiaya #harajukufashion #streetvintage,10% de descuento en el primer pedido al crear cuenta web,,,https://www.instagram.com/jouetie_official/,,https://x.com/jouetie_com,,,,,https://lin.ee/jouetie,,https://runway-webstore.com/jouetie/,
995,También Online,SI,SI,Japón,Tokio,Tokio,,Bolsos de Lujo y Marroquinería,J094,Samantha Thavasa,#samanthathavasa #leatherhandbag #japanesebags #charms,Bolsa protectora de viaje de regalo en bolsos de piel seleccionados,,,https://www.instagram.com/samantha.thavasa_official/,,https://x.com/samantha_PR_ST,,,,,https://lin.ee/samanthathavasa,,https://www.samantha.co.jp/,
996,También Online,SI,SI,Japón,Tokio,Tokio,,Joyería Femenina Romántica,J095,Samantha Tiara,#samanthatiara #japanpearls #pinkgold #heartnecklace,Grabado personalizado gratuito en anillos de plata y oro,,,https://www.instagram.com/samantha.tiara.silva_official/,,https://x.com/samanthatiara,,,,,https://lin.ee/samanthatiara,,https://www.samantha.co.jp/shop/c/cST/,
997,También Online,SI,NO,Japón,Tokio,Tokio,,Moda Femenina Vintage y Lolita,J096,Fi.n.t,#fint #parisianchic #vintagefashion #retroclothing,"Envío nacional sin costo en compras web a partir de 8,000 JPY",,,https://www.instagram.com/fi.n.t_official/,,https://x.com/FintOFFICIAL,,,,,https://lin.ee/fintjapan,,https://fint.jp/,
998,También Online,SI,NO,Japón,Tokio,Tokio,,Moda Femenina Clásica y Retro,J097,an another angelus,#ananotherangelus #fintclassic #vintagedress #retrostyle,Cupón de 500 JPY canjeable en el primer pedido online,,,https://www.instagram.com/an_another_angelus_official/,,https://x.com/fint_angelus,,,,,https://lin.ee/angelusfint,,https://fint.jp/brand/angelus/,
999,También Online,SI,NO,Japón,Tokio,Tokio,,Moda Femenina y Accesorios,J098,merry jenny,#merryjenny #yoshidareiko #harajukukawaii #girlyfrills,"Envío gratuito a domicilio en pedidos superiores a 10,000 JPY",,,https://www.instagram.com/merryjenny_instagram/,,https://x.com/merry_jenny0825,,,,,https://lin.ee/merryjenny,,https://runway-webstore.com/merryjenny/,
1000,También Online,SI,NO,Japón,Tokio,Tokio,,Moda Femenina y Lolita Contemporánea,J099,Axes Femme,#axesfemme #axesfemmestyle #victorianretro #japanesedress,"Rebajas especiales en prendas de fin de stock desde 2,500 JPY",,,https://www.instagram.com/axes_femme_official/,,https://x.com/axesfemme_tweet,,,,,https://lin.ee/axesfemme,,https://www.axesfemme.com/,
1001,También Online,SI,NO,Japón,Tokio,Tokio,,Lencería de Encaje y Homewear,J100,AMPHI,#amphilingerie #wacoalamphi #tokyolingerie #lacebra,Envío sin costo recogiendo en cualquiera de las tiendas físicas,,,https://www.instagram.com/amphi_official/,,https://x.com/amphi_official,,,,,https://lin.ee/amphi,,https://www.amphi.jp/,
1002,También Online,SI,NO,China,Shanghái,Shanghái,,Moda femenina,K001,SHUSHU/TONG,#ShushuTong #Womenswear #ShanghaiFashion #DesignerBrand,Envío gratis nacional en compras superiores a 1000 RMB,,,,,,SHUSHUTONG_OFFICIAL,https://weibo.com/u/5574345244,https://www.xiaohongshu.com/user/profile/5b682cfce8ac2b0833a1e9c2,https://www.douyin.com/user/MS4wLjABAAAA_shushutong,,,https://shushutongstudio.com,
1003,También Online,SI,NO,China,Shanghái,Shanghái,,Moda de autor / Prêt-à-porter,K002,Uma Wang,#UmaWang #TextileDesign #AvantGarde #ChineseDesigner,Descuento del 10% en primera compra suscribiendo newsletter,,,,,,umawang_official,https://weibo.com/u/1908077587,https://www.xiaohongshu.com/user/profile/5cd970d40000000010022f67,https://www.douyin.com/user/MS4wLjABAAAA_umawangofficial,,,https://www.umawang.com,
1004,También Online,SI,NO,China,Shanghái,Shanghái,,Moda femenina de lujo accesible,K003,Comme Moi,#CommeMoi #LuYan #ModernChic #Tailoring,Envío estándar gratuito en pedidos superiores a 800 RMB,,,,,,commemoi_official,https://weibo.com/u/3554868074,https://www.xiaohongshu.com/user/profile/5ad0444ce8ac2b1a13e2bb9a,https://www.douyin.com/user/MS4wLjABAAAA_commemoi,,,http://www.commemoi.com.cn,
1005,También Online,SI,NO,China,Shanghái,Shanghái,,Calzado de diseño y accesorios,K004,untitlab,#untitlab #FootwearDesign #ModernShoes #Accessories,Envío gratuito en todas las órdenes nacionales,,,,,,untitlab_studio,https://weibo.com/u/7041695679,https://www.xiaohongshu.com/user/profile/5d4d3e7400000000010041a9,https://www.douyin.com/user/MS4wLjABAAAA_untitlab,,,https://untitlab.com,
1006,También Online,SI,NO,China,Shanghái,Shanghái,,Joyería de diseño,K005,YVMIN,#YVMIN #Jewelry #Accessories #ContemporaryJewelry,10% de descuento en la primera orden de colección cápsula,,,,,,YVMIN_studio,https://weibo.com/u/3173740262,https://www.xiaohongshu.com/user/profile/59eaeb7fe8ac2b56e6d1c828,https://www.douyin.com/user/MS4wLjABAAAA_yvminstudio,,,https://yvmin.com,
1007,También Online,SI,NO,China,Shanghái,Shanghái,,Moda urbana y sastrería femenina,K006,Fax Copy Express,#FaxCopyExpress #MinimalistFashion #OversizedBlazer #Streetwear,Envío gratis en compras web superiores a 1200 RMB,,,,,,faxcopyexpress,https://weibo.com/u/7464326511,https://www.xiaohongshu.com/user/profile/5f33e726000000000100346a,https://www.douyin.com/user/MS4wLjABAAAA_faxcopyexpress,,,https://faxcopyexpress.com,
1008,También Online,SI,NO,China,Pekín,Pekín,,Alta costura y moda nupcial,K007,Guo Pei,#GuoPei #HauteCouture #Embroidery #ChineseCouture,Consultas personalizadas con cita previa sin costo,,,,,,guopei_couture,https://weibo.com/u/1614213764,https://www.xiaohongshu.com/user/profile/5b682cfc12ac2b0833a1e9d1,https://www.douyin.com/user/MS4wLjABAAAA_guopei,,,http://www.guopei.com,
1009,También Online,SI,NO,China,Pekín,Pekín,,Moda de gala y pret-a-porter femenino,K008,Grace Chen,#GraceChen #CoutureFashion #ModernElegance #WomenEmpowerment,15% de descuento en accesorios seleccionados de temporada,,,,,,gracechen_official,https://weibo.com/u/2135069792,https://www.xiaohongshu.com/user/profile/5a544d67e8ac2b6f4e195db3,https://www.douyin.com/user/MS4wLjABAAAA_gracechen,,,https://www.gracechen.com.cn,
1010,También Online,SI,NO,China,Shanghái,Shanghái,,Perfumería botánica y cuidado personal,K009,Aentos,#Aentos #NicheFragrance #BotanicalScent #ShanghaiPerfume,Set de descubrimiento de 3 muestras por compras mayores a 600 RMB,,,,,,aentos_shanghai,https://weibo.com/u/7732958401,https://www.xiaohongshu.com/user/profile/616d25f7000000000201d1c3,https://www.douyin.com/user/MS4wLjABAAAA_aentosfragrance,,,https://aentos.com,
1011,También Online,SI,NO,China,Shanghái,Shanghái,,Moda de punto y lencería exterior,K010,Rui Zhou,#RuiZhou #Knitwear #CutOut #AvantGardeKnitwear,Envío nacional sin costo en prendas seleccionadas,,,,,,ruizhou_official,https://weibo.com/u/7478051289,https://www.xiaohongshu.com/user/profile/5fa6759c000000000100412e,https://www.douyin.com/user/MS4wLjABAAAA_ruistudio,,,https://ruiofficial.me,
1012,También Online,SI,NO,China,Guangdong,Cantón,,Cosmética y cuidado facial,K011,HomeFacialPro (HFP),#HomeFacialPro #Skincare #CBeauty #CleanBeauty,Mascarilla hidratante de cortesía en compras sobre 299 RMB,,,,,,homefacialpro_cn,https://weibo.com/u/5888294154,https://www.xiaohongshu.com/user/profile/5858f70050c4b449b29cb112,https://www.douyin.com/user/MS4wLjABAAAA_hfp_skincare,,,https://www.homefacialpro.com,
1013,También Online,SI,NO,China,Shanghái,Shanghái,,Bolsos de piel y marroquinería,K012,Songmont,#Songmont #LeatherBags #TofuBag #WomensBags,Cupón de 50 RMB para nuevos miembros registrados,,,,,,songmont_official,https://weibo.com/u/5144365731,https://www.xiaohongshu.com/user/profile/597147a450c4b455018a385f,https://www.douyin.com/user/MS4wLjABAAAA_songmont,,,https://songmontofficial.com,
1014,También Online,SI,NO,China,Zhejiang,Hangzhou,,Bolsos y marroquinería contemporánea,K013,PECO,#PECObag #ContemporaryLeather #Accessories #FashionBag,Cupón de descuento del 5% al unirse al club de fidelidad,,,,,,peco_design,https://weibo.com/u/5623048991,https://www.xiaohongshu.com/user/profile/596f0e4b50c4b407421fbc65,https://www.douyin.com/user/MS4wLjABAAAA_pecobag,,,https://www.pecobag.com,
1015,También Online,SI,NO,China,Shanghái,Shanghái,,Fragancias de autor y estilo de vida,K014,Documents (闻献),#DocumentsFragrance #Chinoiserie #LuxuryPerfume #NicheScent,Envío express gratis en cualquier compra de fragancias full size,,,,,,documents_perfume,https://weibo.com/u/7581294862,https://www.xiaohongshu.com/user/profile/5fa7d53b0000000001008be5,https://www.douyin.com/user/MS4wLjABAAAA_documentscn,,,https://www.documentsperfume.com,
1016,También Online,SI,NO,China,Shanghái,Shanghái,,Moda prêt-à-porter contemporánea,K015,Short Sentence,#ShortSentence #ContemporaryFashion #UrbanStyle #ShanghaiRetail,Bolsa tote de tela de regalo en pedidos superiores a 1500 RMB,,,,,,shortsentence_cn,https://weibo.com/u/5672901344,https://www.xiaohongshu.com/user/profile/5742a22050c4b47a1f6a0149,https://www.douyin.com/user/MS4wLjABAAAA_shortsentence,,,https://shortsentence.com,
1017,También Online,SI,NO,China,Shanghái,Shanghái,,Moda contemporánea femenina,K016,Angel Chen,#AngelChen #ColorfulFashion #FusionAesthetic #Womenswear,Precios especiales de fin de temporada con hasta 30% de descuento,,,,,,angelchen_studio,https://weibo.com/u/5221943826,https://www.xiaohongshu.com/user/profile/59c7713fe8ac2b737190deae,https://www.douyin.com/user/MS4wLjABAAAA_angelchenstudio,,,https://angelchen.com,
1018,También Online,SI,NO,China,Shanghái,Shanghái,,Moda femenina de sastrería suave,K017,SAMUEL GUÌ YANG,#SamuelGuiYang #Tailoring #CheongsamModern #ContemporaryFashion,Envío estándar de cortesía a partir de 1200 RMB,,,,,,samuelguiyang_sh,https://weibo.com/u/6410291438,https://www.xiaohongshu.com/user/profile/5be016c63b15dc0001efab84,https://www.douyin.com/user/MS4wLjABAAAA_samuelguiyang,,,https://samuelguiyang.com,
1019,También Online,SI,NO,China,Shanghái,Shanghái,,Calzado artesanal y marroquinería,K018,Lost in Echo,#LostInEcho #DesignerShoes #ChicFootwear #Accessories,Cupón de 100 RMB de bienvenida para nuevas compras en tienda oficial,,,,,,lostinecho_official,https://weibo.com/u/6734125890,https://www.xiaohongshu.com/user/profile/5c1a1796000000000800fa1b,https://www.douyin.com/user/MS4wLjABAAAA_lostinecho,,,https://lostinecho.com,
1020,También Online,SI,NO,China,Shanghái,Shanghái,,Cuidado de la piel y cosmética clean,K019,JUNPING (俊平大魔王),#Junping #CleanSkincare #Aromatherapy #BotanicalBeauty,Descuento especial del 15% en packs de hidratación profunda,,,,,,junping_official,https://weibo.com/u/1684391204,https://www.xiaohongshu.com/user/profile/56a47a1993433604bc49352e,https://www.douyin.com/user/MS4wLjABAAAA_junpingskincare,,,https://www.junping.cn,
1021,También Online,SI,NO,China,Shanghái,Shanghái,,"Ropa interior, loungewear y homewear",K020,NEIWAI (内外),#NEIWAI #Loungewear #Lingerie #ComfortClothing,10% de descuento de bienvenida en la primera orden de miembros,,,,,,neiwai_official,https://weibo.com/u/2772591602,https://www.xiaohongshu.com/user/profile/572c6cfb50c4b433e147b198,https://www.douyin.com/user/MS4wLjABAAAA_neiwaiofficial,,,https://neiwai.life,
1022,También Online,SI,NO,China,Guangdong,Shenzhen,,Joyería de plata y accesorios contemporáneos,K021,KVK,#KVKjewelry #ModernJewelry #ModularAccessories #SilverJewelry,Envío express gratis en órdenes superiores a 500 RMB,,,,,,kvk_official,https://weibo.com/u/7183921504,https://www.xiaohongshu.com/user/profile/5dc7f69800000000010072b3,https://www.douyin.com/user/MS4wLjABAAAA_kvkjewelry,,,https://kvk-studio.com,
1023,También Online,SI,NO,China,Shanghái,Shanghái,,Cosmética de color y maquillaje artístico,K022,JUDYDOLL (橘朵),#Judydoll #ColorCosmetics #MakeupTrends #CBeauty,Delineador de ojos mini de regalo por compras mayores a 129 RMB,,,,,,judydoll_official,https://weibo.com/u/6179342511,https://www.xiaohongshu.com/user/profile/597c416e50c4b42319208a0d,https://www.douyin.com/user/MS4wLjABAAAA_judydoll,,,https://judydoll.com,
1024,También Online,SI,NO,China,Guangdong,Cantón,,Maquillaje de alta pigmentación,K023,Colorkey (珂拉琪),#Colorkey #LipTint #ColorCosmetics #YouthTrends,Labial en formato travel de obsequio al registrarse en el club,,,,,,colorkey_cn,https://weibo.com/u/6684910237,https://www.xiaohongshu.com/user/profile/5c22f0e0000000000602bb44,https://www.douyin.com/user/MS4wLjABAAAA_colorkeycn,,,https://www.colorkey.com,
1025,También Online,SI,NO,China,Shanghái,Shanghái,,Moda de autor vanguardista,K024,MING MA,#MingMa #SculpturalFashion #AvantGarde #ShanghaiDesigner,Envío gratuito para toda la colección Ready-to-Wear,,,,,,mingma_studio,https://weibo.com/u/6604921873,https://www.xiaohongshu.com/user/profile/5c1a01390000000006037ad1,https://www.douyin.com/user/MS4wLjABAAAA_mingmastudio,,,https://ming-ma.com,
1026,También Online,SI,NO,China,Shanghái,Shanghái,,Joyería fina accesible y perlas,K025,OOAK,#OOAK #JewelryBoutique #DesignerJewelry #FashionAccessories,5% de descuento en la sección de joyería con perlas barrocas,,,,,,ooak_concept,https://weibo.com/u/2784910543,https://www.xiaohongshu.com/user/profile/56ee434750c4b4198c69cb50,https://www.douyin.com/user/MS4wLjABAAAA_ooakshanghai,,,https://www.ooakboutique.com,
1027,También Online,SI,NO,China,Shanghái,Shanghái,,Moda femenina de siluetas estructuradas,K026,SUSAN FANG,#SusanFang #AirWeave #Craftsmanship #PastelAesthetic,Muestrario de accesorios miniatura en pedidos superiores a 2000 RMB,,,,,,susanfang_official,https://weibo.com/u/6429410852,https://www.xiaohongshu.com/user/profile/5bb2e9730000000001004bb9,https://www.douyin.com/user/MS4wLjABAAAA_susanfangofficial,,,https://susanfang.com,
1028,También Online,SI,NO,China,Shanghái,Shanghái,,"Velas aromáticas, fragancias y hogar",K027,ToSummer (观夏),#ToSummer #HomeFragrance #OrientalScent #LifestyleLiving,Set de cerillas decorativas de cortesía con cada vela de edición especial,,,,,,tosummer_cn,https://weibo.com/u/6974192451,https://www.xiaohongshu.com/user/profile/5bceecdae8ac2b1a13e2bf80,https://www.douyin.com/user/MS4wLjABAAAA_tosummer,,,https://www.tosummer.com,
1029,También Online,SI,NO,China,Shanghái,Shanghái,,Moda femenina experimental,K028,MARCHEN,#Marchen #TulleDress #FeminineAesthetic #DesignerLabel,Envío express gratis en todas las órdenes domésticas,,,,,,marchen_studio,https://weibo.com/u/5691024873,https://www.xiaohongshu.com/user/profile/57b545d150c4b41b1836511b,https://www.douyin.com/user/MS4wLjABAAAA_marchen,,,https://www.marchen.me,
1030,También Online,SI,NO,China,Shanghái,Shanghái,,Moda prêt-à-porter y trajes de baño,K029,ZIGGY CHEN,#ZiggyChen #ArtisanalFashion #LinenApparel #SlowFashion,Envío sin costo en compras que incluyan prendas de nueva llegada,,,,,,ziggychen_official,https://weibo.com/u/3204918751,https://www.xiaohongshu.com/user/profile/5cd970d40000000010022f77,https://www.douyin.com/user/MS4wLjABAAAA_ziggychen,,,https://ziggychen.com,
1031,También Online,SI,NO,China,Shanghái,Shanghái,,Bolsos de piel geométrica,K030,DISSONA,#Dissona #LeatherCraft #Handbags #WomensAccessories,20% de descuento en la segunda unidad de billeteras de temporada,,,,,,dissona_official,https://weibo.com/u/1739485120,https://www.xiaohongshu.com/user/profile/58410fb350c4b4119859fbb3,https://www.douyin.com/user/MS4wLjABAAAA_dissonabags,,,https://www.dissona.com,
1032,También Online,SI,NO,China,Pekín,Pekín,,Moda contemporánea conceptual,K031,CHICCO MAO,#ChiccoMao #RunwayFashion #ModernTailoring #ChineseDesign,Cupón de 200 RMB aplicable en vestidos de fiesta y abrigos,,,,,,chiccomao_studio,https://weibo.com/u/3819402511,https://www.xiaohongshu.com/user/profile/591147a450c4b455018a3811,https://www.douyin.com/user/MS4wLjABAAAA_chiccomao,,,http://www.chiccomao.com,
1033,También Online,SI,NO,China,Shanghái,Shanghái,,Moda de autor femenina,K032,C+plus SERIES,#CPlusSeries #ChicFashion #UrbanWomen #Apparel,Envío nacional sin costo a partir de 800 RMB,,,,,,cplusseries_official,https://weibo.com/u/6539201485,https://www.xiaohongshu.com/user/profile/5ba34f98000000000100cde9,https://www.douyin.com/user/MS4wLjABAAAA_cplusseries,,,http://www.cplusseries.com,
1034,También Online,SI,NO,China,Shanghái,Shanghái,,Joyería de diseño conceptual,K033,HEFANG Jewelry,#HefangJewelry #FineJewelry #SilverAccessories #ChicDesigns,Joyero de terciopelo de regalo en compras superiores a 999 RMB,,,,,,hefangjewelry,https://weibo.com/u/3178491024,https://www.xiaohongshu.com/user/profile/584033b450c4b4249a0d8430,https://www.douyin.com/user/MS4wLjABAAAA_hefangjewelry,,,https://www.hefangjewelry.com,
1035,También Online,SI,NO,China,Guangdong,Shenzhen,,Joyería artesanal y perlas de agua dulce,K034,Blackhead,#Blackhead #StreetJewelry #SilverRings #Accessories,10% de descuento en el primer pedido al registrarse en el boletín,,,,,,blackhead_official,https://weibo.com/u/2739104825,https://www.xiaohongshu.com/user/profile/5811c79f50c4b41a54728512,https://www.douyin.com/user/MS4wLjABAAAA_blackhead,,,https://blackhead.com.cn,
1036,También Online,SI,NO,China,Shanghái,Shanghái,,Moda de autor vanguardista,K035,BAN XIAOXUE,#BanXiaoxue #NatureFashion #ArtWear #OrientalStyle,Prendas seleccionadas con 20% de descuento por cambio de estación,,,,,,banxiaoxue_studio,https://weibo.com/u/2691048293,https://www.xiaohongshu.com/user/profile/56a42250934336113b1940a2,https://www.douyin.com/user/MS4wLjABAAAA_banxiaoxue,,,http://www.banxiaoxue.cn,
1037,También Online,SI,NO,China,Shanghái,Shanghái,,Lencería de confort y loungewear,K036,Ubras,#Ubras #ComfortBra #SeamlessUnderwear #Loungewear,Cupón de 30 RMB para compras a través del programa de fidelidad,,,,,,ubras_official,https://weibo.com/u/5964821035,https://www.xiaohongshu.com/user/profile/575e533e50c4b449b29cb101,https://www.douyin.com/user/MS4wLjABAAAA_ubrasofficial,,,https://www.ubras.com,
1038,También Online,SI,NO,China,Shanghái,Shanghái,,Moda femenina contemporánea,K037,Leaf Xia,#LeafXia #ColorBlocking #PlayfulFashion #WomensFashion,Envío gratis en todas las órdenes de la nueva colección de verano,,,,,,leafxia_official,https://weibo.com/u/5834901284,https://www.xiaohongshu.com/user/profile/59a6744ce8ac2b56e6d1c920,https://www.douyin.com/user/MS4wLjABAAAA_leafxia,,,https://leafxiastudio.com,
1039,También Online,SI,NO,China,Shanghái,Shanghái,,Moda femenina de siluetas puras,K038,Staffonly,#Staffonly #ConceptualFashion #ContemporaryApparel #Runway,Envío estándar de cortesía sin mínimo de compra temporalmente,,,,,,staffonly_studio,https://weibo.com/u/5719304821,https://www.xiaohongshu.com/user/profile/58019e0750c4b47a1f6a0189,https://www.douyin.com/user/MS4wLjABAAAA_staffonly,,,http://staffonlystudio.com,
1040,También Online,SI,NO,China,Shanghái,Shanghái,,Calzado contemporáneo femenino,K039,73Hours,#73Hours #WomensShoes #Elegance #HeelsAndFlats,Bolsa guardapolvo de satén incluida con cada par de zapatos,,,,,,73hours_official,https://weibo.com/u/5349102847,https://www.xiaohongshu.com/user/profile/5820468350c4b449b29cb1f4,https://www.douyin.com/user/MS4wLjABAAAA_73hours,,,https://www.73hours.com.cn,
1041,También Online,SI,NO,China,Shanghái,Shanghái,,Moda de punto artesanal,K040,SHINPAKU,#Shinpaku #KnitApparel #HandmadeSweaters #SlowDesign,5% de rebaja en piezas de tejido natural al suscribirse,,,,,,shinpaku_knit,https://weibo.com/u/7491024831,https://www.xiaohongshu.com/user/profile/5f2015890000000001004ca5,https://www.douyin.com/user/MS4wLjABAAAA_shinpakustudio,,,https://shinpaku.com,
1042,También Online,SI,NO,China,Shanghái,Shanghái,,Moda femenina y sastrería fluida,K041,YIRANTIAN,#Yirantian #TailoredWomenswear #SilkApparel #ModernElegance,Envío express gratis en compras que superen los 1000 RMB,,,,,,yirantian_official,https://weibo.com/u/5319402851,https://www.xiaohongshu.com/user/profile/5829158a50c4b47a1f6a01cd,https://www.douyin.com/user/MS4wLjABAAAA_yirantian,,,https://yirantian.com,
1043,También Online,SI,NO,China,Shanghái,Shanghái,,Bolsos de piel sostenibles y accesorios,K042,OIAMI,#Oiami #MinimalBags #VeganLeather #Accessories,Cupón de descuento directo de 40 RMB para nuevos suscriptores,,,,,,oiami_design,https://weibo.com/u/7391048256,https://www.xiaohongshu.com/user/profile/5e73059800000000010059e1,https://www.douyin.com/user/MS4wLjABAAAA_oiamistudio,,,https://oiami.com,
1044,También Online,SI,NO,China,Shanghái,Shanghái,,Cosmética natural y aromaterapia,K043,FLORASIS (花西子),#Florasis #EasternBeauty #BotanicalCosmetics #EngravedMakeup,Brocha artesanal de edición especial por compras mayores a 350 RMB,,,,,,florasis_official,https://weibo.com/u/6194028471,https://www.xiaohongshu.com/user/profile/59a6744ce8ac2b56e6d1c810,https://www.douyin.com/user/MS4wLjABAAAA_florasis,,,https://florasis.com,
1045,También Online,SI,NO,China,Guangdong,Cantón,,Cosmética de color y cuidado facial,K044,Perfect Diary (完美日记),#PerfectDiary #ColorMakeup #Lipsticks #BeautyLovers,Espejo de bolsillo de cortesía para nuevas socias del club,,,,,,perfectdiary_cn,https://weibo.com/u/6284910283,https://www.xiaohongshu.com/user/profile/589047a450c4b455018a3877,https://www.douyin.com/user/MS4wLjABAAAA_perfectdiary,,,https://www.perfectdiary.com,
1046,También Online,SI,NO,China,Shanghái,Shanghái,,Joyería moderna y esmaltada,K045,Acleris,#Acleris #EnamelJewelry #ChicEarrings #Accessories,Envío gratuito estándar en compras de más de 300 RMB,,,,,,acleris_jewelry,https://weibo.com/u/7291048561,https://www.xiaohongshu.com/user/profile/5d9472390000000001004ae5,https://www.douyin.com/user/MS4wLjABAAAA_acleris,,,https://aclerisjewelry.com,
1047,También Online,SI,NO,China,Shanghái,Shanghái,,Moda femenina contemporánea,K046,Evening,#EveningFashion #BeijingFashion #ArtTailoring #EveningWear,10% de descuento en pedidos de temporada al registrarse,,,,,,evening_couture,https://weibo.com/u/2391048512,https://www.xiaohongshu.com/user/profile/5719304850c4b47a1f6a0120,https://www.douyin.com/user/MS4wLjABAAAA_eveningfashion,,,http://www.eveningevening.com,
1048,También Online,SI,NO,China,Shanghái,Shanghái,,Velas artesanales y difusores de hogar,K047,Maison Dix-Sept,#MaisonDixSept #HomeScents #Candles #InteriorLiving,Vela aromática mini en compras superiores a 400 RMB,,,,,,maisondixsept_cn,https://weibo.com/u/6491028574,https://www.xiaohongshu.com/user/profile/5ba34f98000000000100fa11,https://www.douyin.com/user/MS4wLjABAAAA_maisondixsept,,,https://maisondixsept.com,
1049,También Online,SI,NO,China,Shanghái,Shanghái,,Moda de autor y sastrería desconstructiva,K048,deepmoss,#deepmoss #AvantGarde #Draping #WomensFashion,Envío gratis en prendas de sastrería durante la campaña actual,,,,,,deepmoss_studio,https://weibo.com/u/3891048275,https://www.xiaohongshu.com/user/profile/56a42250934336113b194055,https://www.douyin.com/user/MS4wLjABAAAA_deepmoss,,,http://www.deepmoss.com,
1050,También Online,SI,NO,China,Shanghái,Shanghái,,Moda contemporánea y abrigos,K049,Fiona Chen,#FionaChen #PlayfulChic #ColorOuterwear #ContemporaryFashion,Cupón directo de 150 RMB para compras de abrigo y chaquetas,,,,,,fionachen_official,https://weibo.com/u/3194028561,https://www.xiaohongshu.com/user/profile/5742a22050c4b47a1f6a0199,https://www.douyin.com/user/MS4wLjABAAAA_fionachen,,,https://www.fionachen.com,
1051,También Online,SI,NO,China,Shanghái,Shanghái,,Ropa infantil de diseño y fibras naturales,K050,jnby by JNBY,#jnbybyJNBY #KidsFashion #NaturalFabrics #Childrenswear,10% de descuento en el conjunto infantil al comprar 2 o más piezas,,,,,,jnby_kids,https://weibo.com/u/2194028573,https://www.xiaohongshu.com/user/profile/575e533e50c4b449b29cb155,https://www.douyin.com/user/MS4wLjABAAAA_jnbykids,,,https://www.jnby.com,
1052,También Online,SI,NO,China,Fujian,Xiamen,,Moda femenina de diseño contemporáneo,K051,Ms MIN,#MsMIN #MinLiu #ModernChinoiserie #LuxuryFashion,Envío estándar de cortesía en pedidos superiores a 1500 RMB,,,,,,msmin_official,https://weibo.com/u/2180479153,https://www.xiaohongshu.com/user/profile/57b545d150c4b41b18365199,https://www.douyin.com/user/MS4wLjABAAAA_msminstudio,,,https://msmin.com,
1053,También Online,SI,NO,China,Zhejiang,Hangzhou,,Moda femenina y estampados tradicionales,K052,MUKZIN (密扇),#Mukzin #KateHan #NeoChineseStyle #OrientalChic,10% de descuento en la colección de primavera con newsletter,,,,,,mukzin_official,https://weibo.com/u/5284910247,https://www.xiaohongshu.com/user/profile/5829158a50c4b47a1f6a0144,https://www.douyin.com/user/MS4wLjABAAAA_mukzinfashion,,,https://mukzin.com,
1054,También Online,SI,NO,China,Shanghái,Shanghái,,Moda de pasarela y pret-a-porter,K053,MASHA MA,#MashaMa #RunwayFashion #ModernTailoring #WomenStyle,Envío nacional sin costo en todas las prendas de sastrería,,,,,,mashama_official,https://weibo.com/u/1894028571,https://www.xiaohongshu.com/user/profile/56a42250934336113b194090,https://www.douyin.com/user/MS4wLjABAAAA_mashama,,,http://masha-ma.com,
1055,También Online,SI,NO,China,Shanghái,Shanghái,,Moda femenina y bordado artesanal,K054,Shuting Qiu,#ShutingQiu #FloralEmbroidery #SustainableFashion #MilanRunway,Pañuelo de seda de edición limitada por compras sobre 3000 RMB,,,,,,shutingqiu_studio,https://weibo.com/u/6891048253,https://www.xiaohongshu.com/user/profile/5d4d3e7400000000010041f1,https://www.douyin.com/user/MS4wLjABAAAA_shutingqiu,,,https://shuting-qiu.com,
1056,También Online,SI,NO,China,Guangdong,Cantón,,Moda femenina experimental y pedrería,K055,Yueqi Qi,#YueqiQi #Beadwork #AvantGarde #ChineseCraft,Envío internacional gratuito a partir de 400 USD,,,,,,yueqiqi_studio,https://weibo.com/u/7491048290,https://www.xiaohongshu.com/user/profile/5fa7d53b0000000001008bf9,https://www.douyin.com/user/MS4wLjABAAAA_yueqiqi,,,https://yueqiqi.com,
1057,También Online,SI,NO,China,Shanghái,Shanghái,,Moda femenina y corsetería de diseño,K056,DIDU,#DIDU #DiDu #FeminismFashion #FuturisticDesign,Cupón de 100 RMB de bienvenida para nuevas suscriptoras,,,,,,didu_official,https://weibo.com/u/7319402854,https://www.xiaohongshu.com/user/profile/5e73059800000000010059aa,https://www.douyin.com/user/MS4wLjABAAAA_diduofficial,,,https://didu-official.com,
1058,También Online,SI,NO,China,Shanghái,Shanghái,,Moda de sastrería contemporánea y unisex,K057,Feng Chen Wang,#FengChenWang #DeconstructedFashion #ModernMenswear #UnisexChic,10% de descuento en la primera orden al registrarse,,,,,,fengchenwang_cn,https://weibo.com/u/5719304892,https://www.xiaohongshu.com/user/profile/5858f70050c4b449b29cb188,https://www.douyin.com/user/MS4wLjABAAAA_fengchenwang,,,https://fengchenwang.com,
1059,También Online,SI,NO,China,Shanghái,Shanghái,,Moda romántica de diseño y vestidos,K058,Caroline Hu,#CarolineHu #Reverie #RomanticDress #ArtisticFashion,Envío exprés gratuito en toda la línea de vestidos de novia,,,,,,carolinehu_studio,https://weibo.com/u/6910482751,https://www.xiaohongshu.com/user/profile/5bceecdae8ac2b1a13e2bfa2,https://www.douyin.com/user/MS4wLjABAAAA_carolinehu,,,https://carolinehu.com,
1060,También Online,SI,NO,China,Guangdong,Shenzhen,,Moda femenina de lujo y sastrería,K059,Marisfrolg (玛丝菲尔),#Marisfrolg #LuxuryWomenswear #TailoredSuits #ModernClassics,Regalo de foulard de seda en compras superiores a 2500 RMB,,,,,,marisfrolg_cn,https://weibo.com/u/1749102854,https://www.xiaohongshu.com/user/profile/572c6cfb50c4b433e147b1cc,https://www.douyin.com/user/MS4wLjABAAAA_marisfrolg,,,https://www.marisfrolg.com,
1061,También Online,SI,NO,China,Shanghái,Shanghái,,Moda femenina contemporánea,K060,DAZZLE,#DazzleFashion #ModernChic #TrendWear #WomensStyle,20% de descuento en la segunda prenda de nueva temporada,,,,,,dazzle_official,https://weibo.com/u/1829401563,https://www.xiaohongshu.com/user/profile/56ee434750c4b4198c69cb88,https://www.douyin.com/user/MS4wLjABAAAA_dazzlefashion,,,https://www.dazzle-fashion.com,
1062,También Online,SI,NO,China,Shanghái,Shanghái,,"Moda sostenible en lino, lana y seda",K061,ICICLE (之禾),#ICICLE #SustainableFashion #NaturalMaterials #EcoLuxury,Kit de cuidado para prendas de cachemira en compras sobre 3000 RMB,,,,,,icicle_official,https://weibo.com/u/1739402851,https://www.xiaohongshu.com/user/profile/58410fb350c4b4119859fbdd,https://www.douyin.com/user/MS4wLjABAAAA_icicleofficial,,,https://www.icicle.com,
1063,También Online,SI,NO,China,Guangdong,Cantón,,Moda urbana y femenina de centro comercial,K062,MO&Co.,#MOandCo #CoolGirlStyle #WomensApparel #UrbanFashion,Cupón directo de 100 RMB al unirse al programa de membresía,,,,,,moco_official,https://weibo.com/u/1769402844,https://www.xiaohongshu.com/user/profile/5811c79f50c4b41a54728544,https://www.douyin.com/user/MS4wLjABAAAA_moco_official,,,https://www.moco.com,
1064,También Online,SI,NO,China,Guangdong,Cantón,,Moda femenina minimalista y sastrería suave,K063,Edition,#EditionFashion #EffortlessChic #Gentlewoman #SophisticatedStyle,Envío gratuito estándar en pedidos superiores a 1000 RMB,,,,,,edition_official,https://weibo.com/u/2319402852,https://www.xiaohongshu.com/user/profile/597147a450c4b455018a3899,https://www.douyin.com/user/MS4wLjABAAAA_editionfashion,,,https://www.edition.com.cn,
1065,También Online,SI,NO,China,Guangdong,Shenzhen,,Moda femenina de estética oriental y corte amplio,K064,DAMOWANG,#DamoWang #NeoChinese #ContemporarySuits #WomensWear,Descuento del 15% en prendas seleccionadas de fin de temporada,,,,,,damowang_studio,https://weibo.com/u/6194028574,https://www.xiaohongshu.com/user/profile/5c1a01390000000006037aee,https://www.douyin.com/user/MS4wLjABAAAA_damowang,,,https://damowang.cn,
1066,También Online,SI,NO,China,Shanghái,Shanghái,,Moda urbana de género neutro y accesorios,K065,PRIVATE POLICY,#PrivatePolicy #StreetStyle #UrbanApparel #RebelChic,10% de rebaja en la primera orden online para nuevos clientes,,,,,,privatepolicy_cn,https://weibo.com/u/5910482753,https://www.xiaohongshu.com/user/profile/5ba34f98000000000100cdee,https://www.douyin.com/user/MS4wLjABAAAA_privatepolicy,,,https://privatepolicyny.com,
1067,También Online,SI,NO,China,Shanghái,Shanghái,,Moda femenina y corte escultórico,K066,Wanbing Huang,#WanbingHuang #SculpturalWear #LingerieFashion #Couture,Envío exprés gratuito en compras superiores a 2000 RMB,,,,,,wanbinghuang_cn,https://weibo.com/u/6219402841,https://www.xiaohongshu.com/user/profile/5bb2e9730000000001004bcc,https://www.douyin.com/user/MS4wLjABAAAA_wanbinghuang,,,http://wanbinghuang.com,
1068,También Online,SI,NO,China,Shanghái,Shanghái,,Ropa deportiva técnica y activewear de diseño,K067,Particle Fever (粒子狂热),#ParticleFever #TechnicalApparel #GymWear #ActivewearDesign,Bolsa deportiva impermeable de cortesía por compras sobre 800 RMB,,,,,,particlefever_cn,https://weibo.com/u/5619402854,https://www.xiaohongshu.com/user/profile/5742a22050c4b47a1f6a01dd,https://www.douyin.com/user/MS4wLjABAAAA_particlefever,,,https://particle-fever.com,
1069,También Online,SI,NO,China,Shanghái,Shanghái,,Ropa de yoga y activewear femenino,K068,MAIA ACTIVE,#MaiaActive #YogaApparel #AsianFit #ActiveLifestyle,Envío gratis y 50 RMB de descuento en el primer set de leggings,,,,,,maiaactive_cn,https://weibo.com/u/5939402851,https://www.xiaohongshu.com/user/profile/575e533e50c4b449b29cb199,https://www.douyin.com/user/MS4wLjABAAAA_maiaactive,,,https://www.maiaactive.com,
1070,También Online,SI,NO,China,Shanghái,Shanghái,,Cosmética de diseño y maquillaje temático,K069,GIRLCULT,#Girlcult #CBeauty #SurrealCosmetics #ColorMakeup,Pegatinas artísticas y brocha de detalle de regalo con paletas de sombra,,,,,,girlcult_official,https://weibo.com/u/6519402852,https://www.xiaohongshu.com/user/profile/5b682cfce8ac2b0833a1e9ff,https://www.douyin.com/user/MS4wLjABAAAA_girlcult,,,https://girlcult.cn,
1071,También Online,SI,NO,China,Shanghái,Shanghái,,Labiales y cosmética labial de textura barro,K070,INTO YOU (心慕与你),#IntoYou #LipMud #MatteLip #CBeautyMakeup,Mini labial de tono exclusivo en compras superiores a 99 RMB,,,,,,intoyou_official,https://weibo.com/u/7194028563,https://www.xiaohongshu.com/user/profile/5dc7f69800000000010072ee,https://www.douyin.com/user/MS4wLjABAAAA_intoyou,,,https://intoyoucosmetics.com,
1072,También Online,SI,NO,China,Shanghái,Shanghái,,Cosmética de color y sombras futuristas,K071,Kaleidos Makeup (万花镜),#KaleidosMakeup #FuturisticBeauty #SpaceAge #EyeshadowPalette,Envío gratis en todos los pedidos nacionales mayores a 200 RMB,,,,,,kaleidos_official,https://weibo.com/u/6819402847,https://www.xiaohongshu.com/user/profile/5c22f0e0000000000602bb88,https://www.douyin.com/user/MS4wLjABAAAA_kaleidos,,,https://kaleidosmakeup.com,
1073,También Online,SI,NO,China,Zhejiang,Hangzhou,,Cosmética estética de inspiración victoriana,K072,Flower Knows (花知晓),#FlowerKnows #UnicornCosmetics #EmbossedMakeup #PrincessAesthetic,Espejo de mano de mano ornamental gratis por compras sobre 299 RMB,,,,,,flowerknows_cn,https://weibo.com/u/5819402855,https://www.xiaohongshu.com/user/profile/597c416e50c4b42319208a44,https://www.douyin.com/user/MS4wLjABAAAA_flowerknows,,,https://flowerknows.co,
1074,También Online,SI,NO,China,Shanghái,Shanghái,,Cosmética contemporánea y bálsamos labiales,K073,Joocyee (酵色),#Joocyee #VintageRomance #CBeautyChic #LipGloss,Doble muestra de suero hidratante labial en compras web,,,,,,joocyee_official,https://weibo.com/u/7394028562,https://www.xiaohongshu.com/user/profile/5e73059800000000010059cc,https://www.douyin.com/user/MS4wLjABAAAA_joocyee,,,https://joocyee.com,
1075,También Online,SI,NO,China,Guangdong,Cantón,,Cosmética de estilo tradicional chino,K074,CATKIN (卡婷),#CatkinCosmetics #GuochaoBeauty #CarvedLipstick #ChineseStyle,Set de 2 labiales grabados con 15% de descuento directo,,,,,,catkin_official,https://weibo.com/u/3219402854,https://www.xiaohongshu.com/user/profile/589047a450c4b455018a38bb,https://www.douyin.com/user/MS4wLjABAAAA_catkinofficial,,,https://catkin.com,
1076,También Online,SI,NO,China,Shanghái,Shanghái,,Maquillaje juvenil y perfiladores de ojos,K075,FLORTTE (花洛莉亚),#Flortte #SweetStyle #ColorEyeliner #JellyLip,Sacapuntas cosmético de precisión gratis al adquirir 2 delineadores,,,,,,flortte_official,https://weibo.com/u/6919402851,https://www.xiaohongshu.com/user/profile/5d9472390000000001004aff,https://www.douyin.com/user/MS4wLjABAAAA_flortte,,,https://flortte.com,
1077,También Online,SI,NO,China,Shanghái,Shanghái,,Perfumería nicho de lujo y extractos botánicos,K076,Melt Season,#MeltSeason #NicheFragrance #LuxuryPerfume #OrientalNotes,Muestrario de 2 ml de bienvenida con cada orden online,,,,,,meltseason_cn,https://weibo.com/u/7519402852,https://www.xiaohongshu.com/user/profile/616d25f7000000000201d1fa,https://www.douyin.com/user/MS4wLjABAAAA_meltseason,,,https://meltseason.com,
1078,También Online,SI,NO,China,Pekín,Pekín,,Fragancias urbanas y velas con aromas de memoria,K077,Scent Library (气味图书馆),#ScentLibrary #MemoryScent #WhiteRabbitPerfume #HomeFragrance,Gel de ducha mini de regalo en compras de fragancias mayores a 199 RMB,,,,,,scentlibrary_cn,https://weibo.com/u/1919402854,https://www.xiaohongshu.com/user/profile/584033b450c4b4249a0d8488,https://www.douyin.com/user/MS4wLjABAAAA_scentlibrary,,,https://www.scentlibrary.com,
1079,También Online,SI,NO,China,Shanghái,Shanghái,,Cuidado corporal y aromaterapia de ducha,K078,PLUS TWO (普拉斯兔),#PlusTwo #BodyCare #ShowerAroma #SelfCareEssentials,Dispensador espumador de cortesía con la compra de recargas corporales,,,,,,plustwo_cn,https://weibo.com/u/7419402851,https://www.xiaohongshu.com/user/profile/5f2015890000000001004cdd,https://www.douyin.com/user/MS4wLjABAAAA_plustwo,,,https://plustwo.cn,
1080,También Online,SI,NO,China,Shanghái,Shanghái,,Perfumería de autor y estética filosófica,K079,RE CLASSIFIED (调香室),#ReClassified #PerfumeAtelier #Candles #PhilosophyScent,10% de descuento en velas aromáticas de gran formato,,,,,,reclassified_cn,https://weibo.com/u/3619402853,https://www.xiaohongshu.com/user/profile/5719304850c4b47a1f6a0166,https://www.douyin.com/user/MS4wLjABAAAA_reclassified,,,https://www.re-classified.com,
1081,También Online,SI,NO,China,Guangdong,Cantón,,Cosmética botánica basada en la glabridina,K080,GUYU (谷雨),#GuyuSkincare #Glabridin #SkinBrightening #CleanCosmetics,Crema facial iluminadora en tamaño viaje por compras sobre 260 RMB,,,,,,guyu_official,https://weibo.com/u/6419402855,https://www.xiaohongshu.com/user/profile/59a6744ce8ac2b56e6d1c866,https://www.douyin.com/user/MS4wLjABAAAA_guyuskincare,,,https://www.guyuskincare.com,
1082,También Online,SI,NO,China,Guangdong,Cantón,,Cuidado facial para pieles sensibles,K081,Simpcare (溪木源),#Simpcare #SensitiveSkin #BotanicalCare #GentleBeauty,Pack de 5 mascarillas calmantes de regalo en pedidos superiores a 299 RMB,,,,,,simpcare_official,https://weibo.com/u/7219402854,https://www.xiaohongshu.com/user/profile/5ba34f98000000000100fa55,https://www.douyin.com/user/MS4wLjABAAAA_simpcare,,,https://www.simpcare.com,
1083,También Online,SI,NO,China,Shanghái,Shanghái,,Bolsos de diseño geométrico y herrajes distintivos,K082,Apede Mod,#ApedeMod #FroggyBag #GeometricLeather #DesignerHandbags,10% de descuento de bienvenida suscribiendo correo electrónico,,,,,,apedemod_official,https://weibo.com/u/6019402851,https://www.xiaohongshu.com/user/profile/591147a450c4b455018a3855,https://www.douyin.com/user/MS4wLjABAAAA_apedemod,,,https://apede-mod.com,
1084,También Online,SI,NO,China,Pekín,Pekín,,Marroquinería colorida y bolsos de mano,K083,Amazing Song,#AmazingSong #SoftLeather #ColorBags #SisterhoodBrand,Charm de piel para bolso de obsequio en órdenes mayores a 699 RMB,,,,,,amazingsong_cn,https://weibo.com/u/5419402853,https://www.xiaohongshu.com/user/profile/5ad0444ce8ac2b1a13e2bbdd,https://www.douyin.com/user/MS4wLjABAAAA_amazingsong,,,https://amazingsong.com,
1085,También Online,SI,NO,China,Pekín,Pekín,,Bolsos artesanales de cuero curtido vegetal,K084,Joydivision Vintage,#JoydivisionVintage #VegetableTanned #ArtisanalLeather #VintageBags,Bálsamo de mantenimiento de cuero de regalo con bolsos tote,,,,,,joydivision_leather,https://weibo.com/u/2219402852,https://www.xiaohongshu.com/user/profile/5820468350c4b449b29cb1aa,https://www.douyin.com/user/MS4wLjABAAAA_joydivision,,,https://joydivision.cn,
1086,También Online,SI,NO,China,Shanghái,Shanghái,,Moda urbana femenina con espíritu lúdico,K085,BABYGHOST,#Babyghost #UrbanCool #DowntownGirl #IndieFashion,Envío gratis nacional en cualquier pedido de la colección actual,,,,,,babyghost_official,https://weibo.com/u/1929402851,https://www.xiaohongshu.com/user/profile/56a47a1993433604bc493588,https://www.douyin.com/user/MS4wLjABAAAA_babyghost,,,https://baby-ghost.com,
1087,También Online,SI,NO,China,Zhejiang,Hangzhou,,Cosmética orgánica a base de té de Longjing,K086,Lu Ming Tang (露茗堂),#LuMingTang #TeaCosmetics #FrenchChineseFusion #AntioxidantSkin,Muestra de crema de té verde con cada compra realizada en la web,,,,,,lumingtang_official,https://weibo.com/u/5729402852,https://www.xiaohongshu.com/user/profile/5a544d67e8ac2b6f4e195dee,https://www.douyin.com/user/MS4wLjABAAAA_lumingtang,,,https://lumingtang.com,
1088,También Online,SI,NO,China,Shanghái,Shanghái,,Lencería de diseño y loungewear de seda,K087,HER SENSES,#HerSenses #SilkLingerie #BodyArchitecture #UnderwearDesign,Bolsa de lavado de prendas delicadas gratis en pedidos de conjuntos,,,,,,hersenses_studio,https://weibo.com/u/7229402853,https://www.xiaohongshu.com/user/profile/5f33e7260000000001003499,https://www.douyin.com/user/MS4wLjABAAAA_hersenses,,,https://hersenses.com,
1089,También Online,SI,NO,China,Pekín,Pekín,,Lencería artesanal a medida y seda bordada,K088,Pillowbook Lingerie,#Pillowbook #BespokeLingerie #SilkLoungewear #ArtisanalUnderwear,Envío gratuito en prendas a medida dentro de China continental,,,,,,pillowbook_couture,https://weibo.com/u/2819402854,https://www.xiaohongshu.com/user/profile/5cd970d40000000010022f99,https://www.douyin.com/user/MS4wLjABAAAA_pillowbook,,,https://thepillowbook.biz,
1090,También Online,SI,NO,China,Pekín,Pekín,,Alta joyería minimalista en oro de 18 quilates,K089,YIN (隐),#YINjewelry #18kGold #MinimalistFineJewelry #EastMeetsWest,Póliza de mantenimiento y pulido gratuito por un año,,,,,,yinjewelry_official,https://weibo.com/u/3919402851,https://www.xiaohongshu.com/user/profile/58410fb350c4b4119859fbaa,https://www.douyin.com/user/MS4wLjABAAAA_yinjewelry,,,https://yinjewelry.com,
1091,También Online,SI,NO,China,Guangdong,Shenzhen,,Gafas de sol de vanguardia y accesorios faciales,K090,PERCY LAU,#PercyLau #AvantGardeEyewear #UniqueGlasses #FashionAccessories,Funda rígida de diseño incluida con cada gafa de sol,,,,,,percylau_official,https://weibo.com/u/3419402853,https://www.xiaohongshu.com/user/profile/58019e0750c4b47a1f6a01dd,https://www.douyin.com/user/MS4wLjABAAAA_percylau,,,https://percylau.com,
1092,También Online,SI,NO,China,Guangdong,Shenzhen,,Joyería de moda contemporánea y gargantillas,K091,ABYB CHARMING,#AbybCharming #ChicJewelry #EverydaySparkle #Accessories,Envío gratuito estándar en pedidos de más de 299 RMB,,,,,,abybcharming_cn,https://weibo.com/u/7429402852,https://www.xiaohongshu.com/user/profile/5f2015890000000001004caa,https://www.douyin.com/user/MS4wLjABAAAA_abybcharming,,,https://abybcharming.com,
1093,También Online,SI,NO,China,Shanghái,Shanghái,,Joyería fina en oro y piedras semipreciosas,K092,KKLUE,#KKLUE #FineJewelry #EmpowermentJewelry #ModernGems,10% de rebaja en colgantes seleccionados al suscribirse,,,,,,kklue_official,https://weibo.com/u/5829402851,https://www.xiaohongshu.com/user/profile/596f0e4b50c4b407421fbc99,https://www.douyin.com/user/MS4wLjABAAAA_kklue,,,https://kklue.com,
1094,También Online,SI,NO,China,Pekín,Pekín,,Alta joyería escultórica inspirada en tradición oriental,K093,Bao Bao Wan Fine Jewelry,#BaoBaoWan #HighJewelry #PagodaPendants #ExclusiveGems,Limpieza profesional de joyas de por vida para miembros,,,,,,baobaowan_jewels,https://weibo.com/u/1629402854,https://www.xiaohongshu.com/user/profile/56ee434750c4b4198c69cb22,https://www.douyin.com/user/MS4wLjABAAAA_baobaowan,,,https://baobaowan.com,
1095,También Online,SI,NO,China,Pekín,Pekín,,Moda femenina de corte retro y estampados geométricos,K094,Chictopia,#Chictopia #ChristineLau #RetroChic #QuirkyPrints,Envío exprés gratis a partir de 1200 RMB en pedidos de ropa,,,,,,chictopia_official,https://weibo.com/u/1719402853,https://www.xiaohongshu.com/user/profile/5742a22050c4b47a1f6a0166,https://www.douyin.com/user/MS4wLjABAAAA_chictopia,,,http://chictopia.net,
1096,También Online,SI,NO,China,Pekín,Pekín,,Moda de autor femenina y sastrería estructurada,K095,VEGA ZAISHI WANG,#VegaZaishiWang #CapeCoat #StructuredFashion #IndependentDesigner,15% de descuento en la sección de abrigos de pura lana,,,,,,vegazaishiwang_cn,https://weibo.com/u/1819402852,https://www.xiaohongshu.com/user/profile/5811c79f50c4b41a54728599,https://www.douyin.com/user/MS4wLjABAAAA_vegazaishiwang,,,http://vegazaishiwang.com,
1097,También Online,SI,NO,China,Shanghái,Shanghái,,Moda femenina contemporánea de autor,K096,HELEN LEE,#HelenLee #ShanghaiStyle #ModernUrban #ChicWomenswear,Cupón de 200 RMB aplicable en vestidos de cóctel,,,,,,helenlee_official,https://weibo.com/u/1939402851,https://www.xiaohongshu.com/user/profile/5858f70050c4b449b29cb166,https://www.douyin.com/user/MS4wLjABAAAA_helenlee,,,http://www.helenlee.com,
1098,También Online,SI,NO,China,Guangdong,Cantón,,Moda femenina y sastrería arquitectónica minimalista,K097,RICOSTRU,#Ricostru #RicoManchitAu #ArchitecturalFashion #MinimalWomen,Envío nacional sin costo en compras superiores a 1500 RMB,,,,,,ricostru_official,https://weibo.com/u/2019402854,https://www.xiaohongshu.com/user/profile/5b682cfc12ac2b0833a1e9e4,https://www.douyin.com/user/MS4wLjABAAAA_ricostru,,,https://ricostru.com,
1099,También Online,SI,NO,China,Guangdong,Shenzhen,,Prendas de punto fino y diseño con formas orgánicas,K098,i-am-chen (支晨),#iamchen #ZhiChen #KnitwearTechnique #ColorBlocking,5% de descuento al adquirir 2 o más piezas de la colección de punto,,,,,,iamchen_studio,https://weibo.com/u/6129402853,https://www.xiaohongshu.com/user/profile/5c1a1796000000000800fa55,https://www.douyin.com/user/MS4wLjABAAAA_iamchen,,,https://i-am-chen.com,
1100,También Online,SI,NO,China,Shanghái,Shanghái,,"Flores, fragancias de hogar y artículos de decoración",K099,THE BEAST (野兽派),#TheBeastHome #LifestyleStore #SilkPajamas #HomeScents,Mini vela perfumada de obsequio en órdenes mayores a 450 RMB,,,,,,thebeast_official,https://weibo.com/u/2619402851,https://www.xiaohongshu.com/user/profile/5829158a50c4b47a1f6a0188,https://www.douyin.com/user/MS4wLjABAAAA_thebeast,,,https://www.thebeastshop.com,
1101,También Online,SI,NO,China,Shanghái,Shanghái,,Moda de estilo de vida lento y ropa en algodón orgánico,K100,klee klee,#klee_klee #SlowFashion #EcoFriendlyApparel #NaturalLiving,Bolsa de tela de algodón orgánico por compras superiores a 800 RMB,,,,,,kleeklee_official,https://weibo.com/u/5929402854,https://www.xiaohongshu.com/user/profile/597c416e50c4b42319208a88,https://www.douyin.com/user/MS4wLjABAAAA_kleeklee,,,https://kleeklee.cn,
1,También Online,SI,SI,Estados Unidos,California,Los Angeles,,Moda,,Spanx,,#SpanxStyle #Shapewear #EverydayLeggings #Activewear,10% de descuento con suscripción al newsletter,https://wa.me/18003414021,https://www.facebook.com/SPANX,https://www.instagram.com/spanx,https://www.tiktok.com/@spanx,https://www.spanx.com
2,También Online,SI,SI,Estados Unidos,California,Los Angeles,,Cosmética y cuidado personal,,Glossier,,#Glossier #CleanDewySkin #YouPerfume #CloudPaint,15% de descuento en tu primera compra online,https://wa.me/18446927843,https://www.facebook.com/glossier,https://www.instagram.com/glossier,https://www.tiktok.com/@glossier,https://www.glossier.com
3,También Online,SI,SI,Estados Unidos,Florida,Miami,,Moda,,Eberjey,,#Eberjey #PajamaSet #Loungewear #SleepwearInStyle,15% de descuento al registrarte con correo electrónico,https://wa.me/18553237539,https://www.facebook.com/eberjey,https://www.instagram.com/eberjey,https://www.tiktok.com/@eberjey,https://www.eberjey.com
4,También Online,SI,SI,Estados Unidos,Texas,Houston,,Joyería y accesorios,,Kendra Scott,,#KendraScott #ColorBar #FineJewelry #TexasJewelry,15% de descuento al suscribirte al newsletter,https://wa.me/18666752637,https://www.facebook.com/KendraScott,https://www.instagram.com/kendrascott,https://www.tiktok.com/@kendrascott,https://www.kendrascott.com
5,También Online,SI,SI,Estados Unidos,California,San Francisco,,Calzado,,Birdies,,#BirdiesSlippers #BirdiesFlats #StylishComfort #WomenShoes,$20 de descuento en tu primer pedido mayor a $100,https://wa.me/14159670088,https://www.facebook.com/birdiesslippers,https://www.instagram.com/birdiesslippers,https://www.tiktok.com/@birdiesslippers,https://www.birdies.com
6,También Online,SI,SI,Estados Unidos,California,San Francisco,,Marroquinería,,Cuyana,,#Cuyana #FewerBetterThings #LeatherTote #CapsuleWardrobe,10% de descuento al suscribirte al newsletter,https://wa.me/18442892621,https://www.facebook.com/cuyana,https://www.instagram.com/cuyana,https://www.tiktok.com/@cuyana,https://www.cuyana.com
7,También Online,SI,SI,Estados Unidos,Texas,Austin,,Moda,,Outdoor Voices,,#OutdoorVoices #DoingThings #Activewear #Athleisure,20% de descuento en tu primera compra con registro,https://wa.me/18666886423,https://www.facebook.com/outdoorvoices,https://www.instagram.com/outdoorvoices,https://www.tiktok.com/@outdoorvoices,https://www.outdoorvoices.com
8,También Online,SI,SI,Estados Unidos,California,San Francisco,,Cosmética y cuidado personal,,Biossance,,#Biossance #SqualaneScience #CleanBeauty #VeganSkincare,20% de descuento al suscribirte al boletín de noticias,https://wa.me/18446882467,https://www.facebook.com/biossance,https://www.instagram.com/biossance,https://www.tiktok.com/@biossance,https://www.biossance.com
9,También Online,SI,SI,Estados Unidos,Texas,Dallas,,Calzado,,Margaux,,#MargauxNY #ClassicBalletFlats #CustomFit #EverydayLuxury,10% de descuento en tu primer par con suscripción,https://wa.me/18882585250,https://www.facebook.com/margauxny,https://www.instagram.com/margauxny,https://www.tiktok.com/@margauxny,https://www.margauxny.com
10,También Online,SI,SI,Estados Unidos,Florida,Miami,,Marroquinería,,MZ Wallace,,#MZWallace #NylonBags #EverydayTote #TravelBags,15% de descuento al unirte al mailing oficial,https://wa.me/18886005559,https://www.facebook.com/MZWallaceNY,https://www.instagram.com/mzwallacenyc,https://www.tiktok.com/@mzwallacenyc,https://www.mzwallace.com
11,También Online,SI,SI,Estados Unidos,California,San Diego,,Joyería y accesorios,,Gorjana,,#Gorjana #LayeredJewelry #GoldJewelry #LagunaBeach,Envío estándar gratis en compras mayores a $50,https://wa.me/18668294330,https://www.facebook.com/gorjana,https://www.instagram.com/gorjana,https://www.tiktok.com/@gorjana,https://www.gorjana.com
12,También Online,SI,SI,Estados Unidos,Texas,Austin,,Cosmética y cuidado personal,,Supergoop!,,#Supergoop #UnseenSunscreen #SPFEveryday #SunProtection,10% de descuento al suscribirte al boletín,https://wa.me/18775647309,https://www.facebook.com/supergoop,https://www.instagram.com/supergoop,https://www.tiktok.com/@supergoop,https://www.supergoop.com
13,También Online,SI,SI,Estados Unidos,Florida,Orlando,,Moda infantil,,Kyte Baby,,#KyteBaby #BambooBaby #SoftSleepers #BabyNursery,10% de descuento al registrarte con newsletter,https://wa.me/18884983222,https://www.facebook.com/kytebaby,https://www.instagram.com/kytebaby,https://www.tiktok.com/@kytebaby,https://www.kytebaby.com
14,También Online,SI,SI,Estados Unidos,California,San Francisco,,Joyería y accesorios,,Catbird,,#CatbirdNYC #FineJewelry #RecycledGold #StackingRings,Envío gratis en compras domésticas superiores a $100,https://wa.me/17185993887,https://www.facebook.com/catbirdnyc,https://www.instagram.com/catbirdnyc,https://www.tiktok.com/@catbirdnyc,https://www.catbirdnyc.com
15,También Online,SI,SI,Estados Unidos,California,San Diego,,Moda,,L*Space,,#LSpace #Swimwear #Resortwear #BikiniLife,15% de descuento con suscripción por email,https://wa.me/19495530386,https://www.facebook.com/LSpaceSwimwear,https://www.instagram.com/lspace,https://www.tiktok.com/@lspace,https://www.lspace.com
16,También Online,SI,SI,Estados Unidos,Florida,Miami,,Marroquinería,,Senreve,,#Senreve #ConvertibleBag #ItalianLeather #LuxuryWorkbag,$50 de descuento en tu primera compra con registro,https://wa.me/14159065600,https://www.facebook.com/senreve,https://www.instagram.com/senreve,https://www.tiktok.com/@senreve,https://www.senreve.com
17,También Online,SI,SI,Estados Unidos,Texas,Dallas,,Marroquinería,,Leatherology,,#Leatherology #MonogrammedLeather #TravelAccessories #DailyCarry,10% de descuento en artículos monogramados al suscribirte,https://wa.me/18006531375,https://www.facebook.com/leatherology,https://www.instagram.com/leatherology,https://www.tiktok.com/@leatherology,https://www.leatherology.com
18,También Online,SI,SI,Estados Unidos,California,San Francisco,,Calzado,,Freda Salvador,,#FredaSalvador #HandmadeShoes #ArtisanMade #EverydayLuxury,15% de descuento al registrarte con newsletter,https://wa.me/14156545123,https://www.facebook.com/FredaSalvador,https://www.instagram.com/fredasalvador,https://www.tiktok.com/@fredasalvador,https://www.fredasalvador.com
19,También Online,SI,SI,Estados Unidos,Florida,Miami,,Moda,,Alexis,,#ShopAlexis #FeminineDresses #MiamiDesign #LuxuryApparel,15% de descuento al registrarte con newsletter,https://wa.me/13055734499,https://www.facebook.com/shopalexisofficial,https://www.instagram.com/shopalexis,https://www.tiktok.com/@shopalexis,https://www.shopalexis.com
20,También Online,SI,SI,Estados Unidos,Texas,Austin,,Marroquinería,,Kelly Wynne,,#KellyWynne #ClearBags #StadiumApproved #LeatherHandbags,15% de descuento al unirte a la lista de compras,https://wa.me/15124727707,https://www.facebook.com/kellywynnehandbags,https://www.instagram.com/kellywynnestudio,https://www.tiktok.com/@kellywynnestudio,https://www.kellywynne.com
21,También Online,SI,SI,Estados Unidos,California,San Diego,,Moda infantil,,Posh Peanut,,#PoshPeanut #BambooPajamas #FloralSwaddles #BabyRomper,10% de descuento con suscripción al newsletter,https://wa.me/18188243399,https://www.facebook.com/poshpeanut,https://www.instagram.com/poshpeanut,https://www.tiktok.com/@poshpeanut,https://www.poshpeanut.com
22,También Online,SI,SI,Estados Unidos,Texas,Houston,,Moda infantil,,The Beaufort Bonnet Company,,#TBBC #SouthernChildren #ClassicSmocking #VintageKids,Envío estándar gratis en compras mayores a $100,https://wa.me/18599673209,https://www.facebook.com/thebeaufortbonnetcompany,https://www.instagram.com/beaufortbonnet,https://www.tiktok.com/@beaufortbonnet,https://www.thebeaufortbonnetcompany.com
23,También Online,SI,SI,Estados Unidos,Florida,Miami,,Decoración del hogar,,Boy Smells,,#BoySmells #Genderful #ScentedCandles #HomeFragrance,15% de descuento al unirte a la lista de correo,https://wa.me/13233806788,https://www.facebook.com/boysmells,https://www.instagram.com/boysmells,https://www.tiktok.com/@boysmells,https://www.boysmells.com
24,También Online,SI,SI,Estados Unidos,Texas,Dallas,,Moda infantil,,Dondolo,,#Dondolo #GivingBack #TraditionalChildren #HandSmocked,10% de descuento en tu primera compra para niños,https://wa.me/12145500588,https://www.facebook.com/dondolousa,https://www.instagram.com/dondolo,https://www.tiktok.com/@dondolo,https://www.dondolo.com
25,También Online,SI,SI,Estados Unidos,California,San Francisco,,Moda,,Amour Vert,,#AmourVert #SustainableStyle #EcoFabrics #FrenchStyle,15% de descuento en tu primera compra oficial,https://wa.me/18555660808,https://www.facebook.com/AmourVert,https://www.instagram.com/amourvert,https://www.tiktok.com/@amourvert,https://www.amourvert.com
26,También Online,SI,SI,Estados Unidos,Florida,Miami,,Calzado,,Schutz,,#SchutzShoes #StrappySandals #BrazilianDesign #PartyHeels,15% de descuento al unirte al mailing oficial,https://wa.me/18443724889,https://www.facebook.com/schutzusa,https://www.instagram.com/schutz,https://www.tiktok.com/@schutz,https://www.schutz-shoes.com
27,También Online,SI,SI,Estados Unidos,Texas,Houston,,Joyería y accesorios,,Mignonne Gavigan,,#MignonneGavigan #StatementEarrings #ScarfNecklace #BeadedJewelry,15% de descuento al registrarte con newsletter,https://wa.me/18552328844,https://www.facebook.com/mignonnegavigan,https://www.instagram.com/mignonnegavigan,https://www.tiktok.com/@mignonnegavigan,https://www.mignonnegavigan.com
28,También Online,SI,SI,Estados Unidos,California,San Diego,,Joyería y accesorios,,Pura Vida Bracelets,,#PuraVidaBracelets #ArtisanJewelry #LiveFree #StackBracelets,20% de descuento en tu primera compra online,https://wa.me/18582308670,https://www.facebook.com/puravidabracelets,https://www.instagram.com/puravidabracelets,https://www.tiktok.com/@puravidabracelets,https://www.puravidabracelets.com
29,También Online,SI,SI,Estados Unidos,Florida,Fort Lauderdale,,Moda infantil,,Pink Chicken,,#PinkChicken #BohoKids #MommyAndMe #VintagePatterns,15% de descuento al suscribirte al newsletter,https://wa.me/12122554188,https://www.facebook.com/pinkchickenny,https://www.instagram.com/pinkchickenny,https://www.tiktok.com/@pinkchickenny,https://www.pinkchicken.com
30,También Online,SI,SI,Estados Unidos,Texas,Austin,,Calzado,,Helm Boots,,#HelmBoots #HandcraftedLeather #HeritageBoots #AustinMade,$50 de descuento en tu primer par de botas de cuero,https://wa.me/15126098322,https://www.facebook.com/helmboots,https://www.instagram.com/helmboots,https://www.tiktok.com/@helmboots,https://www.helmboots.com
31,También Online,SI,SI,Estados Unidos,Florida,Miami,,Moda,,Pitusa,,#Pitusa #Resortwear #BohoLuxe #Beachwear,15% de descuento al unirte al boletín de noticias,https://wa.me/17865364121,https://www.facebook.com/pitusaclothing,https://www.instagram.com/pitusa.co,https://www.tiktok.com/@pitusa.co,https://www.pitusa.co
32,También Online,SI,SI,Estados Unidos,Texas,Houston,,Moda,,Hunter Bell,,#HunterBell #SouthernFashion #ModernFeminine #BoldPrints,15% de descuento en tu primer pedido con email,https://wa.me/17135261177,https://www.facebook.com/hunterbellnyc,https://www.instagram.com/hunterbellnyc,https://www.tiktok.com/@hunterbellnyc,https://www.hunterbellnyc.com
33,También Online,SI,SI,Estados Unidos,California,San Francisco,,Decoración del hogar,,Parachute Home,,#ParachuteHome #ModernLinens #HomeComfort #EcoBedding,15% de descuento en tu primera compra de ropa de cama,https://wa.me/18889683522,https://www.facebook.com/parachutehome,https://www.instagram.com/parachutehome,https://www.tiktok.com/@parachutehome,https://www.parachutehome.com
34,También Online,SI,SI,Estados Unidos,Texas,Dallas,,Decoración del hogar,,St. Frank,,#StFrank #ArtisanTextiles #BohoLuxe #FairTradeDecor,$50 de descuento en compras mayores a $250 con email,https://wa.me/18664958866,https://www.facebook.com/stfranktextiles,https://www.instagram.com/stfranktextiles,https://www.tiktok.com/@stfranktextiles,https://www.stfrank.com
35,También Online,SI,SI,Estados Unidos,Florida,Miami,,Marroquinería,,Consuela,,#ConsuelaStyle #VivaLaFiesta #BrightTotes #ArtisanBags,Envío estándar gratis en compras superiores a $99,https://wa.me/15128949600,https://www.facebook.com/consuelastyle,https://www.instagram.com/consuelastyle,https://www.tiktok.com/@consuelastyle,https://www.consuelastyle.com
36,También Online,SI,SI,Estados Unidos,Texas,San Antonio,,Calzado,,Lucchese Bootmaker,,#Lucchese #HandmadeBoots #TexasHeritage #WesternBoots,Envío terrestre gratis en pedidos mayores a $150,https://wa.me/18885822437,https://www.facebook.com/lucchesebootmaker,https://www.instagram.com/lucchese,https://www.tiktok.com/@lucchese,https://www.lucchese.com
37,Sólo Online,SI,SI,Estados Unidos,Texas,Houston,,Cosmética y cuidado personal,,Camille Rose,,#CamilleRose #CleanBeauty #NaturalHaircare #TexturedHair,15% de descuento al unirte al club de fidelidad,https://wa.me/18884226455,https://www.facebook.com/camillerosenaturals,https://www.instagram.com/camillerosenaturals,https://www.tiktok.com/@camillerosenaturals,https://www.camillerose.com
38,También Online,SI,SI,Estados Unidos,Florida,Miami,,Joyería y accesorios,,Miansai,,#Miansai #MinimalistJewelry #CuffBracelets #ModernJewelry,10% de descuento en tu primera compra con registro,https://wa.me/13054004632,https://www.facebook.com/miansai,https://www.instagram.com/miansai,https://www.tiktok.com/@miansai,https://www.miansai.com
39,También Online,SI,SI,Estados Unidos,California,San Diego,,Moda,,Vuori,,#VuoriClothing #PerformanceApparel #ActiveLiving #CoastalStyle,20% de descuento en tu primera compra con registro,https://wa.me/18448807400,https://www.facebook.com/VuoriClothing,https://www.instagram.com/vuoriclothing,https://www.tiktok.com/@vuoriclothing,https://www.vuoriclothing.com
40,También Online,SI,SI,Estados Unidos,Texas,Houston,,Joyería y accesorios,,Christina Greene,,#ChristinaGreene #GenuineStones #TurquoiseJewelry #SouthernLuxe,15% de descuento al suscribirte al newsletter,https://wa.me/18328039300,https://www.facebook.com/christinagreenejewelry,https://www.instagram.com/christinagreenejewelry,https://www.tiktok.com/@christinagreenejewelry,https://www.christina-greene.com
41,También Online,SI,SI,Estados Unidos,Florida,Miami,,Calzado,,Flor de María,,#FlordeMariaShoes #LuxuryHeels #LatinaDesigner #StatementShoes,10% de descuento en tu primer par de tacones,https://wa.me/17867631102,https://www.facebook.com/flordemariacollection,https://www.instagram.com/flordemariacollection,https://www.tiktok.com/@flordemariacollection,https://www.flordemariacollection.com
42,También Online,SI,SI,Estados Unidos,Texas,Dallas,,Moda,,Mi Golondrina,,#MiGolondrina #HandmadeEmbroidery #MexicanArtisans #BohoChic,10% de descuento al unirte a la lista de correos,https://wa.me/12142700414,https://www.facebook.com/migolondrina,https://www.instagram.com/migolondrina,https://www.tiktok.com/@migolondrina,https://www.migolondrina.com
43,Sólo Online,SI,SI,Estados Unidos,Florida,Tampa,,Cosmética y cuidado personal,,Bomba Curls,,#BombaCurls #DominicanBeauty #CurlyHairCare #CleanHaircare,15% de descuento en tu primer pedido con email,https://wa.me/18134449088,https://www.facebook.com/bombacurls,https://www.instagram.com/bombacurls,https://www.tiktok.com/@bombacurls,https://www.bombacurls.com
44,También Online,SI,SI,Estados Unidos,Texas,Houston,,Moda infantil,,Maisonette,,#Maisonette #KidsFashion #BabyBoutique #ChicKids,10% de descuento en tu primera compra al registrarte,https://wa.me/18446247663,https://www.facebook.com/maisonetteworld,https://www.instagram.com/maisonetteworld,https://www.tiktok.com/@maisonetteworld,https://www.maisonette.com
45,También Online,SI,SI,Estados Unidos,Florida,Miami,,Cosmética y cuidado personal,,Alamar Cosmetics,,#AlamarCosmetics #LatinaBeauty #CrueltyFree #ColorCosmetics,10% de descuento con suscripción al boletín oficial,https://wa.me/17865293344,https://www.facebook.com/alamarcosmetics,https://www.instagram.com/alamarcosmetics,https://www.tiktok.com/@alamarcosmetics,https://www.alamarcosmetics.com
46,También Online,SI,SI,Estados Unidos,California,San Francisco,,Decoración del hogar,,Lulu and Georgia,,#LuluAndGeorgia #HomeDecor #ModernInterior #BohoRug,10% de descuento al unirte al club de clientes,https://wa.me/18555445284,https://www.facebook.com/luluandgeorgia,https://www.instagram.com/luluandgeorgia,https://www.tiktok.com/@luluandgeorgia,https://www.luluandgeorgia.com
47,También Online,SI,SI,Estados Unidos,Texas,Austin,,Moda,,Miranda Bennett Studio,,#MirandaBennett #PlantDyed #EthicalFashion #SlowClothing,10% de descuento al suscribirte al boletín digital,https://wa.me/15124336573,https://www.facebook.com/mirandabennettstudio,https://www.instagram.com/mirandabennettstudio,https://www.tiktok.com/@mirandabennettstudio,https://www.mirandabennettstudio.com
48,Sólo Online,SI,SI,Estados Unidos,Florida,Orlando,,Cosmética y cuidado personal,,Reina Rebelde,,#ReinaRebelde #BoldBeauty #LatinaOwned #DualFinish,20% de descuento al unirte al squad VIP,https://wa.me/14078903344,https://www.facebook.com/reinarebelde,https://www.instagram.com/reinarebelde,https://www.tiktok.com/@reinarebelde,https://www.reinarebelde.com
49,También Online,SI,SI,Estados Unidos,Texas,Houston,,Moda infantil,,Monica + Andy,,#MonicaAndAndy #GOTSOrganic #NewbornEssentials #BabyClothing,20% de descuento en el primer pedido online,https://wa.me/17736977474,https://www.facebook.com/monicaandandy,https://www.instagram.com/monicaandandy,https://www.tiktok.com/@monicaandandy,https://www.monicaandandy.com
50,También Online,SI,SI,Estados Unidos,Texas,Houston,,Moda,,Mille,,#ShopMille #BohoChic #SummerDresses #BoutiqueStyle,10% de descuento al suscribirte al newsletter,https://wa.me/16122081559,https://www.facebook.com/shopmille,https://www.instagram.com/shopmille,https://www.tiktok.com/@shopmille,https://www.shopmille.com